-- MySQL dump 10.13  Distrib 8.0.41, for Win64 (x86_64)
--
-- Host: localhost    Database: examapplication
-- ------------------------------------------------------
-- Server version	8.0.41

/*!40101 SET @OLD_CHARACTER_SET_CLIENT=@@CHARACTER_SET_CLIENT */;
/*!40101 SET @OLD_CHARACTER_SET_RESULTS=@@CHARACTER_SET_RESULTS */;
/*!40101 SET @OLD_COLLATION_CONNECTION=@@COLLATION_CONNECTION */;
/*!50503 SET NAMES utf8 */;
/*!40103 SET @OLD_TIME_ZONE=@@TIME_ZONE */;
/*!40103 SET TIME_ZONE='+00:00' */;
/*!40014 SET @OLD_UNIQUE_CHECKS=@@UNIQUE_CHECKS, UNIQUE_CHECKS=0 */;
/*!40014 SET @OLD_FOREIGN_KEY_CHECKS=@@FOREIGN_KEY_CHECKS, FOREIGN_KEY_CHECKS=0 */;
/*!40101 SET @OLD_SQL_MODE=@@SQL_MODE, SQL_MODE='NO_AUTO_VALUE_ON_ZERO' */;
/*!40111 SET @OLD_SQL_NOTES=@@SQL_NOTES, SQL_NOTES=0 */;

--
-- Table structure for table `exam_results`
--

DROP TABLE IF EXISTS `exam_results`;
/*!40101 SET @saved_cs_client     = @@character_set_client */;
/*!50503 SET character_set_client = utf8mb4 */;
CREATE TABLE `exam_results` (
  `result_id` int NOT NULL AUTO_INCREMENT,
  `exam_id` int DEFAULT NULL,
  `user_id` int DEFAULT NULL,
  `total_marks` int NOT NULL,
  `obtained_marks` double NOT NULL,
  `percentage` double NOT NULL,
  `passed` tinyint(1) DEFAULT NULL,
  `completed_at` datetime DEFAULT CURRENT_TIMESTAMP,
  PRIMARY KEY (`result_id`),
  KEY `exam_id` (`exam_id`),
  KEY `user_id` (`user_id`),
  CONSTRAINT `exam_results_ibfk_1` FOREIGN KEY (`exam_id`) REFERENCES `exams` (`exam_id`) ON DELETE CASCADE,
  CONSTRAINT `exam_results_ibfk_2` FOREIGN KEY (`user_id`) REFERENCES `users` (`user_id`) ON DELETE CASCADE
) ENGINE=InnoDB AUTO_INCREMENT=11 DEFAULT CHARSET=utf8mb4 COLLATE=utf8mb4_0900_ai_ci;
/*!40101 SET character_set_client = @saved_cs_client */;

--
-- Dumping data for table `exam_results`
--

LOCK TABLES `exam_results` WRITE;
/*!40000 ALTER TABLE `exam_results` DISABLE KEYS */;
INSERT INTO `exam_results` VALUES (1,4,7,20,1,5,0,'2025-07-10 00:06:47'),(2,3,7,20,14,70,1,'2025-07-10 00:12:02'),(3,2,7,20,14,70,1,'2025-07-10 02:44:45'),(4,2,9,20,15,75,1,'2025-07-10 03:26:47'),(5,1,4,20,0,0,0,'2025-07-14 00:57:24'),(6,1,4,20,0,0,0,'2025-07-14 00:58:37'),(7,1,4,20,0,0,0,'2025-07-14 00:59:42'),(8,3,4,20,1,5,0,'2025-07-14 01:14:51'),(9,5,4,20,0,0,0,'2025-07-14 01:33:17'),(10,3,4,20,0,0,0,'2025-07-14 02:36:18');
/*!40000 ALTER TABLE `exam_results` ENABLE KEYS */;
UNLOCK TABLES;

--
-- Table structure for table `exam_subtopic_distribution`
--

DROP TABLE IF EXISTS `exam_subtopic_distribution`;
/*!40101 SET @saved_cs_client     = @@character_set_client */;
/*!50503 SET character_set_client = utf8mb4 */;
CREATE TABLE `exam_subtopic_distribution` (
  `id` int NOT NULL AUTO_INCREMENT,
  `exam_id` int NOT NULL,
  `subtopic_id` int NOT NULL,
  `subtopic_percentage` double NOT NULL,
  `basic_percentage` double NOT NULL,
  `intermediate_percentage` double NOT NULL,
  `advance_percentage` double NOT NULL,
  PRIMARY KEY (`id`),
  KEY `exam_id` (`exam_id`),
  KEY `subtopic_id` (`subtopic_id`),
  CONSTRAINT `exam_subtopic_distribution_ibfk_1` FOREIGN KEY (`exam_id`) REFERENCES `exams` (`exam_id`),
  CONSTRAINT `exam_subtopic_distribution_ibfk_2` FOREIGN KEY (`subtopic_id`) REFERENCES `subtopics` (`subtopic_id`)
) ENGINE=InnoDB AUTO_INCREMENT=26 DEFAULT CHARSET=utf8mb4 COLLATE=utf8mb4_0900_ai_ci;
/*!40101 SET character_set_client = @saved_cs_client */;

--
-- Dumping data for table `exam_subtopic_distribution`
--

LOCK TABLES `exam_subtopic_distribution` WRITE;
/*!40000 ALTER TABLE `exam_subtopic_distribution` DISABLE KEYS */;
INSERT INTO `exam_subtopic_distribution` VALUES (1,1,1,20,30,20,50),(2,1,2,40,20,20,60),(3,1,3,20,50,30,20),(4,1,4,10,30,30,40),(5,1,5,10,20,20,60),(6,2,6,30,20,20,60),(7,2,7,20,40,20,40),(8,2,8,10,20,10,70),(9,2,9,10,30,40,30),(10,2,10,30,50,20,30),(11,3,11,30,20,30,50),(12,3,12,20,40,40,20),(13,3,13,15,20,30,50),(14,3,14,15,40,40,20),(15,3,15,20,30,30,40),(16,4,16,20,40,40,20),(17,4,17,20,30,30,40),(18,4,18,30,20,20,60),(19,4,19,15,30,30,40),(20,4,20,15,15,15,70),(21,5,1,30,30,50,20),(22,5,2,10,30,30,40),(23,5,3,20,20,20,60),(24,5,4,20,30,30,40),(25,5,5,20,50,25,25);
/*!40000 ALTER TABLE `exam_subtopic_distribution` ENABLE KEYS */;
UNLOCK TABLES;

--
-- Table structure for table `exams`
--

DROP TABLE IF EXISTS `exams`;
/*!40101 SET @saved_cs_client     = @@character_set_client */;
/*!50503 SET character_set_client = utf8mb4 */;
CREATE TABLE `exams` (
  `exam_id` int NOT NULL AUTO_INCREMENT,
  `title` varchar(255) NOT NULL,
  `description` text,
  `start_time` date DEFAULT NULL,
  `end_time` date DEFAULT NULL,
  `duration` int DEFAULT NULL,
  `subject_id` int DEFAULT NULL,
  `exam_status` enum('SCHEDULED','ONGOING','COMPLETED') DEFAULT 'SCHEDULED',
  `created_at` datetime DEFAULT CURRENT_TIMESTAMP,
  `total_questions` int DEFAULT NULL,
  `created_by` int DEFAULT NULL,
  PRIMARY KEY (`exam_id`),
  KEY `subject_id` (`subject_id`),
  KEY `created_by` (`created_by`),
  CONSTRAINT `exams_ibfk_1` FOREIGN KEY (`subject_id`) REFERENCES `subjects` (`subject_id`) ON DELETE CASCADE,
  CONSTRAINT `exams_ibfk_2` FOREIGN KEY (`created_by`) REFERENCES `users` (`user_id`) ON DELETE CASCADE
) ENGINE=InnoDB AUTO_INCREMENT=6 DEFAULT CHARSET=utf8mb4 COLLATE=utf8mb4_0900_ai_ci;
/*!40101 SET character_set_client = @saved_cs_client */;

--
-- Dumping data for table `exams`
--

LOCK TABLES `exams` WRITE;
/*!40000 ALTER TABLE `exams` DISABLE KEYS */;
INSERT INTO `exams` VALUES (1,'C Programming Evaluation Exam','This exam is intended to assess knowledge of procedural programming using C. It includes hands-on problems involving pointers, recursion, and memory access. Questions range from basic syntax to memory layout and file operations in C.','2025-06-20','2025-07-15',20,1,'ONGOING','2025-06-17 00:31:44',20,3),(2,'Python Fundamentals Exam','This exam evaluates your understanding of core Python syntax and problem-solving using Python. It includes MCQs, coding snippets, and case-based questions on real-world Python applications. Topics include OOP, functions, file handling, and control flow.','2025-06-18','2025-07-15',20,2,'ONGOING','2025-06-18 01:42:48',20,3),(3,'Java Core Concepts Exam','This exam assesses the proficiency in Java programming fundamentals, including exception handling, OOP principles, and usage of collection APIs. It includes scenario-based coding questions and conceptual MCQs.','2025-07-01','2025-07-31',20,3,'ONGOING','2025-07-01 05:55:04',20,3),(4,'Devops','The DevOps Examination is structured to test your practical understanding of tools, workflows, and real-world implementation scenarios in modern DevOps environments.','2025-07-09','2025-07-26',20,4,'ONGOING','2025-07-09 07:40:18',20,3),(5,'c language','C language exam which covers basics to advance topics','2025-07-14','2025-07-31',20,1,'ONGOING','2025-07-14 01:30:22',20,3);
/*!40000 ALTER TABLE `exams` ENABLE KEYS */;
UNLOCK TABLES;

--
-- Table structure for table `menu`
--

DROP TABLE IF EXISTS `menu`;
/*!40101 SET @saved_cs_client     = @@character_set_client */;
/*!50503 SET character_set_client = utf8mb4 */;
CREATE TABLE `menu` (
  `menu_id` int NOT NULL AUTO_INCREMENT,
  `name` varchar(255) DEFAULT NULL,
  `url` varchar(255) DEFAULT NULL,
  `style` varchar(255) DEFAULT NULL,
  PRIMARY KEY (`menu_id`)
) ENGINE=InnoDB AUTO_INCREMENT=12 DEFAULT CHARSET=utf8mb4 COLLATE=utf8mb4_0900_ai_ci;
/*!40101 SET character_set_client = @saved_cs_client */;

--
-- Dumping data for table `menu`
--

LOCK TABLES `menu` WRITE;
/*!40000 ALTER TABLE `menu` DISABLE KEYS */;
INSERT INTO `menu` VALUES (1,'Manage Users','manageUsers',''),(2,'Subjects Management','',''),(3,'Manage Exams','manageExams',''),(4,'Manage Subjects','viewSubjects',''),(5,'Manage SubTopics','subTopics',''),(6,'Manage Exams','manageExams',''),(7,'Track Exam Results','trackExam',''),(8,'Dashboard','studentDashboard',''),(9,'All Exams','exams',''),(10,'My Exams','myExams',''),(11,'My Certificates','myCertificates','');
/*!40000 ALTER TABLE `menu` ENABLE KEYS */;
UNLOCK TABLES;

--
-- Table structure for table `question_options`
--

DROP TABLE IF EXISTS `question_options`;
/*!40101 SET @saved_cs_client     = @@character_set_client */;
/*!50503 SET character_set_client = utf8mb4 */;
CREATE TABLE `question_options` (
  `option_id` int NOT NULL AUTO_INCREMENT,
  `question_id` int DEFAULT NULL,
  `option_text` varchar(255) NOT NULL,
  `is_correct` tinyint(1) DEFAULT '0',
  PRIMARY KEY (`option_id`),
  KEY `question_id` (`question_id`),
  CONSTRAINT `question_options_ibfk_1` FOREIGN KEY (`question_id`) REFERENCES `questions` (`question_id`) ON DELETE CASCADE
) ENGINE=InnoDB AUTO_INCREMENT=1000 DEFAULT CHARSET=utf8mb4 COLLATE=utf8mb4_0900_ai_ci;
/*!40101 SET character_set_client = @saved_cs_client */;

--
-- Dumping data for table `question_options`
--

LOCK TABLES `question_options` WRITE;
/*!40000 ALTER TABLE `question_options` DISABLE KEYS */;
INSERT INTO `question_options` VALUES (1,1,'int',1),(2,1,'float',0),(3,1,'string',0),(4,1,'decimal',0),(5,2,'Returns the value of a variable',0),(6,2,'Returns the size of a variable',1),(7,2,'Returns the address of a variable',0),(8,2,'Returns the length of a string',0),(9,3,'4.0',0),(10,3,'4.5',0),(11,3,'Error',1),(12,3,'5.0',0),(13,4,'==',1),(14,4,'!=',1),(15,4,'>=',0),(16,4,'>',0),(17,5,'Division',1),(18,5,'Modulus',1),(19,5,'Multiplication',0),(20,5,'Addition',0),(21,6,'*',0),(22,6,'+',0),(23,6,'/',0),(24,6,'=',1),(25,7,'5.0',0),(26,7,'6.0',1),(27,7,'4.0',0),(28,7,'Error',0),(29,8,'14.0',1),(30,8,'20.0',0),(31,8,'10.0',0),(32,8,'12.0',0),(33,9,'5.0',0),(34,9,'6.0',1),(35,9,'2.0',0),(36,9,'1.0',0),(37,10,'4.0',1),(38,10,'2.0',0),(39,10,'8.0',0),(40,10,'16.0',0),(41,11,'switch',1),(42,11,'case',0),(43,11,'continue',0),(44,11,'break',0),(45,12,'To exit the loop',0),(46,12,'To skip the current iteration',1),(47,12,'To jump to the next iteration',0),(48,12,'To stop the program',0),(49,13,'for',0),(50,13,'while',0),(51,13,'loop',1),(52,13,'do-while',0),(53,14,'0, 1, 2, 3, 4',1),(54,14,'1, 2, 3, 4, 5',1),(55,14,'0, 1, 2, 3, 4, 5',0),(56,14,'1, 2, 3, 4',0),(57,15,'Loop will terminate early',1),(58,15,'Code after loop will execute',1),(59,15,'Next iteration will run',0),(60,15,'Compiler error',0),(61,16,'for(;;)',1),(62,16,'while(1)',1),(63,16,'while(0)',0),(64,16,'do-while(0)',0),(65,17,'12.0',0),(66,17,'123.0',0),(67,17,'0, 1, 2',1),(68,17,'1, 2, 3',0),(69,18,'10, 9, 8, 7...1',1),(70,18,'10, 9, 8, 7, 6',0),(71,18,'9, 8, 7, 6, 5',0),(72,18,'Error',0),(73,19,'0 1 2 3 4',1),(74,19,'1 2 3 4 5',0),(75,19,'1 2 3 4',0),(76,19,'0 1 2 3',0),(77,20,'Yes',1),(78,20,'No',0),(79,20,'Error',0),(80,20,'None',0),(81,21,'void function()',0),(82,21,'int function(void)',1),(83,21,'function int()',0),(84,21,'void func(int)',0),(85,22,'call function()',0),(86,22,'function()',1),(87,22,'call() function',0),(88,22,'function call()',0),(89,23,'Terminates a program',0),(90,23,'Exits a function',0),(91,23,'Returns a value from the function',1),(92,23,'Returns a string',0),(93,24,'void func()',0),(94,24,'void func(int a)',1),(95,24,'int func(void)',0),(96,24,'void func(int, int)',1),(97,25,'int',1),(98,25,'void',0),(99,25,'float',0),(100,25,'double',0),(101,26,'void func();',1),(102,26,'void func(int, int);',1),(103,26,'void func(int);',0),(104,26,'int add(int, int);',0),(105,27,'Product of a and b',1),(106,27,'Error',0),(107,27,'Sum of a and b',0),(108,27,'Incorrect',0),(109,28,'void function()',1),(110,28,'int function()',0),(111,28,'function(void)',0),(112,28,'function()',0),(113,29,'10.0',0),(114,29,'15.0',1),(115,29,'5.0',0),(116,29,'Error',0),(117,30,'7.0',1),(118,30,'3.0',0),(119,30,'4.0',0),(120,30,'Error',0),(121,31,'Declares a pointer',0),(122,31,'Dereferences a pointer',1),(123,31,'Defines a variable',0),(124,31,'Creates an array',0),(125,32,'Declares a pointer',0),(126,32,'Returns address of variable',1),(127,32,'Assigns value to variable',0),(128,32,'Points to a memory address',0),(129,33,'A pointer can be assigned a value',0),(130,33,'A pointer points to a variable\'s address',1),(131,33,'Pointers can only store integers',0),(132,33,'Pointers cannot be dereferenced',0),(133,34,'10.0',1),(134,34,'a',0),(135,34,'Address of a',0),(136,34,'Error',0),(137,35,'It gives a runtime error',1),(138,35,'It prints NULL',0),(139,35,'It points to the first memory address',0),(140,35,'It has no effect',0),(141,36,'malloc()',1),(142,36,'alloc()',0),(143,36,'calloc()',1),(144,36,'new()',0),(145,37,'Allocates memory for an int',1),(146,37,'Allocates memory for an array',0),(147,37,'Allocates memory for a pointer',0),(148,37,'Free memory',0),(149,38,'5.0',0),(150,38,'10.0',1),(151,38,'Error',0),(152,38,'None',0),(153,39,'100.0',0),(154,39,'A memory address',1),(155,39,'0x0',0),(156,39,'Error',0),(157,40,'free()',1),(158,40,'deallocate()',0),(159,40,'delete()',0),(160,40,'dispose()',0),(161,41,'Groups related variables',1),(162,41,'Declares a new variable',0),(163,41,'Defines an array',0),(164,41,'None of the above',0),(165,42,'Using the dot operator',1),(166,42,'Using the arrow operator',0),(167,42,'Using the index operator',0),(168,42,'Using the underscore operator',0),(169,43,'A type that can store different data types',0),(170,43,'A pointer to a data structure',0),(171,43,'A type that can store only one data type at a time',1),(172,43,'An array of structs',0),(173,44,'Declares a struct with ID and name',1),(174,44,'Allocates memory for Student',0),(175,44,'Accesses the members directly',1),(176,44,'Error',0),(177,45,'25.0',1),(178,45,'0.0',0),(179,45,'Error',0),(180,45,'None',0),(181,46,'struct Person {int age;};',1),(182,46,'Person structure {int age;}',0),(183,46,'struct Person;',0),(184,46,'type Person;',0),(185,47,'1 2',1),(186,47,'2 1',0),(187,47,'Error',0),(188,47,'None',0),(189,48,'20 A',0),(190,48,'65 A',1),(191,48,'10 65',0),(192,48,'Error',0),(193,49,'Previous value is overwritten',1),(194,49,'Previous value is retained',0),(195,49,'Value is lost',0),(196,49,'None',0),(197,50,'Structures hold multiple data types, unions hold one at a time',1),(198,50,'Unions hold multiple data types, structures hold one at a time',0),(199,50,'Both hold the same data',0),(200,50,'None',0),(201,51,'2.0',1),(202,51,'2.5',0),(203,51,'3.0',0),(204,51,'5.0',0),(205,52,'1st_var',0),(206,52,'1var',0),(207,52,'var_1',1),(208,52,'var!',0),(209,53,'size()',0),(210,53,'length()',0),(211,53,'len()',1),(212,53,'count()',0),(213,54,'my_list = [1, 2, 3]',1),(214,54,'my_list = list(1, 2, 3)',0),(215,54,'my_list = (1, 2, 3)',0),(216,54,'my_list = [1, 2, 3]',1),(217,55,'t = (1, 2, 3)',1),(218,55,'t = [1, 2, 3]',0),(219,55,'t = (1, 2)',1),(220,55,'t = (1, 2, 3, )',1),(221,56,'for key in dict:',1),(222,56,'for value in dict:',0),(223,56,'for item in dict.items():',1),(224,56,'for key, value in dict.items():',1),(225,57,'[1, 2, 3, 4, 5]',1),(226,57,'[1, 2, 3, 5]',0),(227,57,'[1, 2, 3, 4]',0),(228,57,'Error',0),(229,58,'sum([1, 2, 3])',0),(230,58,'reduce(sum, [1, 2, 3])',0),(231,58,'sum([1, 2, 3], 0)',1),(232,58,'sum(1, 2, 3)',0),(233,59,'d = {\"key\": \"value\"}',1),(234,59,'d = (key=\"value\")',0),(235,59,'d = {key: value}',0),(236,59,'d = [key=\"value\"]',0),(237,60,'set(list)',0),(238,60,'list(set(list))',1),(239,60,'list(list)',0),(240,60,'list.sort()',0),(241,61,'Hello',1),(242,61,'None',0),(243,61,'Error',0),(244,61,'true',0),(245,62,'elif',1),(246,62,'else if',0),(247,62,'else',0),(248,62,'elseif',0),(249,63,'true',1),(250,63,'false',0),(251,63,'None',0),(252,63,'Error',0),(253,64,'for',1),(254,64,'foreach',0),(255,64,'while',1),(256,64,'do while',0),(257,65,'break terminates the loop',1),(258,65,'continue skips the loop iteration',1),(259,65,'continue breaks the loop',0),(260,65,'break skips the loop iteration',0),(261,66,'==',1),(262,66,'!=',1),(263,66,'<=',1),(264,66,'++',0),(265,67,'1 2 3 4',1),(266,67,'1 2 3 4 5',0),(267,67,'1 2 3',0),(268,67,'Error',0),(269,68,'while i < 10: print(i)',0),(270,68,'while i <= 10: print(i)',1),(271,68,'for i in range(1, 10): print(i)',0),(272,68,'for i in range(1, 11): print(i)',0),(273,69,'if num % 2 == 0: print(\"Even\")',1),(274,69,'if num % 2 != 0: print(\"Odd\")',0),(275,69,'if num / 2 == 0: print(\"Even\")',0),(276,69,'if num % 2 == 1: print(\"Odd\")',0),(277,70,'while x < 10: x += 1',0),(278,70,'while x <= 10: x += 1',0),(279,70,'while x < 11: x += 1',1),(280,70,'while x == 10: x += 1',0),(281,71,'It can have a return value',1),(282,71,'It does not require arguments',0),(283,71,'It can only be called once',0),(284,71,'It cannot have default arguments',0),(285,72,'None',1),(286,72,'0.0',0),(287,72,'false',0),(288,72,'undefined',0),(289,73,'function func()',0),(290,73,'def func()',1),(291,73,'func()',0),(292,73,'def function()',0),(293,74,'Positional arguments',1),(294,74,'Default arguments',1),(295,74,'Variable-length arguments',1),(296,74,'Global variables',0),(297,75,'*args',1),(298,75,'**kwargs',1),(299,75,'*kwargs',0),(300,75,'**args',0),(301,76,'Integer',1),(302,76,'String',1),(303,76,'List',1),(304,76,'Dictionary',1),(305,77,'5.0',1),(306,77,'23.0',0),(307,77,'None',0),(308,77,'2 3',0),(309,78,'def square(x): return x ** 2',1),(310,78,'def square(x): return x * x',0),(311,78,'def square(x): x ** 2',0),(312,78,'def square(x): x = x ** 2',0),(313,79,'def factorial(n): return n * factorial(n - 1)',0),(314,79,'def factorial(n): return n!',0),(315,79,'def factorial(n): return n * factorial(n-1) if n > 1 else 1',1),(316,79,'def factorial(n): return n * factorial(n + 1)',0),(317,80,'def is_prime(n): for i in range(2, n): if n % i == 0: return False; return True',1),(318,80,'def is_prime(n): for i in range(2, n+1): if n % i == 0: return False; return True',0),(319,80,'def is_prime(n): return True if n % 2 == 0',0),(320,80,'def is_prime(n): return n > 1',0),(321,81,'Classes define the blueprint of objects',1),(322,81,'Python supports multiple inheritance',1),(323,81,'Python doesn\'t support encapsulation',0),(324,81,'Python doesn\'t support polymorphism',0),(325,82,'To define a class method',0),(326,82,'To initialize an object',1),(327,82,'To create class variables',0),(328,82,'To inherit class properties',0),(329,83,'class SubClass(BaseClass):',1),(330,83,'class SubClass inherits BaseClass:',0),(331,83,'class SubClass(BaseClass){}',0),(332,83,'class SubClass(BaseClass): pass',0),(333,84,'Inheritance',1),(334,84,'Encapsulation',1),(335,84,'Polymorphism',1),(336,84,'Overloading',0),(337,85,'A subclass inherits properties from a superclass',1),(338,85,'A subclass can only inherit one superclass',0),(339,85,'A subclass can override superclass methods',1),(340,85,'A subclass cannot add new methods',0),(341,86,'Toyota',1),(342,86,'Car',0),(343,86,'None',0),(344,86,'Error',0),(345,87,'class Person: def __init__(self, name, age): self.name = name; self.age = age; def greet(self): print(f\"Hello, {self.name}\")',1),(346,87,'class Person: def __init__(self, name, age): self.name = name; self.age = age; def greet(self): return f\"Hello, {self.name}\"',0),(347,87,'class Person: def __init__(self, name, age): self.name = name; self.age = age; def greet(self): print(\"Hello, {name}\")',0),(348,87,'class Person: def __init__(self, name, age): self.name = name; self.age = age',0),(349,88,'class Circle: def __init__(self, radius): self.radius = radius; def area(self): return 3.14 * self.radius ** 2',1),(350,88,'class Circle: def __init__(self, radius): self.radius = radius; def area(self): return pi * self.radius ** 2',0),(351,88,'class Circle: def __init__(self, radius): self.radius = radius; def area(self): return 2 * 3.14 * self.radius',0),(352,88,'class Circle: def __init__(self, radius): self.radius = radius; def area(self): return 4 * 3.14 * self.radius',0),(353,89,'class Employee: def __init__(self, name, salary): self.name = name; self.salary = salary; def get_salary(self): return self.salary',1),(354,89,'class Employee: def __init__(self, name, salary): self.name = name; self.salary = salary; def get_name(self): return self.name',0),(355,89,'class Employee: def __init__(self, name, salary): self.name = name; def get_salary(self): return self.salary',0),(356,89,'class Employee: def __init__(self, name, salary): self.salary = salary; def get_name(self): return self.name',0),(357,90,'class Book: def __init__(self, title, author, price): self.title = title; self.author = author; self.price = price',1),(358,90,'class Book: def __init__(self, title, author, price): self.title = title; self.author = author',0),(359,90,'class Book: def __init__(self, title, price): self.title = title; self.price = price',0),(360,90,'class Book: def __init__(self, title, author): self.title = title; self.author = author',0),(361,91,'w',1),(362,91,'r',0),(363,91,'a',0),(364,91,'rb',0),(365,92,'Raises FileNotFoundError',1),(366,92,'Raises IOError',0),(367,92,'Returns an empty string',0),(368,92,'Raises EOFError',0),(369,93,'\"Hello\"',1),(370,93,'None',0),(371,93,'Error',0),(372,93,'\"test.txt\"',0),(373,94,'r',1),(374,94,'w',1),(375,94,'rw',0),(376,94,'a',1),(377,95,'Files are opened using open() function',1),(378,95,'File objects are closed using close() method',1),(379,95,'Files can only be opened in read-only mode',0),(380,95,'File mode must always be r',0),(381,96,'It opens the file for writing',1),(382,96,'It creates a new file if it doesn\'t exist',1),(383,96,'It truncates the file to zero length',1),(384,96,'It reads the file\'s content',0),(385,97,'with open(\"file.txt\", \"r\") as f: print(f.read())',1),(386,97,'open(\"file.txt\", \"r\") print(f.read())',0),(387,97,'with open(\"file.txt\") as f: print(f)',0),(388,97,'open(\"file.txt\") print(f.read())',0),(389,98,'with open(\"file.txt\", \"a\") as f: f.write(\"new line\")',1),(390,98,'open(\"file.txt\", \"w\") as f: f.write(\"new line\")',0),(391,98,'with open(\"file.txt\", \"r\") as f: f.append(\"new line\")',0),(392,98,'open(\"file.txt\", \"a\") f.write(\"new line\")',0),(393,99,'with open(\"file.txt\", \"r\") as f: for line in f: print(line)',1),(394,99,'with open(\"file.txt\") as f: for line in f: print(line)',0),(395,99,'open(\"file.txt\", \"r\") as f: for line in f: print(line)',0),(396,99,'open(\"file.txt\", \"r\") as f: print(f.readline())',0),(397,100,'import os; if os.path.exists(\"file.txt\"): open(\"file.txt\", \"r\")',1),(398,100,'if file.txt.exists(): open(file.txt, \"r\")',0),(399,100,'if file.exists(\"file.txt\"): open(\"file.txt\", \"r\")',0),(400,100,'import os; open(\"file.txt\", \"r\")',0),(401,101,'0.0',1),(402,101,'null',0),(403,101,'false',0),(404,101,'0.0',0),(405,102,'int',0),(406,102,'float',0),(407,102,'bool',1),(408,102,'double',0),(409,103,'const',0),(410,103,'final',1),(411,103,'constant',0),(412,103,'static',0),(413,104,'15Hello',1),(414,104,'Hello15',1),(415,104,'510Hello',0),(416,104,'5Hello10',0),(417,105,'It compares values of primitives',1),(418,105,'It compares references of objects',1),(419,105,'It checks if two objects are identical',0),(420,105,'It compares both value and reference',0),(421,106,'//',1),(422,106,'/* */',0),(423,106,'#',0),(424,107,'4.0',0),(425,107,'5.0',1),(426,107,'6.0',0),(427,107,'7.0',0),(428,108,'10.0',0),(429,108,'55.0',1),(430,108,'5.0',0),(431,108,'Error',0),(432,109,'&',0),(433,109,'+',1),(434,109,'*',0),(435,109,'.',0),(436,110,'const int MAX = 100;',0),(437,110,'final int MAX = 100;',1),(438,110,'int MAX = 100;',0),(439,110,'MAX = 100;',0),(440,111,'if a > b then {}',0),(441,111,'if a > b { }',0),(442,111,'if a > b',0),(443,111,'if (a > b) {}',1),(444,112,'Hello',1),(445,112,'Bye',0),(446,112,'Error',0),(447,112,'Nothing',0),(448,113,'for loop',0),(449,113,'while loop',0),(450,113,'do-while loop',1),(451,113,'none of the above',0),(452,114,'It terminates the loop immediately',1),(453,114,'It skips the remaining code in the loop',0),(454,114,'It skips the current iteration',0),(455,114,'It is used to terminate switch statements',1),(456,115,'i becomes 10',1),(457,115,'The loop executes 5 times',0),(458,115,'The loop runs indefinitely',0),(459,115,'i becomes 9',0),(460,116,'0 1 2',1),(461,116,'1 2 3',0),(462,116,'5 6 7',0),(463,116,'Error',0),(464,117,'0 1 2',1),(465,117,'1 2 3',0),(466,117,'Error',0),(467,117,'Infinite loop',0),(468,118,'It stops the loop',0),(469,118,'It skips the current iteration and continues with the next iteration',1),(470,118,'It terminates the loop',0),(471,118,'It causes an infinite loop',0),(472,119,'0 1 2',1),(473,119,'0 1 2 3',0),(474,119,'0 1 2 3 4',0),(475,119,'Error',0),(476,120,'1 2 3',1),(477,120,'2 3 4',0),(478,120,'0 1 2',0),(479,120,'Error',0),(480,121,'class ClassName {}',1),(481,121,'class: ClassName {}',0),(482,121,'Class className() {}',0),(483,121,'class: className;',0),(484,122,'It refers to the current object',1),(485,122,'It refers to the superclass object',0),(486,122,'It is used to initialize variables',0),(487,122,'It references static variables',0),(488,123,'size()',0),(489,123,'length()',1),(490,123,'getLength()',0),(491,123,'getSize()',0),(492,124,'It compiles successfully',1),(493,124,'It will throw a compilation error',0),(494,124,'It needs a constructor with no arguments',0),(495,124,'It creates a reference variable',0),(496,125,'The value of x becomes 20',1),(497,125,'The value of x remains 10',0),(498,125,'The constructor will not execute',0),(499,125,'Compilation error',0),(500,126,'10.0',0),(501,126,'Error',0),(502,126,'It creates a local variable',0),(503,126,'It sets the instance variable x',1),(504,127,'ClassName obj = new ClassName();',1),(505,127,'obj = new ClassName();',0),(506,127,'ClassName obj = ClassName();',0),(507,127,'new ClassName obj();',0),(508,128,'Red',1),(509,128,'Error',0),(510,128,'null',0),(511,128,'nothing',0),(512,129,'It refers to the parent class constructor',1),(513,129,'It refers to the parent class instance variable',0),(514,129,'It is used to initialize class variables',0),(515,129,'It calls the current class constructor',0),(516,130,'Animal Sound',0),(517,130,'Bark',1),(518,130,'Error',0),(519,130,'Compilation issue',0),(520,131,'An exception is an object in Java',1),(521,131,'Exceptions are not handled in Java',0),(522,131,'Runtime exceptions must be declared',0),(523,131,'Java doesn\'t support Exception Handling',0),(524,132,'Exception caught',1),(525,132,'ArithmeticException',0),(526,132,'Error',0),(527,132,'Compilation error',0),(528,133,'RuntimeException',1),(529,133,'Checked Exception',0),(530,133,'Compile-Time Exception',0),(531,133,'AssertionError',0),(532,134,'Hello',1),(533,134,'Exception caught',0),(534,134,'Error',0),(535,134,'Null',0),(536,135,'Arithmetic Exception',1),(537,135,'Exception',0),(538,135,'Nothing',0),(539,135,'Error',0),(540,136,'It is executed always',1),(541,136,'It is used to catch exceptions',0),(542,136,'It is used to throw exceptions',0),(543,136,'It is optional',0),(544,137,'Try Block Finally Block',1),(545,137,'Nothing',0),(546,137,'Compilation error',0),(547,137,'Runtime error',0),(548,138,'`catch (Exception e)`',1),(549,138,'catch (Exception, Error e)',0),(550,138,'catch (Exception & Error e)',0),(551,138,'`catch (ExceptionError)`',0),(552,139,'Error',0),(553,139,'ArrayIndexOutOfBoundsException',1),(554,139,'Exception',0),(555,139,'NullPointerException',0),(556,140,'throw new Exception();',1),(557,140,'throw Exception();',0),(558,140,'throw Exception;',0),(559,140,'new Exception();',0),(560,141,'List interface',1),(561,141,'Set interface',0),(562,141,'Map interface',0),(563,141,'Queue interface',0),(564,142,'add()',1),(565,142,'insert()',0),(566,142,'push()',0),(567,142,'put()',0),(568,143,'It throws an exception',0),(569,143,'It adds the null element',1),(570,143,'It ignores the null element',0),(571,143,'It causes an error',0),(572,144,'HashMap',1),(573,144,'TreeMap',1),(574,144,'ArrayList',0),(575,144,'HashSet',0),(576,145,'remove()',1),(577,145,'delete()',0),(578,145,'pop()',0),(579,145,'clear()',1),(580,146,'get()',1),(581,146,'fetch()',0),(582,146,'retrieve()',0),(583,146,'find()',0),(584,147,'Hello',1),(585,147,'Error',0),(586,147,'null',0),(587,147,'Compilation error',0),(588,148,'One',1),(589,148,'1.0',0),(590,148,'Error',0),(591,148,'null',0),(592,149,'2.0',1),(593,149,'1.0',0),(594,149,'3.0',0),(595,149,'Error',0),(596,150,'true',1),(597,150,'false',0),(598,150,'Error',0),(599,150,'null',0),(600,151,'Increase software release frequency',1),(601,151,'Reduce IT costs',0),(602,151,'Increase manual testing',0),(603,151,'Isolate development teams',0),(604,152,'Continuous Integration',1),(605,152,'Manual deployment',0),(606,152,'Separate development & ops teams',0),(607,152,'Waterfall methodology',0),(608,153,'Plan',0),(609,153,'Deploy',0),(610,153,'Test',1),(611,153,'Release',0),(612,154,'Faster releases',1),(613,154,'Improved collaboration',1),(614,154,'Increased downtime',0),(615,154,'Better quality software',1),(616,155,'Collaboration',1),(617,155,'Automation',1),(618,155,'Siloed teams',0),(619,155,'Continuous feedback',1),(620,156,'Jenkins',1),(621,156,'Docker',1),(622,156,'Eclipse',0),(623,156,'Terraform',1),(624,157,'triggers { pollSCM(\'* * * * *\') }',1),(625,157,'triggers { cron(\'H/5 * * * *\') }',0),(626,157,'triggers { scm(\'H/15 * * * *\') }',0),(627,157,'triggers { gitPush() }',0),(628,158,'if ! command -v docker &> /dev/null; then echo \"Docker not found\"; fi',1),(629,158,'if docker; then echo \"Installed\"; fi',0),(630,158,'`docker --version',0),(631,158,'echo \"Not installed\"`',0),(632,159,'pipeline { agent any; stages { stage(\'Build\') { steps { echo \'Building...\' } } } }',1),(633,159,'pipeline { build \'stage\' }',0),(634,159,'pipeline { steps { build } }',0),(635,159,'pipeline { agent any }',0),(636,160,'Write-Output \"Hello DevOps\"',1),(637,160,'echo \"Hello DevOps\"',0),(638,160,'print(\"Hello DevOps\")',0),(639,160,'console.log(\"Hello DevOps\")',0),(640,161,'git init',1),(641,161,'git start',0),(642,161,'git new',0),(643,161,'git create',0),(644,162,'git add .',1),(645,162,'git commit',0),(646,162,'git stage all',0),(647,162,'git push',0),(648,163,'git log',1),(649,163,'git history',0),(650,163,'git commits',0),(651,163,'git status',0),(652,164,'git branch',1),(653,164,'git checkout',1),(654,164,'git merge',1),(655,164,'git clone',0),(656,165,'git push',1),(657,165,'git pull',1),(658,165,'git fetch',1),(659,165,'git commit',0),(660,166,'Accept incoming changes',1),(661,166,'Accept current changes',1),(662,166,'Delete branch',0),(663,166,'Manually edit files',1),(664,167,'git checkout -b feature1',1),(665,167,'git branch feature1',0),(666,167,'git switch feature1',0),(667,167,'git create feature1',0),(668,168,'git add . && git commit -m \"Update README\"',0),(669,168,'git commit -a \"Update README\"',0),(670,168,'git add . commit \"Update README\"',0),(671,168,'git commit -am \"Update README\"',1),(672,169,'git pull origin master',1),(673,169,'git fetch origin',0),(674,169,'git merge origin/master',0),(675,169,'git clone origin master',0),(676,170,'git branch -d feature1',1),(677,170,'git delete branch feature1',0),(678,170,'git remove feature1',0),(679,170,'git branch -r feature1',0),(680,171,'Continuous Integration',1),(681,171,'Continuous Inspection',0),(682,171,'Continuous Improvement',0),(683,171,'Continuous Infrastructure',0),(684,172,'Jenkins',1),(685,172,'Git',0),(686,172,'Docker',0),(687,172,'Terraform',0),(688,173,'.github/workflows/*.yml',1),(689,173,'Jenkinsfile',0),(690,173,'.gitlab-ci.yml',0),(691,173,'Dockerfile',0),(692,174,'checkout scm',1),(693,174,'sh',1),(694,174,'build',0),(695,174,'script',1),(696,175,'Push to branch',1),(697,175,'Pull request',1),(698,175,'Manual trigger',1),(699,175,'Docker build',0),(700,176,'Build',1),(701,176,'Deploy',1),(702,176,'Run tests',1),(703,176,'Delete repo',0),(704,177,'stage(\'Build\') { steps { sh \'mvn clean install\' } }',1),(705,177,'build(\'mvn\')',0),(706,177,'sh build maven',0),(707,177,'steps { shell \'mvn\' }',0),(708,178,'on: push; jobs: build: runs-on: ubuntu-latest; steps: - run: echo Hello CI/CD',1),(709,178,'on: push; script: echo Hello',0),(710,178,'trigger: push; steps: echo',0),(711,178,'workflow: push; steps: echo',0),(712,179,'archiveArtifacts \'target/*.jar\'',1),(713,179,'archive \'target/*.jar\'',0),(714,179,'saveArtifacts \'*.jar\'',0),(715,179,'storeArtifacts \'target/*.jar\'',0),(716,180,'- uses: actions/checkout@v2',1),(717,180,'- uses: checkout@latest',0),(718,180,'- action: checkout',0),(719,180,'- uses: actions/clone',0),(720,181,'Containerization',1),(721,181,'Virtualization',0),(722,181,'Source code management',0),(723,181,'CI/CD automation',0),(724,182,'docker build',1),(725,182,'docker run',0),(726,182,'docker create',0),(727,182,'docker init',0),(728,183,'docker ps',1),(729,183,'docker ls',0),(730,183,'docker list',0),(731,183,'docker containers',0),(732,184,'FROM',1),(733,184,'RUN',1),(734,184,'COMMIT',0),(735,184,'CMD',1),(736,185,'docker start',1),(737,185,'docker stop',1),(738,185,'docker delete',0),(739,185,'docker rm',1),(740,186,'Kubernetes',1),(741,186,'Docker Swarm',1),(742,186,'Jenkins',0),(743,186,'Terraform',0),(744,187,'FROM ubuntu:latest',1),(745,187,'BASE ubuntu',0),(746,187,'IMAGE ubuntu',0),(747,187,'START ubuntu',0),(748,188,'docker run -p 80:80 myapp',1),(749,188,'docker start -p 80 myapp',0),(750,188,'docker launch myapp -p 80',0),(751,188,'docker create -p 80 myapp',0),(752,189,'COPY app.py /app/',1),(753,189,'ADD app.py /app/',0),(754,189,'MOVE app.py /app/',0),(755,189,'TRANSFER app.py /app/',0),(756,190,'CMD [\"python\", \"app.py\"]',1),(757,190,'RUN python app.py',0),(758,190,'START python app.py',0),(759,190,'EXEC python app.py',0),(760,191,'Infrastructure as Code',1),(761,191,'Integration and Configuration',0),(762,191,'Instance as Code',0),(763,191,'Infrastructure and Control',0),(764,192,'HCL (HashiCorp Configuration Language)',1),(765,192,'YAML',0),(766,192,'JSON',0),(767,192,'XML',0),(768,193,'terraform init',1),(769,193,'terraform start',0),(770,193,'terraform plan',0),(771,193,'terraform apply',0),(772,194,'terraform init',1),(773,194,'terraform plan',1),(774,194,'terraform execute',0),(775,194,'terraform apply',1),(776,195,'resource',1),(777,195,'provider',1),(778,195,'variable',1),(779,195,'stage',0),(780,196,'AWS',1),(781,196,'Azure',1),(782,196,'Docker',1),(783,196,'Jenkins',0),(784,197,'resource \"aws_s3_bucket\" \"b\" { bucket = \"mybucket\" }',1),(785,197,'resource \"aws_s3\" \"bucket\" { name = \"mybucket\" }',0),(786,197,'resource \"s3_bucket\" \"aws\" { bucket = \"mybucket\" }',0),(787,197,'resource \"aws_bucket\" \"s3\" { name = \"mybucket\" }',0),(788,198,'variable \"region\" { type = string default = \"us-east-1\" }',1),(789,198,'var region = \"us-east-1\"',0),(790,198,'variable \"region\" = \"us-east-1\"',0),(791,198,'var \"region\" { default = \"us-east-1\" }',0),(792,199,'output \"bucket_name\" { value = aws_s3_bucket.b.bucket }',1),(793,199,'output \"bucket_name\" { value = \"b.bucket\" }',0),(794,199,'output \"bucket\" { value = aws_s3_bucket.bucket }',0),(795,199,'output \"bucket_name\" { value = b.bucket }',0),(796,200,'terraform apply',1),(797,200,'terraform run',0),(798,200,'terraform push',0),(799,200,'terraform deploy',0),(800,201,'int',1),(801,201,'float',0),(802,201,'string',0),(803,201,'decimal',0),(804,202,'Returns the value of a variable',0),(805,202,'Returns the size of a variable',1),(806,202,'Returns the address of a variable',0),(807,202,'Returns the length of a string',0),(808,203,'4.0',0),(809,203,'4.5',0),(810,203,'Error',1),(811,203,'5.0',0),(812,204,'==',1),(813,204,'!=',1),(814,204,'>=',0),(815,204,'>',0),(816,205,'Division',1),(817,205,'Modulus',1),(818,205,'Multiplication',0),(819,205,'Addition',0),(820,206,'*',0),(821,206,'+',0),(822,206,'/',0),(823,206,'=',1),(824,207,'5.0',0),(825,207,'6.0',1),(826,207,'4.0',0),(827,207,'Error',0),(828,208,'14.0',1),(829,208,'20.0',0),(830,208,'10.0',0),(831,208,'12.0',0),(832,209,'5.0',0),(833,209,'6.0',1),(834,209,'2.0',0),(835,209,'1.0',0),(836,210,'4.0',1),(837,210,'2.0',0),(838,210,'8.0',0),(839,210,'16.0',0),(840,211,'switch',1),(841,211,'case',0),(842,211,'continue',0),(843,211,'break',0),(844,212,'To exit the loop',0),(845,212,'To skip the current iteration',1),(846,212,'To jump to the next iteration',0),(847,212,'To stop the program',0),(848,213,'for',0),(849,213,'while',0),(850,213,'loop',1),(851,213,'do-while',0),(852,214,'0, 1, 2, 3, 4',1),(853,214,'1, 2, 3, 4, 5',1),(854,214,'0, 1, 2, 3, 4, 5',0),(855,214,'1, 2, 3, 4',0),(856,215,'Loop will terminate early',1),(857,215,'Code after loop will execute',1),(858,215,'Next iteration will run',0),(859,215,'Compiler error',0),(860,216,'for(;;)',1),(861,216,'while(1)',1),(862,216,'while(0)',0),(863,216,'do-while(0)',0),(864,217,'12.0',0),(865,217,'123.0',0),(866,217,'0, 1, 2',1),(867,217,'1, 2, 3',0),(868,218,'10, 9, 8, 7...1',1),(869,218,'10, 9, 8, 7, 6',0),(870,218,'9, 8, 7, 6, 5',0),(871,218,'Error',0),(872,219,'0 1 2 3 4',1),(873,219,'1 2 3 4 5',0),(874,219,'1 2 3 4',0),(875,219,'0 1 2 3',0),(876,220,'Yes',1),(877,220,'No',0),(878,220,'Error',0),(879,220,'None',0),(880,221,'void function()',0),(881,221,'int function(void)',1),(882,221,'function int()',0),(883,221,'void func(int)',0),(884,222,'call function()',0),(885,222,'function()',1),(886,222,'call() function',0),(887,222,'function call()',0),(888,223,'Terminates a program',0),(889,223,'Exits a function',0),(890,223,'Returns a value from the function',1),(891,223,'Returns a string',0),(892,224,'void func()',0),(893,224,'void func(int a)',1),(894,224,'int func(void)',0),(895,224,'void func(int, int)',1),(896,225,'int',1),(897,225,'void',0),(898,225,'float',0),(899,225,'double',0),(900,226,'void func();',1),(901,226,'void func(int, int);',1),(902,226,'void func(int);',0),(903,226,'int add(int, int);',0),(904,227,'Product of a and b',1),(905,227,'Error',0),(906,227,'Sum of a and b',0),(907,227,'Incorrect',0),(908,228,'void function()',1),(909,228,'int function()',0),(910,228,'function(void)',0),(911,228,'function()',0),(912,229,'10.0',0),(913,229,'15.0',1),(914,229,'5.0',0),(915,229,'Error',0),(916,230,'7.0',1),(917,230,'3.0',0),(918,230,'4.0',0),(919,230,'Error',0),(920,231,'Declares a pointer',0),(921,231,'Dereferences a pointer',1),(922,231,'Defines a variable',0),(923,231,'Creates an array',0),(924,232,'Declares a pointer',0),(925,232,'Returns address of variable',1),(926,232,'Assigns value to variable',0),(927,232,'Points to a memory address',0),(928,233,'A pointer can be assigned a value',0),(929,233,'A pointer points to a variable\'s address',1),(930,233,'Pointers can only store integers',0),(931,233,'Pointers cannot be dereferenced',0),(932,234,'10.0',1),(933,234,'a',0),(934,234,'Address of a',0),(935,234,'Error',0),(936,235,'It gives a runtime error',1),(937,235,'It prints NULL',0),(938,235,'It points to the first memory address',0),(939,235,'It has no effect',0),(940,236,'malloc()',1),(941,236,'alloc()',0),(942,236,'calloc()',1),(943,236,'new()',0),(944,237,'Allocates memory for an int',1),(945,237,'Allocates memory for an array',0),(946,237,'Allocates memory for a pointer',0),(947,237,'Free memory',0),(948,238,'5.0',0),(949,238,'10.0',1),(950,238,'Error',0),(951,238,'None',0),(952,239,'100.0',0),(953,239,'A memory address',1),(954,239,'0x0',0),(955,239,'Error',0),(956,240,'free()',1),(957,240,'deallocate()',0),(958,240,'delete()',0),(959,240,'dispose()',0),(960,241,'Groups related variables',1),(961,241,'Declares a new variable',0),(962,241,'Defines an array',0),(963,241,'None of the above',0),(964,242,'Using the dot operator',1),(965,242,'Using the arrow operator',0),(966,242,'Using the index operator',0),(967,242,'Using the underscore operator',0),(968,243,'A type that can store different data types',0),(969,243,'A pointer to a data structure',0),(970,243,'A type that can store only one data type at a time',1),(971,243,'An array of structs',0),(972,244,'Declares a struct with ID and name',1),(973,244,'Allocates memory for Student',0),(974,244,'Accesses the members directly',1),(975,244,'Error',0),(976,245,'25.0',1),(977,245,'0.0',0),(978,245,'Error',0),(979,245,'None',0),(980,246,'struct Person {int age;};',1),(981,246,'Person structure {int age;}',0),(982,246,'struct Person;',0),(983,246,'type Person;',0),(984,247,'1 2',1),(985,247,'2 1',0),(986,247,'Error',0),(987,247,'None',0),(988,248,'20 A',0),(989,248,'65 A',1),(990,248,'10 65',0),(991,248,'Error',0),(992,249,'Previous value is overwritten',1),(993,249,'Previous value is retained',0),(994,249,'Value is lost',0),(995,249,'None',0),(996,250,'Structures hold multiple data types, unions hold one at a time',1),(997,250,'Unions hold multiple data types, structures hold one at a time',0),(998,250,'Both hold the same data',0),(999,250,'None',0);
/*!40000 ALTER TABLE `question_options` ENABLE KEYS */;
UNLOCK TABLES;

--
-- Table structure for table `questions`
--

DROP TABLE IF EXISTS `questions`;
/*!40101 SET @saved_cs_client     = @@character_set_client */;
/*!50503 SET character_set_client = utf8mb4 */;
CREATE TABLE `questions` (
  `question_id` int NOT NULL AUTO_INCREMENT,
  `exam_id` int DEFAULT NULL,
  `question_text` text NOT NULL,
  `question_type` enum('MCQ','MSQ','TrueFalse','CodingSnippet') NOT NULL,
  `marks` int DEFAULT '1',
  `subtopic_id` int DEFAULT NULL,
  `difficulty_level` enum('Basic','Intermediate','Advance') NOT NULL DEFAULT 'Intermediate',
  PRIMARY KEY (`question_id`),
  KEY `exam_id` (`exam_id`),
  KEY `subtopic_id` (`subtopic_id`),
  CONSTRAINT `questions_ibfk_1` FOREIGN KEY (`exam_id`) REFERENCES `exams` (`exam_id`) ON DELETE CASCADE,
  CONSTRAINT `questions_ibfk_2` FOREIGN KEY (`subtopic_id`) REFERENCES `subtopics` (`subtopic_id`) ON DELETE CASCADE
) ENGINE=InnoDB AUTO_INCREMENT=251 DEFAULT CHARSET=utf8mb4 COLLATE=utf8mb4_0900_ai_ci;
/*!40101 SET character_set_client = @saved_cs_client */;

--
-- Dumping data for table `questions`
--

LOCK TABLES `questions` WRITE;
/*!40000 ALTER TABLE `questions` DISABLE KEYS */;
INSERT INTO `questions` VALUES (1,1,'Which of the following is a valid data type in C?','MCQ',1,1,'Basic'),(2,1,'What does the \'sizeof\' operator do in C?','MCQ',1,1,'Basic'),(3,1,'What is the output of the following code: printf(\"%d\", 4.5);?','MCQ',1,1,'Basic'),(4,1,'Which of the following is the correct operator to compare equality?','MSQ',1,1,'Basic'),(5,1,'What does the operator % do in C?','MSQ',1,1,'Intermediate'),(6,1,'Which of the following is NOT an arithmetic operator in C?','MSQ',1,1,'Intermediate'),(7,1,'What will the following snippet output? int a = 5; a++; printf(\"%d\", a);','CodingSnippet',1,1,'Intermediate'),(8,1,'What is the value of \'x\' after executing x = 2 + 3 * 4;?','CodingSnippet',1,1,'Intermediate'),(9,1,'What will the following code print? int a = 2, b = 3; printf(\"%d\", a * b);','CodingSnippet',1,1,'Advance'),(10,1,'What is the output of this code: \'printf(\"%d\", sizeof(int))\';','CodingSnippet',1,1,'Advance'),(11,1,'Which of the following is a valid control flow statement in C?','MCQ',1,2,'Basic'),(12,1,'What is the purpose of the continue statement in C?','MCQ',1,2,'Basic'),(13,1,'Which of the following is NOT a valid loop in C?','MCQ',1,2,'Basic'),(14,1,'What is the output of the following code? for(i=0; i<5; i++) printf(\"%d\", i);','MSQ',1,2,'Basic'),(15,1,'What will happen if you use a break inside a while loop?','MSQ',1,2,'Intermediate'),(16,1,'Which of the following will cause an infinite loop?','MSQ',1,2,'Intermediate'),(17,1,'What is the output of the following code: int i = 0; while(i < 3) { printf(\"%d\", i); i++; }','CodingSnippet',1,2,'Intermediate'),(18,1,'What is the result of the code below? int i = 10; while(i > 0) { printf(\"%d\", i); i--; }','CodingSnippet',1,2,'Intermediate'),(19,1,'What will this loop output: for(int i=0; i<5; i++) printf(\"%d \", i);','CodingSnippet',1,2,'Advance'),(20,1,'What will the following code print? ','CodingSnippet',1,2,'Advance'),(21,1,'Which of the following is used to declare a function in C?','MCQ',1,3,'Basic'),(22,1,'What is the correct way to call a function in C?','MCQ',1,3,'Basic'),(23,1,'What does the return keyword do in a C function?','MCQ',1,3,'Basic'),(24,1,'Which is the correct syntax for defining a function with parameters?','MSQ',1,3,'Basic'),(25,1,'What is the return type of the following function? int add(int a, int b) { return a + b; }','MCQ',1,3,'Intermediate'),(26,1,'Which of the following is the proper way to declare a function prototype in C?','MSQ',1,3,'Intermediate'),(27,1,'What will be the output of the following code? ','CodingSnippet',1,3,'Intermediate'),(28,1,'How do you define a function in C that returns nothing?','CodingSnippet',1,3,'Intermediate'),(29,1,'What is the result of this code: ','CodingSnippet',1,3,'Advance'),(30,1,'What will this code output? ','CodingSnippet',1,3,'Advance'),(31,1,'What does the * operator do in C?','MCQ',1,4,'Basic'),(32,1,'What is the purpose of the & operator in C?','MCQ',1,4,'Basic'),(33,1,'Which of the following is true about pointers in C?','MCQ',1,4,'Basic'),(34,1,'What is the output of this code? int a = 10; int *p = &a; printf(\"%d\", *p);','MSQ',1,4,'Basic'),(35,1,'What happens when you dereference a NULL pointer?','MSQ',1,4,'Intermediate'),(36,1,'Which of the following is correct for dynamic memory allocation in C?','MSQ',1,4,'Intermediate'),(37,1,'What does this code do: \'int *ptr = (int*)malloc(sizeof(int));\'','CodingSnippet',1,4,'Intermediate'),(38,1,'What will this code output? ','CodingSnippet',1,4,'Intermediate'),(39,1,'What is the result of the following code? ','CodingSnippet',1,4,'Advance'),(40,1,'How do you free dynamically allocated memory?','CodingSnippet',1,4,'Advance'),(41,1,'What is the purpose of struct in C?','MCQ',1,5,'Basic'),(42,1,'What is the correct way to access the members of a struct in C?','MCQ',1,5,'Basic'),(43,1,'What is a union in C?','MCQ',1,5,'Basic'),(44,1,'What is the result of this code? struct Student { int id; char name[50]; }; struct Student s1; s1.id = 1;','MSQ',1,5,'Basic'),(45,1,'What is the output of the following code? struct Person { int age; }; struct Person p1; p1.age = 25; printf(\"%d\", p1.age);','MSQ',1,5,'Intermediate'),(46,1,'Which of the following defines a structure in C?','MSQ',1,5,'Intermediate'),(47,1,'What will this code output? ','CodingSnippet',1,5,'Intermediate'),(48,1,'What will be the output of this code: ','CodingSnippet',1,5,'Intermediate'),(49,1,'What happens when you assign a new value to a union member in C?','CodingSnippet',1,5,'Advance'),(50,1,'What is the difference between a structure and a union in C?','CodingSnippet',1,5,'Advance'),(51,2,'What is the output of print(5 // 2)?','MCQ',1,6,'Basic'),(52,2,'Which of the following is a valid variable name in Python?','MCQ',1,6,'Basic'),(53,2,'Which of the following methods is used to get the length of a list?','MCQ',1,6,'Basic'),(54,2,'Select all the correct ways to create a list in Python.','MSQ',1,6,'Basic'),(55,2,'Choose the valid ways to declare a tuple.','MSQ',1,6,'Intermediate'),(56,2,'Select all the valid methods to iterate over a dictionary.','MSQ',1,6,'Intermediate'),(57,2,'What is the output of the following code snippet:','CodingSnippet',1,6,'Intermediate'),(58,2,'Write a Python code to find the sum of elements in a list.','CodingSnippet',1,6,'Intermediate'),(59,2,'What is the correct syntax to create a dictionary in Python?','CodingSnippet',1,6,'Advance'),(60,2,'Write a Python code to remove duplicates from a list.','CodingSnippet',1,6,'Advance'),(61,2,'What is the output of if True: print(\"Hello\")?','MCQ',1,7,'Basic'),(62,2,'Which of the following is correct syntax for an else if statement in Python?','MCQ',1,7,'Basic'),(63,2,'What is the output of ','CodingSnippet',1,7,'Basic'),(64,2,'Select all the valid loop types in Python.','MSQ',1,7,'Basic'),(65,2,'Choose the correct statements about break and continue.','MSQ',1,7,'Intermediate'),(66,2,'Select the valid operators used in Python\'s conditional expression.','MSQ',1,7,'Intermediate'),(67,2,'What is the output of the following code: ','CodingSnippet',1,7,'Intermediate'),(68,2,'Write a Python code to print the numbers from 1 to 10 using while loop.','CodingSnippet',1,7,'Intermediate'),(69,2,'Write a Python program to check if a number is even or odd.','CodingSnippet',1,7,'Advance'),(70,2,'Write a Python code to create a while loop that stops at 10.','CodingSnippet',1,7,'Advance'),(71,2,'Which of the following is a feature of a function in Python?','MCQ',1,8,'Basic'),(72,2,'What is the default return value of a function that doesn\'t explicitly return anything?','MCQ',1,8,'Basic'),(73,2,'What is the syntax for creating a function in Python?','MCQ',1,8,'Basic'),(74,2,'Select all the valid ways to pass arguments to a function in Python.','MSQ',1,8,'Basic'),(75,2,'Which of the following are valid types of function arguments in Python?','MSQ',1,8,'Intermediate'),(76,2,'Which of the following can be returned from a Python function?','MSQ',1,8,'Intermediate'),(77,2,'What is the output of the following code: ','CodingSnippet',1,8,'Intermediate'),(78,2,'Write a Python function that returns the square of a number.','CodingSnippet',1,8,'Intermediate'),(79,2,'Write a Python function to calculate the factorial of a number using recursion.','CodingSnippet',1,8,'Advance'),(80,2,'Write a Python function to check whether a number is prime or not.','CodingSnippet',1,8,'Advance'),(81,2,'Which of the following is true about OOP in Python?','MCQ',1,9,'Basic'),(82,2,'What is the purpose of the __init__ method in Python?','MCQ',1,9,'Basic'),(83,2,'Which of the following is the correct way to inherit a class in Python?','MCQ',1,9,'Basic'),(84,2,'Select all the features of Object-Oriented Programming in Python.','MSQ',1,9,'Basic'),(85,2,'Choose the correct statements about inheritance.','MSQ',1,9,'Intermediate'),(86,2,'What is the output of the following code: ','CodingSnippet',1,9,'Intermediate'),(87,2,'Write a Python class Person with attributes name and age and a method greet that prints \"Hello, [name]\".','CodingSnippet',1,9,'Intermediate'),(88,2,'Write a Python class Circle with method area() to calculate the area of a circle with given radius.','CodingSnippet',1,9,'Intermediate'),(89,2,'Write a Python class Employee that includes methods to set and get employee name and salary.','CodingSnippet',1,9,'Advance'),(90,2,'Write a Python class Book with attributes title, author, and price.','CodingSnippet',1,9,'Advance'),(91,2,'Which of the following is a correct file opening mode for writing in a file?','MCQ',1,10,'Basic'),(92,2,'What happens if you try to read a file that does not exist in Python?','MCQ',1,10,'Basic'),(93,2,'What is the output of the following code: with open(\"test.txt\", \"w\") as f: f.write(\"Hello\")?','MCQ',1,10,'Basic'),(94,2,'Select all the valid file opening modes.','MSQ',1,10,'Basic'),(95,2,'Which of the following statements is true about file handling in Python?','MSQ',1,10,'Intermediate'),(96,2,'What does the w mode do when opening a file?','MSQ',1,10,'Intermediate'),(97,2,'Write a Python code to read a file and print its contents.','CodingSnippet',1,10,'Intermediate'),(98,2,'Write a Python code to append text to a file.','CodingSnippet',1,10,'Intermediate'),(99,2,'Write a Python code to read a file line by line.','CodingSnippet',1,10,'Advance'),(100,2,'Write a Python code to check if a file exists before opening it.','CodingSnippet',1,10,'Advance'),(101,3,'What is the default value of an instance variable in Java?','MCQ',1,11,'Basic'),(102,3,'Which of the following is not a valid data type in Java?','MCQ',1,11,'Basic'),(103,3,'Which keyword is used to create a constant in Java?','MCQ',1,11,'Basic'),(104,3,'What will be the output of the following code: System.out.println(5 + 10 + \"Hello\");?','MSQ',1,11,'Basic'),(105,3,'Which of the following statements is true about the == operator in Java?','MSQ',1,11,'Intermediate'),(106,3,'Which of the following is used to create a single-line comment in Java?','CodingSnippet',1,11,'Intermediate'),(107,3,'What is the output of ','CodingSnippet',1,11,'Intermediate'),(108,3,'What will the following code print? ','CodingSnippet',1,11,'Intermediate'),(109,3,'Which operator is used to concatenate strings in Java?','CodingSnippet',1,11,'Advance'),(110,3,'How do you define a constant in Java?','CodingSnippet',1,11,'Advance'),(111,3,'Which of the following is a valid way to write an if condition in Java?','MCQ',1,12,'Basic'),(112,3,'What is the output of the following code: ','CodingSnippet',1,12,'Basic'),(113,3,'Which of the following loops in Java is guaranteed to execute at least once?','MCQ',1,12,'Basic'),(114,3,'Which of the following statements is correct regarding the break statement in loops?','MSQ',1,12,'Basic'),(115,3,'What is the result of the following code: ','CodingSnippet',1,12,'Intermediate'),(116,3,'What is the output of the following code: ','CodingSnippet',1,12,'Intermediate'),(117,3,'What is the output of the following code: ','CodingSnippet',1,12,'Intermediate'),(118,3,'What is the purpose of the continue statement in a loop?','CodingSnippet',1,12,'Intermediate'),(119,3,'What is the output of the following code: ','CodingSnippet',1,12,'Advance'),(120,3,'What will the output of the following code be? ','CodingSnippet',1,12,'Advance'),(121,3,'What is the correct way to declare a class in Java?','MCQ',1,12,'Basic'),(122,3,'What is the purpose of the this keyword in Java?','MCQ',1,12,'Basic'),(123,3,'Which method is used to get the length of an array in Java?','MCQ',1,12,'Basic'),(124,3,'What is the output of the following code: ','CodingSnippet',1,13,'Basic'),(125,3,'What is the result of the following code: ','CodingSnippet',1,13,'Intermediate'),(126,3,'What will the following code output? ','CodingSnippet',1,13,'Intermediate'),(127,3,'What is the correct syntax for creating an object in Java?','CodingSnippet',1,13,'Intermediate'),(128,3,'What will be the output of this code? ','CodingSnippet',1,13,'Intermediate'),(129,3,'What is the purpose of the super() keyword in Java?','CodingSnippet',1,13,'Advance'),(130,3,'What is the result of the following code? ','CodingSnippet',1,13,'Advance'),(131,3,'Which of the following statements about exceptions is true?','MCQ',1,14,'Basic'),(132,3,'What is the output of the following code:\' try { int a = 10 / 0; } catch (Exception e) { System.out.println(\"Exception caught\"); }\'','MCQ',1,14,'Basic'),(133,3,'Which type of exception can be handled at runtime?','MCQ',1,14,'Basic'),(134,3,'What will be the output of the following code: ','CodingSnippet',1,14,'Basic'),(135,3,'What is the output of the following code: ','CodingSnippet',1,14,'Intermediate'),(136,3,'What is the purpose of the finally block in Exception Handling?','MCQ',1,14,'Intermediate'),(137,3,'What is the result of the following code: ','CodingSnippet',1,14,'Intermediate'),(138,3,'How do you catch multiple exceptions in a single catch block in Java?','CodingSnippet',1,14,'Intermediate'),(139,3,'What is the output of the following code: ','CodingSnippet',1,14,'Advance'),(140,3,'How do you manually throw an exception in Java?','CodingSnippet',1,14,'Advance'),(141,3,'What does the ArrayList class in Java implement?','MCQ',1,15,'Basic'),(142,3,'Which method of the ArrayList class is used to add an element?','MCQ',1,15,'Basic'),(143,3,'What will happen if you try to add a null element to a List in Java?','MCQ',1,15,'Basic'),(144,3,'Which of the following classes implement the Map interface in Java?','MSQ',1,15,'Basic'),(145,3,'Which of the following methods removes an element from an ArrayList?','MSQ',1,15,'Intermediate'),(146,3,'Which method is used to retrieve an element from an ArrayList?','MCQ',1,15,'Intermediate'),(147,3,'What is the output of the following code: ','CodingSnippet',1,15,'Intermediate'),(148,3,'What will the following code output? ','CodingSnippet',1,15,'Intermediate'),(149,3,'What is the result of the following code? ','CodingSnippet',1,15,'Advance'),(150,3,'What will be the output of the following code: ','CodingSnippet',1,15,'Advance'),(151,4,'What is the primary goal of DevOps?','MCQ',1,16,'Basic'),(152,4,'Which of these is a key practice in DevOps?','MCQ',1,16,'Basic'),(153,4,'Which phase comes after Build in DevOps lifecycle?','MCQ',1,16,'Basic'),(154,4,'Select all benefits of DevOps.','MSQ',1,16,'Basic'),(155,4,'Which of the following are cultural aspects of DevOps?','MSQ',1,16,'Intermediate'),(156,4,'What tools are commonly used in DevOps?','MSQ',1,16,'Intermediate'),(157,4,'Identify the correct Jenkinsfile snippet to trigger a build on every Git commit.','CodingSnippet',1,16,'Intermediate'),(158,4,'Write a bash script snippet to check if Docker is installed and print a message if not.','CodingSnippet',1,16,'Intermediate'),(159,4,'Write a YAML snippet to define a basic CI pipeline with a single build stage.','CodingSnippet',1,16,'Advance'),(160,4,'Create a PowerShell script snippet to print \"Hello DevOps\"','CodingSnippet',1,16,'Advance'),(161,4,'Which command initializes a new Git repository?','MCQ',1,17,'Basic'),(162,4,'What is the command to stage all modified files in Git?','MCQ',1,17,'Basic'),(163,4,'Which command shows commit history in Git?','MCQ',1,17,'Basic'),(164,4,'Select all Git branching commands.','MSQ',1,17,'Basic'),(165,4,'Which of these are remote Git commands?','MSQ',1,17,'Intermediate'),(166,4,'Identify valid Git merge conflict resolution strategies.','MSQ',1,17,'Intermediate'),(167,4,'Write a Git command snippet to \"create a branch named feature1 and switch to it\".','CodingSnippet',1,17,'Intermediate'),(168,4,'Write a Git command to \"stage and commit changes with message Update README\"','CodingSnippet',1,17,'Intermediate'),(169,4,'Write a Git command to \"pull latest changes from remote origin master branch\".','CodingSnippet',1,17,'Advance'),(170,4,'Write a Git command to \"delete a local branch named feature1\".','CodingSnippet',1,17,'Advance'),(171,4,'What does CI stand for in DevOps?','MCQ',1,18,'Basic'),(172,4,'Which tool is commonly used for automating builds in CI pipelines?','MCQ',1,18,'Basic'),(173,4,'Which file defines GitHub Actions workflows?','MCQ',1,18,'Basic'),(174,4,'Select valid Jenkins pipeline steps.','MSQ',1,18,'Basic'),(175,4,'Which triggers can start a GitHub Actions workflow?','MSQ',1,18,'Intermediate'),(176,4,'What are valid stages in a Jenkins pipeline?','MSQ',1,18,'Intermediate'),(177,4,'Write a Jenkinsfile snippet to run a shell command to build a Maven project.','CodingSnippet',1,18,'Intermediate'),(178,4,'Write GitHub Actions YAML to run on push and print \"Hello CI/CD\".','CodingSnippet',1,18,'Intermediate'),(179,4,'Write a Jenkins pipeline snippet to archive artifacts in workspace.','CodingSnippet',1,18,'Advance'),(180,4,'Write a GitHub Actions step to checkout repository code.','CodingSnippet',1,18,'Advance'),(181,4,'What is Docker primarily used for?','MCQ',1,19,'Basic'),(182,4,'What command builds a Docker image from a Dockerfile?','MCQ',1,19,'Basic'),(183,4,'Which Docker command lists all running containers?','MCQ',1,19,'Basic'),(184,4,'Select all valid Dockerfile instructions.','MSQ',1,19,'Basic'),(185,4,'Which commands are used to manage Docker containers?','MSQ',1,19,'Intermediate'),(186,4,'What are common container orchestration tools?','MSQ',1,19,'Intermediate'),(187,4,'Write a Dockerfile snippet to set the base image to Ubuntu.','CodingSnippet',1,19,'Intermediate'),(188,4,'Write a Docker command to run a container from image myapp on port 80.','CodingSnippet',1,19,'Intermediate'),(189,4,'Write a Dockerfile snippet to copy local file app.py into container directory /app.','CodingSnippet',1,19,'Advance'),(190,4,'Write a Dockerfile snippet to run a Python script app.py.','CodingSnippet',1,19,'Advance'),(191,4,'What does IaC stand for?','MCQ',1,20,'Basic'),(192,4,'Which language is used to write Terraform configuration files?','MCQ',1,20,'Basic'),(193,4,'What command initializes a Terraform working directory?','MCQ',1,20,'Basic'),(194,4,'Select all Terraform commands used in the workflow.','MSQ',1,20,'Basic'),(195,4,'Which are valid Terraform resource block components?','MSQ',1,20,'Intermediate'),(196,4,'Select all supported Terraform providers.','MSQ',1,20,'Intermediate'),(197,4,'Write a Terraform resource block snippet to create an AWS S3 bucket named mybucket.','CodingSnippet',1,20,'Intermediate'),(198,4,'Write a Terraform variable definition for a string variable region with default us-east-1.','CodingSnippet',1,20,'Intermediate'),(199,4,'Write a Terraform output block to output the bucket name from resource aws_s3_bucket.b.','CodingSnippet',1,20,'Advance'),(200,4,'Write a Terraform command to apply the changes defined in configuration files.','CodingSnippet',1,20,'Advance'),(201,5,'Which of the following is a valid data type in C?','MCQ',1,1,'Basic'),(202,5,'What does the \'sizeof\' operator do in C?','MCQ',1,1,'Basic'),(203,5,'What is the output of the following code: printf(\"%d\", 4.5);?','MCQ',1,1,'Basic'),(204,5,'Which of the following is the correct operator to compare equality?','MSQ',1,1,'Basic'),(205,5,'What does the operator % do in C?','MSQ',1,1,'Intermediate'),(206,5,'Which of the following is NOT an arithmetic operator in C?','MSQ',1,1,'Intermediate'),(207,5,'What will the following snippet output? \n\'int a = 5;\na++;\nprintf(\"%d\", a);\'','CodingSnippet',1,1,'Intermediate'),(208,5,'What is the value of  x after executing  \'x = 2 + 3 * 4;\'?','CodingSnippet',1,1,'Intermediate'),(209,5,'What will the following code print? \n\'int a = 2, b = 3;\nprintf(\"%d\", a * b);\'','CodingSnippet',1,1,'Advance'),(210,5,'What is the output of this code: \'printf(\"%d\", sizeof(int));\'','CodingSnippet',1,1,'Advance'),(211,5,'Which of the following is a valid control flow statement in C?','MCQ',1,2,'Basic'),(212,5,'What is the purpose of the continue statement in C?','MCQ',1,2,'Basic'),(213,5,'Which of the following is NOT a valid loop in C?','MCQ',1,2,'Basic'),(214,5,'What is the output of the following code? for(i=0; i<5; i++) printf(\"%d\", i);','MSQ',1,2,'Basic'),(215,5,'What will happen if you use a break inside a while loop?','MSQ',1,2,'Intermediate'),(216,5,'Which of the following will cause an infinite loop?','MSQ',1,2,'Intermediate'),(217,5,'What is the output of the following code: \n\'int i = 0;\n while(i < 3) {\n	 printf(\"%d\", i);\n	 i++;\n }\'','CodingSnippet',1,2,'Intermediate'),(218,5,'What is the result of the code below? \n\'int i = 10;\n while(i > 0) {\n 	printf(\"%d\", i);\n 	i--;\n}\'','CodingSnippet',1,2,'Intermediate'),(219,5,'What will this loop output: \n\'for(int i=0; i<5; i++)\n	 printf(\"%d \", i);\'','CodingSnippet',1,2,'Advance'),(220,5,'What will the following code print? \n\'int i = 3;\n if(i == 3)\n	 printf(\"Yes\");\'','CodingSnippet',1,2,'Advance'),(221,5,'Which of the following is used to declare a function in C?','MCQ',1,3,'Basic'),(222,5,'What is the correct way to call a function in C?','MCQ',1,3,'Basic'),(223,5,'What does the return keyword do in a C function?','MCQ',1,3,'Basic'),(224,5,'Which is the correct syntax for defining a function with parameters?','MSQ',1,3,'Basic'),(225,5,'What is the return type of the following function? int add(int a, int b) { return a + b; }','MCQ',1,3,'Intermediate'),(226,5,'Which of the following is the proper way to declare a function prototype in C?','MSQ',1,3,'Intermediate'),(227,5,'What will be the output of the following code? \n\'int func(int a, int b) {\n	 return a * b;\n }\'','CodingSnippet',1,3,'Intermediate'),(228,5,'How do you define a function in C that returns nothing?','CodingSnippet',1,3,'Intermediate'),(229,5,'What is the result of this code: \n\'int x = 10;\nx += 5;\nprintf(\"%d\", x);\'','CodingSnippet',1,3,'Advance'),(230,5,'What will this code output? \n\'int add(int a, int b) {\n	 return a + b;\n}\nint main() {\n	 printf(\"%d\", add(3, 4));\n}\'','CodingSnippet',1,3,'Advance'),(231,5,'What does the * operator do in C?','MCQ',1,4,'Basic'),(232,5,'What is the purpose of the & operator in C?','MCQ',1,4,'Basic'),(233,5,'Which of the following is true about pointers in C?','MCQ',1,4,'Basic'),(234,5,'What is the output of this code? int a = 10; int *p = &a; printf(\"%d\", *p);','MSQ',1,4,'Basic'),(235,5,'What happens when you dereference a NULL pointer?','MSQ',1,4,'Intermediate'),(236,5,'Which of the following is correct for dynamic memory allocation in C?','MSQ',1,4,'Intermediate'),(237,5,'What does this code do:\' int *ptr = (int*)malloc(sizeof(int));\'','CodingSnippet',1,4,'Intermediate'),(238,5,'What will this code output? \n\'int a = 5;\nint *p = &a;\n*p = 10;\nprintf(\"%d\", a);\'','CodingSnippet',1,4,'Intermediate'),(239,5,'What is the result of the following code? \n\'int x = 100;\n printf(\"%p\", &x);\'','CodingSnippet',1,4,'Advance'),(240,5,'How do you free dynamically allocated memory?','CodingSnippet',1,4,'Advance'),(241,5,'What is the purpose of struct in C?','MCQ',1,5,'Basic'),(242,5,'What is the correct way to access the members of a struct in C?','MCQ',1,5,'Basic'),(243,5,'What is a union in C?','MCQ',1,5,'Basic'),(244,5,'What is the result of this code? struct Student { int id; char name[50]; }; struct Student s1; s1.id = 1;','MSQ',1,5,'Basic'),(245,5,'What is the output of the following code? \n\'struct Person {\n	 int age;\n };\n struct Person p1;\n p1.age = 25;\n printf(\"%d\", p1.age);\'','CodingSnippet',1,5,'Intermediate'),(246,5,'Which of the following defines a structure in C?','MSQ',1,5,'Intermediate'),(247,5,'What will this code output? \n\'struct Point { \n	int x, y;\n}\np = {1, 2};\nprintf(\"%d %d\", p.x, p.y);\'','CodingSnippet',1,5,'Intermediate'),(248,5,'What will be the output of this code: \n\'union Data {\n	 int i;\n	 char c;\n };\n union Data u;\n u.i = 10;\n u.c = \'A\';\n printf(\"%d %c\", u.i, u.c);\'','CodingSnippet',1,5,'Intermediate'),(249,5,'What happens when you assign a new value to a union member in C?','CodingSnippet',1,5,'Advance'),(250,5,'What is the difference between a structure and a union in C?','CodingSnippet',1,5,'Advance');
/*!40000 ALTER TABLE `questions` ENABLE KEYS */;
UNLOCK TABLES;

--
-- Table structure for table `refresh_tokens`
--

DROP TABLE IF EXISTS `refresh_tokens`;
/*!40101 SET @saved_cs_client     = @@character_set_client */;
/*!50503 SET character_set_client = utf8mb4 */;
CREATE TABLE `refresh_tokens` (
  `id` int NOT NULL AUTO_INCREMENT,
  `user_id` int NOT NULL,
  `token` text NOT NULL,
  `created_at` datetime NOT NULL,
  `expiry_date` datetime NOT NULL,
  `updated_at` datetime DEFAULT NULL,
  `revoked` tinyint(1) DEFAULT '0',
  `revoked_at` datetime DEFAULT NULL,
  `user_agent` varchar(255) DEFAULT NULL,
  `last_used_at` datetime DEFAULT NULL,
  PRIMARY KEY (`id`),
  KEY `user_id` (`user_id`),
  CONSTRAINT `refresh_tokens_ibfk_1` FOREIGN KEY (`user_id`) REFERENCES `users` (`user_id`) ON DELETE CASCADE
) ENGINE=InnoDB AUTO_INCREMENT=729 DEFAULT CHARSET=utf8mb4 COLLATE=utf8mb4_0900_ai_ci;
/*!40101 SET character_set_client = @saved_cs_client */;

--
-- Dumping data for table `refresh_tokens`
--

LOCK TABLES `refresh_tokens` WRITE;
/*!40000 ALTER TABLE `refresh_tokens` DISABLE KEYS */;
INSERT INTO `refresh_tokens` VALUES (1,2,'TLBFpRWczDK1FQVlkNGBy5P2QlPGDRE06HAVl5aQDQc=','2025-05-19 01:59:47','2025-05-26 01:59:47','2025-05-19 02:18:40',1,'2025-05-19 02:18:40','Mozilla/5.0 (Windows NT 10.0; Win64; x64) AppleWebKit/537.36 (KHTML, like Gecko) Chrome/136.0.0.0 Safari/537.36 Edg/136.0.0.0','2025-05-19 02:15:40'),(2,3,'Ica2fsh9PGCeNm8mZEDMubErBL2yo6iMz7KSaF/WYSo=','2025-05-19 02:42:28','2025-05-26 02:42:28','2025-05-19 02:43:06',1,'2025-05-19 02:43:06','Mozilla/5.0 (Windows NT 10.0; Win64; x64) AppleWebKit/537.36 (KHTML, like Gecko) Chrome/136.0.0.0 Safari/537.36 Edg/136.0.0.0',NULL),(3,4,'IawlsCYYfOUdbJUFCdxWSxpPw7GA5T2t4YWtAueVl74=','2025-05-19 02:43:34','2025-05-26 02:43:34','2025-05-19 02:43:34',0,NULL,'Mozilla/5.0 (Windows NT 10.0; Win64; x64) AppleWebKit/537.36 (KHTML, like Gecko) Chrome/136.0.0.0 Safari/537.36 Edg/136.0.0.0',NULL),(4,4,'bvvC8TflbF3ILHvPSjGdNZsRnfUK9RNaFp+q4p1o78U=','2025-05-19 02:43:50','2025-05-26 02:43:50','2025-05-19 02:43:57',1,'2025-05-19 02:43:57','Mozilla/5.0 (Windows NT 10.0; Win64; x64) AppleWebKit/537.36 (KHTML, like Gecko) Chrome/136.0.0.0 Safari/537.36 Edg/136.0.0.0',NULL),(5,2,'Lv0TdOyfi5JE9O1YpKxN98PtUEjQpDfM9V6JRQLFTwU=','2025-05-19 02:49:07','2025-05-26 02:49:07','2025-05-19 02:50:10',1,'2025-05-19 02:50:10','Mozilla/5.0 (Windows NT 10.0; Win64; x64) AppleWebKit/537.36 (KHTML, like Gecko) Chrome/136.0.0.0 Safari/537.36 Edg/136.0.0.0',NULL),(6,5,'pF2iGV8xMGqA9ZhMdHhy/fAInXl+rC68QrIOWBUPGbU=','2025-05-19 02:50:19','2025-05-26 02:50:19','2025-05-19 02:53:47',1,'2025-05-19 02:53:47','Mozilla/5.0 (Windows NT 10.0; Win64; x64) AppleWebKit/537.36 (KHTML, like Gecko) Chrome/136.0.0.0 Safari/537.36 Edg/136.0.0.0','2025-05-19 02:53:09'),(7,4,'fD/9/+1bSzFyJXi5x40uIkKa8XFimQTBk70g4KhsP+4=','2025-05-19 02:53:55','2025-05-26 02:53:55','2025-05-19 02:56:03',1,'2025-05-19 02:56:03','Mozilla/5.0 (Windows NT 10.0; Win64; x64) AppleWebKit/537.36 (KHTML, like Gecko) Chrome/136.0.0.0 Safari/537.36 Edg/136.0.0.0',NULL),(8,4,'BfRsX1n5tto58lXm93VyrIwhRdCYaVLCV5jJroQiTow=','2025-05-19 02:56:09','2025-05-26 02:56:09','2025-05-19 02:58:06',1,'2025-05-19 02:58:06','Mozilla/5.0 (Windows NT 10.0; Win64; x64) AppleWebKit/537.36 (KHTML, like Gecko) Chrome/136.0.0.0 Safari/537.36 Edg/136.0.0.0',NULL),(9,4,'G592omt6pn6dtpBiQFGKygkHJhsY2JNpcajzKMWYZcM=','2025-05-19 02:58:14','2025-05-26 02:58:14','2025-05-19 02:59:03',1,'2025-05-19 02:59:03','Mozilla/5.0 (Windows NT 10.0; Win64; x64) AppleWebKit/537.36 (KHTML, like Gecko) Chrome/136.0.0.0 Safari/537.36 Edg/136.0.0.0',NULL),(10,2,'GwYOoQWah09UANNhM2RPgemETOhFEByX8y2Q9MXicOw=','2025-05-19 02:59:08','2025-05-26 02:59:08','2025-05-19 03:03:38',0,NULL,'Mozilla/5.0 (Windows NT 10.0; Win64; x64) AppleWebKit/537.36 (KHTML, like Gecko) Chrome/136.0.0.0 Safari/537.36 Edg/136.0.0.0','2025-05-19 03:03:38'),(11,2,'3kAhkw9XkjPuKbIrdKn01IEMFMlZPDpPqP5Pix7pods=','2025-05-19 03:29:35','2025-05-26 03:29:35','2025-05-19 03:38:31',1,'2025-05-19 03:38:31','Mozilla/5.0 (Windows NT 10.0; Win64; x64) AppleWebKit/537.36 (KHTML, like Gecko) Chrome/136.0.0.0 Safari/537.36 Edg/136.0.0.0','2025-05-19 03:37:16'),(12,2,'X2LBJ5o2TK4CKEOmxaVH7cQKWqj61WPkswX+7rvmADc=','2025-05-19 04:52:57','2025-05-26 04:52:57','2025-05-19 06:01:29',1,'2025-05-19 06:01:29','Mozilla/5.0 (Windows NT 10.0; Win64; x64) AppleWebKit/537.36 (KHTML, like Gecko) Chrome/136.0.0.0 Safari/537.36 Edg/136.0.0.0','2025-05-19 06:01:19'),(13,5,'MsV/PfaRuxySf3FHiKvuxDzeHRflyL1xDjtwwP6AikE=','2025-05-19 06:01:36','2025-05-26 06:01:36','2025-05-19 06:01:40',1,'2025-05-19 06:01:40','Mozilla/5.0 (Windows NT 10.0; Win64; x64) AppleWebKit/537.36 (KHTML, like Gecko) Chrome/136.0.0.0 Safari/537.36 Edg/136.0.0.0',NULL),(14,3,'fQV8GY03Vo6hU4E9Q+1K82JKeravkwqnR+X7xcpG6DU=','2025-05-19 06:01:45','2025-05-26 06:01:45','2025-05-19 06:03:38',1,'2025-05-19 06:03:38','Mozilla/5.0 (Windows NT 10.0; Win64; x64) AppleWebKit/537.36 (KHTML, like Gecko) Chrome/136.0.0.0 Safari/537.36 Edg/136.0.0.0',NULL),(15,4,'xZGzRk6FddBofSI3QIcaq/xKCMobo7ycinOGIw9AuFc=','2025-05-19 06:03:49','2025-05-26 06:03:49','2025-05-19 06:35:00',1,'2025-05-19 06:35:00','Mozilla/5.0 (Windows NT 10.0; Win64; x64) AppleWebKit/537.36 (KHTML, like Gecko) Chrome/136.0.0.0 Safari/537.36 Edg/136.0.0.0','2025-05-19 06:34:30'),(16,2,'I2up2n0B3/jbHjNaQqldWuyXYwnIYhtU1LslxM8JEqM=','2025-05-19 06:38:35','2025-05-26 06:38:35','2025-05-19 06:38:42',1,'2025-05-19 06:38:42','Mozilla/5.0 (Windows NT 10.0; Win64; x64) AppleWebKit/537.36 (KHTML, like Gecko) Chrome/136.0.0.0 Safari/537.36 Edg/136.0.0.0',NULL),(17,4,'AX/xczaWAW8CLTS/1f08tkKOq/+v0iOd4+vSMOmbCT8=','2025-05-19 06:39:10','2025-05-26 06:39:10','2025-05-19 06:42:08',1,'2025-05-19 06:42:08','Mozilla/5.0 (Windows NT 10.0; Win64; x64) AppleWebKit/537.36 (KHTML, like Gecko) Chrome/136.0.0.0 Safari/537.36 Edg/136.0.0.0',NULL),(18,2,'qpNvsZKgGSSopX9vO9DTP9HJh1VJtC8LQufxaGDuLjA=','2025-05-19 06:45:42','2025-05-26 06:45:42','2025-05-19 06:46:08',1,'2025-05-19 06:46:08','Mozilla/5.0 (Windows NT 10.0; Win64; x64) AppleWebKit/537.36 (KHTML, like Gecko) Chrome/136.0.0.0 Safari/537.36 Edg/136.0.0.0',NULL),(19,5,'tZ/EmjJEscpWtQp+aIqf8WpJ7reK1I6nUNNbi5N7MNQ=','2025-05-19 06:46:14','2025-05-26 06:46:14','2025-05-19 06:46:20',1,'2025-05-19 06:46:20','Mozilla/5.0 (Windows NT 10.0; Win64; x64) AppleWebKit/537.36 (KHTML, like Gecko) Chrome/136.0.0.0 Safari/537.36 Edg/136.0.0.0',NULL),(20,3,'cAiNCDL0ziXkqrksEaHfyFMITmEhC91wXVNGCdhrH5Y=','2025-05-19 06:46:28','2025-05-26 06:46:28','2025-05-19 06:46:33',1,'2025-05-19 06:46:33','Mozilla/5.0 (Windows NT 10.0; Win64; x64) AppleWebKit/537.36 (KHTML, like Gecko) Chrome/136.0.0.0 Safari/537.36 Edg/136.0.0.0',NULL),(21,6,'Yn8wqYs+Z4TPLu6yIogiF4PH0fdfS24Un7qSBq6raEM=','2025-05-19 06:47:12','2025-05-26 06:47:12','2025-05-19 07:10:59',1,'2025-05-19 07:10:59','Mozilla/5.0 (Windows NT 10.0; Win64; x64) AppleWebKit/537.36 (KHTML, like Gecko) Chrome/136.0.0.0 Safari/537.36 Edg/136.0.0.0','2025-05-19 07:04:26'),(22,2,'yYlpNIKG3mkpTMEkYze7vwycd3UJ/FzSrQY0GRWiGSA=','2025-05-19 07:12:16','2025-05-26 07:12:16','2025-05-19 07:14:04',1,'2025-05-19 07:14:04','Mozilla/5.0 (Windows NT 10.0; Win64; x64) AppleWebKit/537.36 (KHTML, like Gecko) Chrome/136.0.0.0 Safari/537.36 Edg/136.0.0.0',NULL),(23,2,'Mhs0zMS/w0JRcw4eNhlEkGpepQ8jLx4OTeZz+LoNgXs=','2025-05-19 07:15:06','2025-05-26 07:15:06','2025-05-19 07:15:17',1,'2025-05-19 07:15:17','Mozilla/5.0 (Windows NT 10.0; Win64; x64) AppleWebKit/537.36 (KHTML, like Gecko) Chrome/136.0.0.0 Safari/537.36 Edg/136.0.0.0',NULL),(24,7,'k2jcwaIos+3E0blVSnv0BTmps90dXREKlNzP5TpS9cY=','2025-05-19 07:15:24','2025-05-26 07:15:24','2025-05-19 07:15:33',1,'2025-05-19 07:15:33','Mozilla/5.0 (Windows NT 10.0; Win64; x64) AppleWebKit/537.36 (KHTML, like Gecko) Chrome/136.0.0.0 Safari/537.36 Edg/136.0.0.0',NULL),(25,6,'IZa9rPNkOj6d4WgYLv7xG7ZKRLecyVQ56HChycpGkZY=','2025-05-19 07:43:34','2025-05-26 07:43:34','2025-05-19 08:00:52',1,'2025-05-19 08:00:52','Mozilla/5.0 (Windows NT 10.0; Win64; x64) AppleWebKit/537.36 (KHTML, like Gecko) Chrome/136.0.0.0 Safari/537.36 Edg/136.0.0.0',NULL),(26,4,'KHZYyNN7vJcoYNv/HbwPfbF82OSdATh1eTN1dmEPynA=','2025-05-26 23:37:38','2025-06-02 23:37:38','2025-05-27 00:23:35',1,'2025-05-27 00:23:35','Mozilla/5.0 (Windows NT 10.0; Win64; x64) AppleWebKit/537.36 (KHTML, like Gecko) Chrome/136.0.0.0 Safari/537.36 Edg/136.0.0.0',NULL),(27,4,'5zUdyf5Yu3bOUgNJZ7Ssb57tn+yJ67039491vTI4jEA=','2025-05-27 00:23:44','2025-06-03 00:23:43','2025-05-27 00:24:57',1,'2025-05-27 00:24:57','Mozilla/5.0 (Windows NT 10.0; Win64; x64) AppleWebKit/537.36 (KHTML, like Gecko) Chrome/136.0.0.0 Safari/537.36 Edg/136.0.0.0',NULL),(28,3,'aEew2ajs5TCC5bfMWOEKT9OmZOq+yMRn4yFavMrlpk8=','2025-05-27 00:25:12','2025-06-03 00:25:12','2025-05-27 00:31:35',1,'2025-05-27 00:31:35','Mozilla/5.0 (Windows NT 10.0; Win64; x64) AppleWebKit/537.36 (KHTML, like Gecko) Chrome/136.0.0.0 Safari/537.36 Edg/136.0.0.0','2025-05-27 00:31:32'),(29,2,'N4Ex4BilWOjRKhdtGw1f1W+miHeH7BanzOgVvQPj5fw=','2025-05-27 00:31:55','2025-06-03 00:31:55','2025-05-27 00:33:16',1,'2025-05-27 00:33:16','Mozilla/5.0 (Windows NT 10.0; Win64; x64) AppleWebKit/537.36 (KHTML, like Gecko) Chrome/136.0.0.0 Safari/537.36 Edg/136.0.0.0',NULL),(30,3,'Ab5e+H6se0jDOV64g+WNQ7x4inGtOJgZ0oLsuBkDPbI=','2025-05-27 00:33:24','2025-06-03 00:33:24','2025-05-27 00:55:04',1,'2025-05-27 00:55:04','Mozilla/5.0 (Windows NT 10.0; Win64; x64) AppleWebKit/537.36 (KHTML, like Gecko) Chrome/136.0.0.0 Safari/537.36 Edg/136.0.0.0',NULL),(31,4,'WS33yrx2ISSkuBv1qrTqAGh5FphJss3VSxt9ubQC1uc=','2025-05-27 00:55:09','2025-06-03 00:55:09','2025-05-27 01:03:30',1,'2025-05-27 01:03:30','Mozilla/5.0 (Windows NT 10.0; Win64; x64) AppleWebKit/537.36 (KHTML, like Gecko) Chrome/136.0.0.0 Safari/537.36 Edg/136.0.0.0','2025-05-27 01:03:12'),(32,4,'57fkdv9CUJhLNolppcSmlg6CQ85YVgCJ337o3Bi5p5k=','2025-05-27 01:03:38','2025-06-03 01:03:38','2025-05-27 01:23:19',1,'2025-05-27 01:23:19','Mozilla/5.0 (Windows NT 10.0; Win64; x64) AppleWebKit/537.36 (KHTML, like Gecko) Chrome/136.0.0.0 Safari/537.36 Edg/136.0.0.0','2025-05-27 01:15:37'),(33,3,'akOa2DXv/zMQI9nYaObMRKSsgWBKwJWmf25xYxqXOfM=','2025-05-27 01:23:23','2025-06-03 01:23:23','2025-05-27 01:26:12',1,'2025-05-27 01:26:12','Mozilla/5.0 (Windows NT 10.0; Win64; x64) AppleWebKit/537.36 (KHTML, like Gecko) Chrome/136.0.0.0 Safari/537.36 Edg/136.0.0.0',NULL),(34,4,'yUbkJZkqAQcf0lqn3BYBUKd+VQvJ4RnvIDWoKQtOsHQ=','2025-05-27 01:26:42','2025-06-03 01:26:42','2025-05-27 02:46:12',1,'2025-05-27 02:46:12','Mozilla/5.0 (Windows NT 10.0; Win64; x64) AppleWebKit/537.36 (KHTML, like Gecko) Chrome/136.0.0.0 Safari/537.36 Edg/136.0.0.0','2025-05-27 02:44:38'),(35,3,'SItmxwC9xQt7wKgKUl3+cynOfGXltmaCdxdozFjsfWU=','2025-05-27 02:46:21','2025-06-03 02:46:21','2025-05-27 02:50:34',1,'2025-05-27 02:50:34','Mozilla/5.0 (Windows NT 10.0; Win64; x64) AppleWebKit/537.36 (KHTML, like Gecko) Chrome/136.0.0.0 Safari/537.36 Edg/136.0.0.0','2025-05-27 02:50:15'),(36,4,'UHjXyRpi/TnQVbf5QADBTHjhdA5rmJp1n4p9PNlgQJ8=','2025-05-27 02:50:39','2025-06-03 02:50:39','2025-05-27 03:28:30',1,'2025-05-27 03:28:30','Mozilla/5.0 (Windows NT 10.0; Win64; x64) AppleWebKit/537.36 (KHTML, like Gecko) Chrome/136.0.0.0 Safari/537.36 Edg/136.0.0.0','2025-05-27 03:06:09'),(37,4,'QgfDWlLcWPIvXqnsSjp7Op9K0BZZtCFn70NFY29v/ek=','2025-05-27 04:45:27','2025-06-03 04:45:27','2025-05-27 04:56:31',1,'2025-05-27 04:56:31','Mozilla/5.0 (Windows NT 10.0; Win64; x64) AppleWebKit/537.36 (KHTML, like Gecko) Chrome/136.0.0.0 Safari/537.36 Edg/136.0.0.0','2025-05-27 04:56:02'),(38,4,'sZs9u1+EwB8pVB96IKXhsDuojW4RIm9gI8401XgkrNk=','2025-05-27 04:56:37','2025-06-03 04:56:37','2025-05-27 05:25:39',1,'2025-05-27 05:25:39','Mozilla/5.0 (Windows NT 10.0; Win64; x64) AppleWebKit/537.36 (KHTML, like Gecko) Chrome/136.0.0.0 Safari/537.36 Edg/136.0.0.0','2025-05-27 05:24:30'),(39,4,'C5ZN0geeynvc9CNpW2htmRqzO7sBpkV+EFfQIm367vs=','2025-05-27 05:33:15','2025-06-03 05:33:15','2025-05-27 05:51:07',1,'2025-05-27 05:51:07','Mozilla/5.0 (Windows NT 10.0; Win64; x64) AppleWebKit/537.36 (KHTML, like Gecko) Chrome/136.0.0.0 Safari/537.36 Edg/136.0.0.0','2025-05-27 05:49:06'),(40,4,'L+oIAV0O7Nu2Yu+XNxMRwhTaUNCJ53GiRGAHRmoUXIQ=','2025-05-27 05:51:12','2025-06-03 05:51:12','2025-05-27 06:13:42',1,'2025-05-27 06:13:42','Mozilla/5.0 (Windows NT 10.0; Win64; x64) AppleWebKit/537.36 (KHTML, like Gecko) Chrome/136.0.0.0 Safari/537.36 Edg/136.0.0.0','2025-05-27 06:13:20'),(41,3,'bbj6Ok1/R/uwRQXHjHpAvsT41ll3qeU8ph//PfMJmmM=','2025-05-27 06:13:48','2025-06-03 06:13:48','2025-05-27 06:14:11',1,'2025-05-27 06:14:11','Mozilla/5.0 (Windows NT 10.0; Win64; x64) AppleWebKit/537.36 (KHTML, like Gecko) Chrome/136.0.0.0 Safari/537.36 Edg/136.0.0.0',NULL),(42,4,'z1ozRq641UKAYVIyDSY8ggpLjNNx4xxL6AdqjXZ5H+8=','2025-05-27 06:14:16','2025-06-03 06:14:16','2025-05-27 06:14:29',1,'2025-05-27 06:14:29','Mozilla/5.0 (Windows NT 10.0; Win64; x64) AppleWebKit/537.36 (KHTML, like Gecko) Chrome/136.0.0.0 Safari/537.36 Edg/136.0.0.0',NULL),(43,3,'bmS/4nNRYOLeK9fm5UWnoF2VLCxL3fCMZ4lhQLkVujw=','2025-05-27 06:14:35','2025-06-03 06:14:35','2025-05-27 06:58:09',1,'2025-05-27 06:58:09','Mozilla/5.0 (Windows NT 10.0; Win64; x64) AppleWebKit/537.36 (KHTML, like Gecko) Chrome/136.0.0.0 Safari/537.36 Edg/136.0.0.0','2025-05-27 06:57:08'),(44,2,'d2gF+4B/ueHJMp+Uf3bWFQgVVwoaW9JR9x5CrhBEoXI=','2025-05-28 05:46:58','2025-06-04 05:46:58','2025-05-28 05:47:08',1,'2025-05-28 05:47:08','Mozilla/5.0 (Windows NT 10.0; Win64; x64) AppleWebKit/537.36 (KHTML, like Gecko) Chrome/136.0.0.0 Safari/537.36 Edg/136.0.0.0',NULL),(45,3,'r75Fh/kQ1glbcBX3/B/DhDNtwpUY/zxGN/fM8GU05uk=','2025-05-28 05:47:13','2025-06-04 05:47:13','2025-05-28 05:47:31',1,'2025-05-28 05:47:31','Mozilla/5.0 (Windows NT 10.0; Win64; x64) AppleWebKit/537.36 (KHTML, like Gecko) Chrome/136.0.0.0 Safari/537.36 Edg/136.0.0.0',NULL),(46,3,'uFhVHUtDGveSh91hhxm9GePO1gElq1ctlM0kxNwI5jA=','2025-05-28 05:47:36','2025-06-04 05:47:36','2025-05-28 05:47:42',1,'2025-05-28 05:47:42','Mozilla/5.0 (Windows NT 10.0; Win64; x64) AppleWebKit/537.36 (KHTML, like Gecko) Chrome/136.0.0.0 Safari/537.36 Edg/136.0.0.0',NULL),(47,4,'9TVaovnx33Z/WYHHGMP6AUwtrEqX9K9l7CkAr4+KyDs=','2025-05-28 05:47:46','2025-06-04 05:47:46','2025-05-28 06:54:44',1,'2025-05-28 06:54:44','Mozilla/5.0 (Windows NT 10.0; Win64; x64) AppleWebKit/537.36 (KHTML, like Gecko) Chrome/136.0.0.0 Safari/537.36 Edg/136.0.0.0','2025-05-28 06:49:34'),(48,4,'TSBZSXlBcZ6sRWe1GhQUKwTrEpQn/dxpU2k9MEMeYv8=','2025-05-28 23:45:33','2025-06-04 23:45:33','2025-05-29 01:40:54',1,'2025-05-29 01:40:54','Mozilla/5.0 (Windows NT 10.0; Win64; x64) AppleWebKit/537.36 (KHTML, like Gecko) Chrome/136.0.0.0 Safari/537.36 Edg/136.0.0.0','2025-05-29 00:31:38'),(49,2,'HzQTAE2qD11Dux1eBhxPvJcPhYz87ZXj3QNYefTGSik=','2025-05-29 01:41:00','2025-06-05 01:41:00','2025-05-29 01:56:47',1,'2025-05-29 01:56:47','Mozilla/5.0 (Windows NT 10.0; Win64; x64) AppleWebKit/537.36 (KHTML, like Gecko) Chrome/136.0.0.0 Safari/537.36 Edg/136.0.0.0','2025-05-29 01:54:55'),(50,2,'qYdptOIkxwVDLoZtPuvJ+NVBx+0EACV+wGoPOxQwfCo=','2025-05-29 01:56:52','2025-06-05 01:56:52','2025-05-29 02:16:23',1,'2025-05-29 02:16:23','Mozilla/5.0 (Windows NT 10.0; Win64; x64) AppleWebKit/537.36 (KHTML, like Gecko) Chrome/136.0.0.0 Safari/537.36 Edg/136.0.0.0','2025-05-29 02:15:48'),(51,3,'//hXqgKg6tXiKxYL6TNFzmuWeX9ovMB+QK2uWXNttIQ=','2025-05-29 02:16:28','2025-06-05 02:16:28','2025-05-29 02:29:54',1,'2025-05-29 02:29:54','Mozilla/5.0 (Windows NT 10.0; Win64; x64) AppleWebKit/537.36 (KHTML, like Gecko) Chrome/136.0.0.0 Safari/537.36 Edg/136.0.0.0',NULL),(52,4,'P+zvKsQWV7ctubiu3ZY2EQcovQSfEVOW9MjppUDYSZ4=','2025-05-29 03:06:17','2025-06-05 03:06:17','2025-05-29 03:10:07',1,'2025-05-29 03:10:07','Mozilla/5.0 (Windows NT 10.0; Win64; x64) AppleWebKit/537.36 (KHTML, like Gecko) Chrome/136.0.0.0 Safari/537.36 Edg/136.0.0.0',NULL),(53,2,'XN7m5Ar6Ke88BSRiFE608dKrvQr67dukCe5+D6MJGpA=','2025-05-29 03:10:25','2025-06-05 03:10:25','2025-05-29 03:28:16',1,'2025-05-29 03:28:16','Mozilla/5.0 (Windows NT 10.0; Win64; x64) AppleWebKit/537.36 (KHTML, like Gecko) Chrome/136.0.0.0 Safari/537.36 Edg/136.0.0.0','2025-05-29 03:22:30'),(54,4,'e3N6KSuUurgrY2pY6qaOzLZm1ShDmRsobv9icj2pvB0=','2025-05-29 03:29:48','2025-06-05 03:29:48','2025-05-29 04:56:43',1,'2025-05-29 04:56:43','Mozilla/5.0 (Windows NT 10.0; Win64; x64) AppleWebKit/537.36 (KHTML, like Gecko) Chrome/136.0.0.0 Safari/537.36 Edg/136.0.0.0','2025-05-29 04:56:41'),(55,4,'B/80jYCdRVXRev0X0pmhl/p6le6kJpwGiC47qBW+myI=','2025-05-29 05:02:34','2025-06-05 05:02:34','2025-05-29 05:04:56',1,'2025-05-29 05:04:56','Mozilla/5.0 (Windows NT 10.0; Win64; x64) AppleWebKit/537.36 (KHTML, like Gecko) Chrome/136.0.0.0 Safari/537.36 Edg/136.0.0.0',NULL),(56,2,'MhS8qGP61TiX7yccH7H8IOp4km8NVu4O0TFryBNmDlo=','2025-05-29 05:09:44','2025-06-05 05:09:44','2025-05-29 05:09:55',1,'2025-05-29 05:09:55','Mozilla/5.0 (Windows NT 10.0; Win64; x64) AppleWebKit/537.36 (KHTML, like Gecko) Chrome/136.0.0.0 Safari/537.36 Edg/136.0.0.0',NULL),(57,3,'ojiNXwX+Qzpm8BB3t/4E+cPzYqxxpzKCKZUh3A0VQAs=','2025-05-29 05:10:07','2025-06-05 05:10:07','2025-05-29 05:10:14',1,'2025-05-29 05:10:14','Mozilla/5.0 (Windows NT 10.0; Win64; x64) AppleWebKit/537.36 (KHTML, like Gecko) Chrome/136.0.0.0 Safari/537.36 Edg/136.0.0.0',NULL),(58,4,'WOjAEntFRAXbNaan19u+ecIQvcAti2VFM8WzTzsPTUA=','2025-05-29 05:10:26','2025-06-05 05:10:26','2025-05-29 05:10:40',1,'2025-05-29 05:10:40','Mozilla/5.0 (Windows NT 10.0; Win64; x64) AppleWebKit/537.36 (KHTML, like Gecko) Chrome/136.0.0.0 Safari/537.36 Edg/136.0.0.0',NULL),(59,2,'ZbwtMloHFmJQ9gbq4s/0PoqbVpD7+lzeitToeR8zDyE=','2025-05-29 05:11:02','2025-06-05 05:11:02','2025-05-29 05:37:00',1,'2025-05-29 05:37:00','Mozilla/5.0 (Windows NT 10.0; Win64; x64) AppleWebKit/537.36 (KHTML, like Gecko) Chrome/136.0.0.0 Safari/537.36 Edg/136.0.0.0','2025-05-29 05:35:26'),(60,3,'lFLLvSX7f7YDLb/yvIvovlql6oQL9lqn2QcjmpGvwCU=','2025-05-29 05:37:11','2025-06-05 05:37:11','2025-05-29 05:42:45',1,'2025-05-29 05:42:45','Mozilla/5.0 (Windows NT 10.0; Win64; x64) AppleWebKit/537.36 (KHTML, like Gecko) Chrome/136.0.0.0 Safari/537.36 Edg/136.0.0.0','2025-05-29 05:40:39'),(61,4,'erlxZ5Y0eyloQhwADp+1FyB2TivFkJKu9laWq1DDo6Q=','2025-05-29 05:55:29','2025-06-05 05:55:29','2025-05-29 06:02:55',1,'2025-05-29 06:02:55','Mozilla/5.0 (Windows NT 10.0; Win64; x64) AppleWebKit/537.36 (KHTML, like Gecko) Chrome/136.0.0.0 Safari/537.36 Edg/136.0.0.0','2025-05-29 06:00:24'),(62,2,'WRNrLLcooZcDYshtmOnIOojMPMjovdji3NayKH1S5Es=','2025-05-29 06:03:04','2025-06-05 06:03:04','2025-05-29 06:59:37',1,'2025-05-29 06:59:37','Mozilla/5.0 (Windows NT 10.0; Win64; x64) AppleWebKit/537.36 (KHTML, like Gecko) Chrome/136.0.0.0 Safari/537.36 Edg/136.0.0.0','2025-05-29 06:58:19'),(63,4,'M6F9e9BaNhNhMaAdm5jwna+q6O9W3uuxfokuzTgOGEg=','2025-05-29 06:59:52','2025-06-05 06:59:52','2025-05-29 07:25:29',1,'2025-05-29 07:25:29','Mozilla/5.0 (Windows NT 10.0; Win64; x64) AppleWebKit/537.36 (KHTML, like Gecko) Chrome/136.0.0.0 Safari/537.36 Edg/136.0.0.0','2025-05-29 07:22:26'),(64,4,'xypzyoFNy6AYPQYxjA327KNg4K25cxwwOHv+2T6fBsE=','2025-05-29 07:39:38','2025-06-05 07:39:38','2025-05-29 08:16:02',1,'2025-05-29 08:16:02','Mozilla/5.0 (Windows NT 10.0; Win64; x64) AppleWebKit/537.36 (KHTML, like Gecko) Chrome/136.0.0.0 Safari/537.36 Edg/136.0.0.0','2025-05-29 07:57:41'),(65,4,'6TdjpS3azIin0LcMPjn3W6CxGP0jz2296gAzxvzsPj0=','2025-05-30 01:01:48','2025-06-06 01:01:48','2025-05-30 05:39:53',1,'2025-05-30 05:39:53','Mozilla/5.0 (Windows NT 10.0; Win64; x64) AppleWebKit/537.36 (KHTML, like Gecko) Chrome/136.0.0.0 Safari/537.36 Edg/136.0.0.0','2025-05-30 05:39:47'),(66,3,'2PGy/x20kIiZmOpcN/rJGEe7stxg9L9l6Kq2QnE3Glk=','2025-05-30 05:42:13','2025-06-06 05:42:13','2025-05-30 06:17:09',1,'2025-05-30 06:17:09','Mozilla/5.0 (Windows NT 10.0; Win64; x64) AppleWebKit/537.36 (KHTML, like Gecko) Chrome/136.0.0.0 Safari/537.36 Edg/136.0.0.0','2025-05-30 06:16:19'),(67,4,'e/L5Fi7hIgrx+jWj3dqtJTyopJY2BFb4iGRz/LtCoPo=','2025-05-30 06:17:15','2025-06-06 06:17:15','2025-05-30 06:19:44',1,'2025-05-30 06:19:44','Mozilla/5.0 (Windows NT 10.0; Win64; x64) AppleWebKit/537.36 (KHTML, like Gecko) Chrome/136.0.0.0 Safari/537.36 Edg/136.0.0.0',NULL),(68,3,'1eGaNDjqFT62iTr2y39NBe2sK2LTyNIZ4xqcxPJGah4=','2025-05-30 06:19:49','2025-06-06 06:19:49','2025-05-30 07:34:18',1,'2025-05-30 07:34:18','Mozilla/5.0 (Windows NT 10.0; Win64; x64) AppleWebKit/537.36 (KHTML, like Gecko) Chrome/136.0.0.0 Safari/537.36 Edg/136.0.0.0','2025-05-30 07:34:10'),(69,2,'KvTmQnIBaLpLsJgP11iDtM3RoVdOCf+Che8dZjX4Rxg=','2025-05-30 07:34:23','2025-06-06 07:34:23','2025-05-30 07:35:49',1,'2025-05-30 07:35:49','Mozilla/5.0 (Windows NT 10.0; Win64; x64) AppleWebKit/537.36 (KHTML, like Gecko) Chrome/136.0.0.0 Safari/537.36 Edg/136.0.0.0',NULL),(70,3,'zl2ZxhoXgSdEXwavX1ZkIbn+VusBUoVgmCOe3zs+/dQ=','2025-05-30 07:35:53','2025-06-06 07:35:53','2025-05-30 07:59:56',1,'2025-05-30 07:59:56','Mozilla/5.0 (Windows NT 10.0; Win64; x64) AppleWebKit/537.36 (KHTML, like Gecko) Chrome/136.0.0.0 Safari/537.36 Edg/136.0.0.0','2025-05-30 07:59:00'),(71,4,'9AzXoFy9T15ezSF78O3HCZVfU3hZrgb4jZQkN1HI5+0=','2025-06-02 23:33:35','2025-06-09 23:33:35','2025-06-02 23:33:35',0,NULL,'PostmanRuntime/7.44.0',NULL),(72,3,'9ggAO3CrkdMdcIOhCvIDJlcjosAtXAhPRZzL8AJ7a8I=','2025-06-02 23:42:47','2025-06-09 23:42:47','2025-06-03 01:15:05',1,'2025-06-03 01:15:05','Mozilla/5.0 (Windows NT 10.0; Win64; x64) AppleWebKit/537.36 (KHTML, like Gecko) Chrome/136.0.0.0 Safari/537.36 Edg/136.0.0.0','2025-06-03 01:14:59'),(73,4,'+589ZvNe+uO1XD4/Kd0aCsK/ojwM7w2lVXFYvqfk47s=','2025-06-03 00:12:24','2025-06-10 00:12:24','2025-06-03 00:12:24',0,NULL,'PostmanRuntime/7.44.0',NULL),(74,4,'wVuc775F7JD2gcg1/x6LEqE0y2BJhK5yudWNfoaoFdg=','2025-06-03 00:13:25','2025-06-10 00:13:25','2025-06-03 00:13:25',0,NULL,'PostmanRuntime/7.44.0',NULL),(75,4,'u7BAb91Jd5p1GJeNAT3OjeAbvWcgn8wppYNyNdY+kyQ=','2025-06-03 00:25:31','2025-06-10 00:25:31','2025-06-03 00:25:31',0,NULL,'PostmanRuntime/7.44.0',NULL),(76,3,'FEY+lwQAOSTIuiLmDQDCIG0SRhrDSV3d3OqSaCs2MHI=','2025-06-03 01:15:13','2025-06-10 01:15:13','2025-06-03 05:23:24',1,'2025-06-03 05:23:24','Mozilla/5.0 (Windows NT 10.0; Win64; x64) AppleWebKit/537.36 (KHTML, like Gecko) Chrome/136.0.0.0 Safari/537.36 Edg/136.0.0.0','2025-06-03 04:37:59'),(77,4,'X65zEmeC7XCly1q3DgJnjhPU32EZ3bbIQ/2D64HShtc=','2025-06-03 01:20:15','2025-06-10 01:20:15','2025-06-03 01:20:15',0,NULL,'PostmanRuntime/7.44.0',NULL),(78,3,'/j5hRozOpKVVT+dnv8zsuaGs4xQ2OpcdJvvEkH11lt4=','2025-06-03 05:25:20','2025-06-10 05:25:20','2025-06-03 07:18:17',1,'2025-06-03 07:18:17','Mozilla/5.0 (Windows NT 10.0; Win64; x64) AppleWebKit/537.36 (KHTML, like Gecko) Chrome/136.0.0.0 Safari/537.36 Edg/136.0.0.0','2025-06-03 06:45:39'),(79,4,'RSSW03Nu0i4bkMFV7REL6s84UaJyjCQt83gJLxA7QWE=','2025-06-03 06:27:23','2025-06-10 06:27:23','2025-06-03 06:27:23',0,NULL,'PostmanRuntime/7.44.0',NULL),(80,4,'0dQ7+HjHQm1TqHU2kH1/Liqk8xSOvkUapWG5I6JNlz8=','2025-06-03 07:18:21','2025-06-10 07:18:21','2025-06-03 07:18:35',1,'2025-06-03 07:18:35','Mozilla/5.0 (Windows NT 10.0; Win64; x64) AppleWebKit/537.36 (KHTML, like Gecko) Chrome/136.0.0.0 Safari/537.36 Edg/136.0.0.0',NULL),(81,3,'ryhQOpVVsKgPTPUBWNnZlzA3G9nPl3xcK1V8eioyqBM=','2025-06-03 07:47:47','2025-06-10 07:47:47','2025-06-04 02:14:18',1,'2025-06-04 02:14:18','Mozilla/5.0 (Windows NT 10.0; Win64; x64) AppleWebKit/537.36 (KHTML, like Gecko) Chrome/136.0.0.0 Safari/537.36 Edg/136.0.0.0','2025-06-03 08:47:19'),(82,3,'EIBYOLr7Yh4OiUsexHZNhde220ktVjL3nA3o01rndAQ=','2025-06-04 02:16:06','2025-06-11 02:16:06','2025-06-04 05:04:27',1,'2025-06-04 05:04:27','Mozilla/5.0 (Windows NT 10.0; Win64; x64) AppleWebKit/537.36 (KHTML, like Gecko) Chrome/136.0.0.0 Safari/537.36 Edg/136.0.0.0','2025-06-04 04:46:38'),(83,4,'uoP47cTA0pjlH3JOmdKrfyZ14IQkCWiQOYim2DGVkQs=','2025-06-04 03:32:02','2025-06-11 03:32:02','2025-06-04 03:32:02',0,NULL,'PostmanRuntime/7.44.0',NULL),(84,4,'N+VXmM1INhcm5nCGuhVUOw81fzhRmRooZAzmbpLUjeM=','2025-06-04 04:46:52','2025-06-11 04:46:52','2025-06-04 04:46:52',0,NULL,'PostmanRuntime/7.44.0',NULL),(85,4,'VOqfvfbGXhEeEOph0BzCz4uAzTs89OKTcrLK5pEA4Mo=','2025-06-04 05:04:31','2025-06-11 05:04:31','2025-06-04 05:05:14',1,'2025-06-04 05:05:14','Mozilla/5.0 (Windows NT 10.0; Win64; x64) AppleWebKit/537.36 (KHTML, like Gecko) Chrome/136.0.0.0 Safari/537.36 Edg/136.0.0.0',NULL),(86,4,'Y4Ijk14P9dGUG9sPi4IBL1zKJU9U2Bc95VeD876MYj8=','2025-06-04 05:05:19','2025-06-11 05:05:19','2025-06-04 05:45:19',1,'2025-06-04 05:45:19','Mozilla/5.0 (Windows NT 10.0; Win64; x64) AppleWebKit/537.36 (KHTML, like Gecko) Chrome/136.0.0.0 Safari/537.36 Edg/136.0.0.0','2025-06-04 05:43:05'),(87,4,'XdONHMU8c05n9fz06inGv9PWsJ8bexmWskg1XCw++Bs=','2025-06-04 05:05:58','2025-06-11 05:05:58','2025-06-04 05:05:58',0,NULL,'PostmanRuntime/7.44.0',NULL),(88,4,'KcXqmvfUOak2PiUWnuINGvPfRaJTeZzrRuEnWv5MFeg=','2025-06-04 05:09:08','2025-06-11 05:09:08','2025-06-04 05:09:08',0,NULL,'PostmanRuntime/7.44.0',NULL),(89,4,'JX3ybKV4kqCKPQfPG/YRtQtpRW77F1gcOrLGAhCx8Sw=','2025-06-04 05:12:30','2025-06-11 05:12:30','2025-06-04 05:12:30',0,NULL,'PostmanRuntime/7.44.0',NULL),(90,4,'d02HFKcYt/YTPhJV65ye5ppD2bWju3JUt7jx1f/KzX0=','2025-06-04 05:26:28','2025-06-11 05:26:28','2025-06-04 05:26:28',0,NULL,'PostmanRuntime/7.44.0',NULL),(91,3,'U8sXw+BQ2hKfyW3kacukUn9Y0mgq8wmy7M6EJV/kmk8=','2025-06-04 05:45:23','2025-06-11 05:45:23','2025-06-04 06:00:08',1,'2025-06-04 06:00:08','Mozilla/5.0 (Windows NT 10.0; Win64; x64) AppleWebKit/537.36 (KHTML, like Gecko) Chrome/136.0.0.0 Safari/537.36 Edg/136.0.0.0','2025-06-04 05:58:18'),(92,4,'64Mk+qqNeD/AEpqWU+y0ajqD/VDqj/OoElANmM5cu50=','2025-06-04 06:00:12','2025-06-11 06:00:12','2025-06-04 06:02:56',1,'2025-06-04 06:02:56','Mozilla/5.0 (Windows NT 10.0; Win64; x64) AppleWebKit/537.36 (KHTML, like Gecko) Chrome/136.0.0.0 Safari/537.36 Edg/136.0.0.0',NULL),(93,3,'htflzXMcp7brEfEsqPWrO0ojBnh7UaA2YwXdjJEUAYY=','2025-06-04 06:03:00','2025-06-11 06:03:00','2025-06-04 07:20:43',1,'2025-06-04 07:20:43','Mozilla/5.0 (Windows NT 10.0; Win64; x64) AppleWebKit/537.36 (KHTML, like Gecko) Chrome/136.0.0.0 Safari/537.36 Edg/136.0.0.0','2025-06-04 07:19:32'),(94,4,'hs0MIgsEOqzWEZqXULZCSS7Oc8xobFCehHJs/EB+qbo=','2025-06-04 06:18:00','2025-06-11 06:18:00','2025-06-04 06:18:00',0,NULL,'PostmanRuntime/7.44.0',NULL),(95,4,'Sk0lVxJLAYgPqiLcMkgOLzgWYRls8ANztLLqMClqvBU=','2025-06-04 06:27:21','2025-06-11 06:27:21','2025-06-04 06:27:21',0,NULL,'PostmanRuntime/7.44.0',NULL),(96,4,'xniNYBvSXsbJmYhWfOmdvwuc+YeHCCKo551Puvl/j3o=','2025-06-04 06:31:38','2025-06-11 06:31:38','2025-06-04 06:31:38',0,NULL,'PostmanRuntime/7.44.0',NULL),(97,4,'A4xNHzW7Wfz0LSS4F1vRfoErChDQ0IBiB26lS69b2Ps=','2025-06-04 07:20:46','2025-06-11 07:20:46','2025-06-04 07:27:21',1,'2025-06-04 07:27:21','Mozilla/5.0 (Windows NT 10.0; Win64; x64) AppleWebKit/537.36 (KHTML, like Gecko) Chrome/136.0.0.0 Safari/537.36 Edg/136.0.0.0',NULL),(98,3,'ePtc4BZBPWv6bMMLps8V7thMDJXV/FlNnZKmkNRDx9Q=','2025-06-04 07:27:25','2025-06-11 07:27:25','2025-06-04 07:33:28',1,'2025-06-04 07:33:28','Mozilla/5.0 (Windows NT 10.0; Win64; x64) AppleWebKit/537.36 (KHTML, like Gecko) Chrome/136.0.0.0 Safari/537.36 Edg/136.0.0.0','2025-06-04 07:31:21'),(99,4,'QllaNmtxTx4/uacNEQKSgdxzRg6WMHYy274wnPJT5fY=','2025-06-04 07:33:33','2025-06-11 07:33:33','2025-06-04 23:47:48',1,'2025-06-04 23:47:48','Mozilla/5.0 (Windows NT 10.0; Win64; x64) AppleWebKit/537.36 (KHTML, like Gecko) Chrome/136.0.0.0 Safari/537.36 Edg/136.0.0.0',NULL),(100,3,'3kRHYz7FAWY1VHon/zVD6qMb9bCy+s3Xka6gFmbfzeU=','2025-06-04 23:48:41','2025-06-11 23:48:41','2025-06-05 01:53:08',1,'2025-06-05 01:53:08','Mozilla/5.0 (Windows NT 10.0; Win64; x64) AppleWebKit/537.36 (KHTML, like Gecko) Chrome/136.0.0.0 Safari/537.36 Edg/136.0.0.0','2025-06-05 01:51:50'),(101,4,'cybnK7SdfJ8fg2u4HhDNhoaXpsFA9gHNUs1u0p0BPqY=','2025-06-05 00:37:36','2025-06-12 00:37:36','2025-06-05 00:37:36',0,NULL,'PostmanRuntime/7.44.0',NULL),(102,4,'8jhU8oNxm2oE9f13Neyg5R/LFJbzXRGUgKfSt/lIGPQ=','2025-06-05 00:40:03','2025-06-12 00:40:03','2025-06-05 00:40:03',0,NULL,'PostmanRuntime/7.44.0',NULL),(103,4,'M5wvKIeTMxghwlPHuXzj7UlkIQ/v6xrMvnHqHfQ9rYI=','2025-06-05 00:52:56','2025-06-12 00:52:56','2025-06-05 00:52:56',0,NULL,'PostmanRuntime/7.44.0',NULL),(104,4,'gOOz/BDy5wfFzz4qfZEh+O8UT5mqP/sn9KYrAZ7H6QA=','2025-06-05 00:53:16','2025-06-12 00:53:16','2025-06-05 00:53:16',0,NULL,'PostmanRuntime/7.44.0',NULL),(105,4,'V4ZiPpD8E6xKDfD/WJPZyJcC6voKl3Xdqyu6aaOHuWQ=','2025-06-05 01:20:43','2025-06-12 01:20:43','2025-06-05 01:20:43',0,NULL,'PostmanRuntime/7.44.0',NULL),(106,4,'GIIaAth7j3I5R0JYl6E88u2b8CIUjgV14vxvHoutHMg=','2025-06-05 01:53:18','2025-06-12 01:53:18','2025-06-05 02:39:39',1,'2025-06-05 02:39:39','Mozilla/5.0 (Windows NT 10.0; Win64; x64) AppleWebKit/537.36 (KHTML, like Gecko) Chrome/136.0.0.0 Safari/537.36 Edg/136.0.0.0','2025-06-05 02:17:56'),(107,4,'NZBI+jQRSDmdWZveEjnY73ekpJO9RRlxHOQpL0HlkQ0=','2025-06-05 02:37:07','2025-06-12 02:37:07','2025-06-05 02:37:07',0,NULL,'PostmanRuntime/7.44.0',NULL),(108,3,'4hSnvibKx/jzjxuXC0aZ04oCocVe0g9qFt4s/o2PNEM=','2025-06-05 02:39:48','2025-06-12 02:39:48','2025-06-05 03:49:55',1,'2025-06-05 03:49:55','Mozilla/5.0 (Windows NT 10.0; Win64; x64) AppleWebKit/537.36 (KHTML, like Gecko) Chrome/136.0.0.0 Safari/537.36 Edg/136.0.0.0','2025-06-05 03:47:03'),(109,4,'WULBYCj6q3yBR+PTnRQI4Dio60kKXxeTMCP9javD+eo=','2025-06-05 03:01:51','2025-06-12 03:01:51','2025-06-05 03:01:51',0,NULL,'PostmanRuntime/7.44.0',NULL),(110,3,'DBTUe3nCxjnNv68WG9ksa8OssSjexDZqEcS4g9fRcBA=','2025-06-05 05:03:33','2025-06-12 05:03:33','2025-06-05 05:24:18',1,'2025-06-05 05:24:18','Mozilla/5.0 (Windows NT 10.0; Win64; x64) AppleWebKit/537.36 (KHTML, like Gecko) Chrome/136.0.0.0 Safari/537.36 Edg/136.0.0.0','2025-06-05 05:19:44'),(111,4,'YyCnQhFg8PfZRo5vZdqGc9vBnOUdwVwoEouxIvAeNC0=','2025-06-05 05:15:39','2025-06-12 05:15:39','2025-06-05 05:15:39',0,NULL,'PostmanRuntime/7.44.0',NULL),(112,4,'+mNnFthJO1YNyne2xNsXK/DGCR/IhKf6nBfAgNO+HiQ=','2025-06-05 05:18:34','2025-06-12 05:18:34','2025-06-05 05:18:34',0,NULL,'PostmanRuntime/7.44.0',NULL),(113,4,'9/ecTXWz+WyAGL4ddsSgFkLbhHNaIDb5FqhPSPwHw0g=','2025-06-05 05:24:25','2025-06-12 05:24:25','2025-06-05 05:29:44',1,'2025-06-05 05:29:44','Mozilla/5.0 (Windows NT 10.0; Win64; x64) AppleWebKit/537.36 (KHTML, like Gecko) Chrome/136.0.0.0 Safari/537.36 Edg/136.0.0.0','2025-06-05 05:27:31'),(114,3,'UEtKGL63q0aMEBuYC6Dm0v39l/46Rj5sqxBr8eKTVJs=','2025-06-05 05:38:53','2025-06-12 05:38:53','2025-06-05 06:18:29',1,'2025-06-05 06:18:29','Mozilla/5.0 (Windows NT 10.0; Win64; x64) AppleWebKit/537.36 (KHTML, like Gecko) Chrome/136.0.0.0 Safari/537.36 Edg/136.0.0.0','2025-06-05 06:14:56'),(115,4,'eYhS00rGgXYd0SckhBTmSWTIFr4Xmcv4RpBzNh1c0eA=','2025-06-05 05:49:49','2025-06-12 05:49:49','2025-06-05 05:49:49',0,NULL,'PostmanRuntime/7.44.0',NULL),(116,4,'Co/wPiNTq4DxIC2c4IeK6S/c/3Fds5BJZbv2JaYvvKA=','2025-06-05 06:06:02','2025-06-12 06:06:02','2025-06-05 06:06:02',0,NULL,'PostmanRuntime/7.44.0',NULL),(117,4,'jPTUqKApXd0FMq09nT5uozSDmMUn4+U2bP74GyOt17M=','2025-06-05 06:18:43','2025-06-12 06:18:43','2025-06-05 06:43:22',1,'2025-06-05 06:43:21','Mozilla/5.0 (Windows NT 10.0; Win64; x64) AppleWebKit/537.36 (KHTML, like Gecko) Chrome/136.0.0.0 Safari/537.36 Edg/136.0.0.0',NULL),(118,3,'HSRC01D33HH5oKXbaaG8SyUoz5qGYVLLOYLO5s7JhsA=','2025-06-05 06:43:26','2025-06-12 06:43:26','2025-06-05 06:59:04',1,'2025-06-05 06:59:04','Mozilla/5.0 (Windows NT 10.0; Win64; x64) AppleWebKit/537.36 (KHTML, like Gecko) Chrome/136.0.0.0 Safari/537.36 Edg/136.0.0.0','2025-06-05 06:59:01'),(119,4,'pTJalimP+Q+rX2OOMLgP4P/sAYvriC64PFuudj+ChoY=','2025-06-05 06:59:10','2025-06-12 06:59:10','2025-06-05 06:59:50',1,'2025-06-05 06:59:50','Mozilla/5.0 (Windows NT 10.0; Win64; x64) AppleWebKit/537.36 (KHTML, like Gecko) Chrome/136.0.0.0 Safari/537.36 Edg/136.0.0.0',NULL),(120,3,'4CxAjJcfOevWjB72i/SulbamXBBt8jzDB5INJ9xQ0KA=','2025-06-05 06:59:54','2025-06-12 06:59:54','2025-06-05 07:01:40',1,'2025-06-05 07:01:40','Mozilla/5.0 (Windows NT 10.0; Win64; x64) AppleWebKit/537.36 (KHTML, like Gecko) Chrome/136.0.0.0 Safari/537.36 Edg/136.0.0.0',NULL),(121,4,'u7XYh1wnVw2jgpZAvkCS0/MMfeYHEuURK4FnH/R2Cp4=','2025-06-05 07:01:44','2025-06-12 07:01:44','2025-06-05 07:02:01',1,'2025-06-05 07:02:01','Mozilla/5.0 (Windows NT 10.0; Win64; x64) AppleWebKit/537.36 (KHTML, like Gecko) Chrome/136.0.0.0 Safari/537.36 Edg/136.0.0.0',NULL),(122,3,'27zmQ9bhJCfFtUx1mT5Cu4mogyuTULCKt5Kijb6ukVg=','2025-06-05 07:06:27','2025-06-12 07:06:27','2025-06-05 07:14:53',1,'2025-06-05 07:14:53','Mozilla/5.0 (Windows NT 10.0; Win64; x64) AppleWebKit/537.36 (KHTML, like Gecko) Chrome/136.0.0.0 Safari/537.36 Edg/136.0.0.0',NULL),(123,4,'bvDTUwuNtgUpExCAVwgP8USX/SjDs1xju8tOiyFlmjQ=','2025-06-05 07:14:57','2025-06-12 07:14:57','2025-06-05 07:30:57',0,NULL,'Mozilla/5.0 (Windows NT 10.0; Win64; x64) AppleWebKit/537.36 (KHTML, like Gecko) Chrome/136.0.0.0 Safari/537.36 Edg/136.0.0.0','2025-06-05 07:30:57'),(124,4,'hXmCLJRXu1EdX5q5hBk2V7G06y0WefhyxHY57QJf4zk=','2025-06-05 07:47:31','2025-06-12 07:47:31','2025-06-05 08:03:23',1,'2025-06-05 08:03:23','Mozilla/5.0 (Windows NT 10.0; Win64; x64) AppleWebKit/537.36 (KHTML, like Gecko) Chrome/136.0.0.0 Safari/537.36 Edg/136.0.0.0','2025-06-05 08:02:46'),(125,4,'hqiBm/2w6Xz63huZYJRvNG3RZHpJ2pv1UduPS5QrAGw=','2025-06-05 07:54:30','2025-06-12 07:54:30','2025-06-05 07:54:30',0,NULL,'PostmanRuntime/7.44.0',NULL),(126,4,'yTHZyCWnw/gXohe9J60QOfRPvvNoCXseJboXJPRC7tk=','2025-06-06 00:49:56','2025-06-13 00:49:56','2025-06-06 04:44:07',1,'2025-06-06 04:44:07','Mozilla/5.0 (Windows NT 10.0; Win64; x64) AppleWebKit/537.36 (KHTML, like Gecko) Chrome/137.0.0.0 Safari/537.36 Edg/137.0.0.0','2025-06-06 03:52:09'),(127,4,'gTnbUPU+oGaLMPHXhKGbSs3sOGzxxf9IvXWsyOnrvhI=','2025-06-06 04:46:10','2025-06-13 04:46:10','2025-06-06 06:39:00',1,'2025-06-06 06:39:00','Mozilla/5.0 (Windows NT 10.0; Win64; x64) AppleWebKit/537.36 (KHTML, like Gecko) Chrome/137.0.0.0 Safari/537.36 Edg/137.0.0.0','2025-06-06 06:38:42'),(128,3,'T0KGyv6lCfhp41/HyoVPg41NbZLidW66/NrH8KHMjuk=','2025-06-06 06:39:05','2025-06-13 06:39:05','2025-06-06 06:54:53',1,'2025-06-06 06:54:53','Mozilla/5.0 (Windows NT 10.0; Win64; x64) AppleWebKit/537.36 (KHTML, like Gecko) Chrome/137.0.0.0 Safari/537.36 Edg/137.0.0.0','2025-06-06 06:52:15'),(129,4,'gjfPK8MOQFdnDXk8V7n3Oorlam2oRaTiIeP3aEAD6Ls=','2025-06-06 06:40:12','2025-06-13 06:40:12','2025-06-06 06:40:12',0,NULL,'PostmanRuntime/7.44.0',NULL),(130,4,'Yt49yq7jHFvXTOZU3C9jmP6B0dnW1f+UJKBF3kAZJgQ=','2025-06-06 06:44:26','2025-06-13 06:44:26','2025-06-06 06:44:26',0,NULL,'PostmanRuntime/7.44.0',NULL),(131,2,'7oyj700LhQEbtlb00zVm5wAUDCkzP1Ltco98dJVR+8w=','2025-06-06 06:54:57','2025-06-13 06:54:57','2025-06-06 06:56:36',1,'2025-06-06 06:56:36','Mozilla/5.0 (Windows NT 10.0; Win64; x64) AppleWebKit/537.36 (KHTML, like Gecko) Chrome/137.0.0.0 Safari/537.36 Edg/137.0.0.0',NULL),(132,3,'H2vMWFPPoe7ilrWcH/YSXLfni0l0e05ceXSJ9jT5mn0=','2025-06-06 06:56:40','2025-06-13 06:56:40','2025-06-06 08:01:01',1,'2025-06-06 08:01:01','Mozilla/5.0 (Windows NT 10.0; Win64; x64) AppleWebKit/537.36 (KHTML, like Gecko) Chrome/137.0.0.0 Safari/537.36 Edg/137.0.0.0','2025-06-06 08:00:23'),(133,4,'/SwoBJ1q66rY/Sgtrdt5F2GMnix5vO9NvudCKfN6oMw=','2025-06-06 23:21:01','2025-06-13 23:21:01','2025-06-07 05:02:23',1,'2025-06-07 05:02:23','Mozilla/5.0 (Windows NT 10.0; Win64; x64) AppleWebKit/537.36 (KHTML, like Gecko) Chrome/137.0.0.0 Safari/537.36 Edg/137.0.0.0','2025-06-07 03:03:03'),(134,3,'E3oZqwtmT6QEPRzkL8MvGo5zGZcsnU3hDVfpqToB+Qs=','2025-06-07 05:02:29','2025-06-14 05:02:29','2025-06-07 08:02:25',1,'2025-06-07 08:02:25','Mozilla/5.0 (Windows NT 10.0; Win64; x64) AppleWebKit/537.36 (KHTML, like Gecko) Chrome/137.0.0.0 Safari/537.36 Edg/137.0.0.0','2025-06-07 07:41:30'),(135,4,'IfkjqlHtqD1iKTZQ45O/A351yOlmhu48cdpZF4ROLDU=','2025-06-09 00:09:53','2025-06-16 00:09:53','2025-06-09 00:09:53',0,NULL,'PostmanRuntime/7.44.0',NULL),(136,3,'qV9lRDPjl9S/ZjgoqLNj/FKrd7S72HLCZ/BYzhVBvZY=','2025-06-09 00:15:43','2025-06-16 00:15:43','2025-06-09 00:46:23',1,'2025-06-09 00:46:23','Mozilla/5.0 (Windows NT 10.0; Win64; x64) AppleWebKit/537.36 (KHTML, like Gecko) Chrome/137.0.0.0 Safari/537.36 Edg/137.0.0.0','2025-06-09 00:46:15'),(137,4,'EXW1RxgbfQOUWu0oz8I3kg1n1BRsACvFbHp1AsGTLGM=','2025-06-09 00:43:29','2025-06-16 00:43:29','2025-06-09 00:43:29',0,NULL,'PostmanRuntime/7.44.0',NULL),(138,5,'H5mYG0wW/5pvat/8cFqX3sgAlsWuwLsUfIsRq6WHi14=','2025-06-09 00:46:30','2025-06-16 00:46:30','2025-06-09 00:46:38',1,'2025-06-09 00:46:38','Mozilla/5.0 (Windows NT 10.0; Win64; x64) AppleWebKit/537.36 (KHTML, like Gecko) Chrome/137.0.0.0 Safari/537.36 Edg/137.0.0.0',NULL),(139,3,'uzu7DfqTkOIrek4xS6HCL11jmHtqji7mSGegZrgFDTw=','2025-06-09 00:46:43','2025-06-16 00:46:43','2025-06-09 00:49:09',1,'2025-06-09 00:49:09','Mozilla/5.0 (Windows NT 10.0; Win64; x64) AppleWebKit/537.36 (KHTML, like Gecko) Chrome/137.0.0.0 Safari/537.36 Edg/137.0.0.0',NULL),(140,4,'VGm8iBGRbBE1SUjLMURjq/B0fZ4Iq67XckSsJg19TGE=','2025-06-09 00:49:17','2025-06-16 00:49:17','2025-06-09 01:02:09',1,'2025-06-09 01:02:09','Mozilla/5.0 (Windows NT 10.0; Win64; x64) AppleWebKit/537.36 (KHTML, like Gecko) Chrome/137.0.0.0 Safari/537.36 Edg/137.0.0.0','2025-06-09 01:00:39'),(141,2,'U3mrnH/Vv29gvhfZVNz8AdC7BsAnjmAMzykMErDGkDU=','2025-06-09 01:02:16','2025-06-16 01:02:16','2025-06-09 01:02:53',1,'2025-06-09 01:02:53','Mozilla/5.0 (Windows NT 10.0; Win64; x64) AppleWebKit/537.36 (KHTML, like Gecko) Chrome/137.0.0.0 Safari/537.36 Edg/137.0.0.0',NULL),(142,2,'gpFoJyG6xNSy31DlSgMsLEJzgzYjVaBJWvrycfvbZDY=','2025-06-09 01:02:59','2025-06-16 01:02:59','2025-06-09 01:07:02',1,'2025-06-09 01:07:02','Mozilla/5.0 (Windows NT 10.0; Win64; x64) AppleWebKit/537.36 (KHTML, like Gecko) Chrome/137.0.0.0 Safari/537.36 Edg/137.0.0.0','2025-06-09 01:05:57'),(143,3,'QkymytsAGSVdfCJI5C5sEuF/BOopM5KkT6f0J1qGUM8=','2025-06-09 01:07:14','2025-06-16 01:07:14','2025-06-09 02:45:37',1,'2025-06-09 02:45:37','Mozilla/5.0 (Windows NT 10.0; Win64; x64) AppleWebKit/537.36 (KHTML, like Gecko) Chrome/137.0.0.0 Safari/537.36 Edg/137.0.0.0','2025-06-09 02:43:53'),(144,4,'qLKRoi40UfDfKTDO9tx3EcrGB6tL/2KeWclj/r1t5oA=','2025-06-09 01:18:52','2025-06-16 01:18:52','2025-06-09 01:18:52',0,NULL,'PostmanRuntime/7.44.0',NULL),(145,4,'FuuFpGlt3BpPoC+I1frohitwSyQLXsLtw8Rbal5hsJE=','2025-06-09 01:19:44','2025-06-16 01:19:44','2025-06-09 01:19:44',0,NULL,'PostmanRuntime/7.44.0',NULL),(146,4,'Evqywkl7opg8D+nabyxzg/MJGfVJPwvjvvs7aijUPkk=','2025-06-09 01:22:07','2025-06-16 01:22:07','2025-06-09 01:22:07',0,NULL,'PostmanRuntime/7.44.0',NULL),(147,4,'YCwV7qKtR2MpBZlhoVjW9+yojQ7fSUASgdkrj8bPAY8=','2025-06-09 01:26:08','2025-06-16 01:26:08','2025-06-09 01:26:08',0,NULL,'PostmanRuntime/7.44.0',NULL),(148,4,'mWyV8lunbB2oi+Tv9lLgOLU6VqTVFW5RHP8AlaSC6xU=','2025-06-09 01:57:16','2025-06-16 01:57:16','2025-06-09 01:57:16',0,NULL,'PostmanRuntime/7.44.0',NULL),(149,4,'SBTXNw1TzLxfp/eih81BWPNns1b5Ye86Pk3iozi5g50=','2025-06-09 02:45:42','2025-06-16 02:45:42','2025-06-09 02:46:02',1,'2025-06-09 02:46:02','Mozilla/5.0 (Windows NT 10.0; Win64; x64) AppleWebKit/537.36 (KHTML, like Gecko) Chrome/137.0.0.0 Safari/537.36 Edg/137.0.0.0',NULL),(150,3,'7SfNRX6JWO8MmEptn8JqLw+oJH7+Lp+klDtKzBbgWGw=','2025-06-09 02:46:06','2025-06-16 02:46:06','2025-06-09 04:54:41',1,'2025-06-09 04:54:41','Mozilla/5.0 (Windows NT 10.0; Win64; x64) AppleWebKit/537.36 (KHTML, like Gecko) Chrome/137.0.0.0 Safari/537.36 Edg/137.0.0.0','2025-06-09 03:47:40'),(151,4,'C5eOVuV5kzZoJTWQvkTut3qjVUCd1EzzNXbjadAWqOI=','2025-06-09 02:59:52','2025-06-16 02:59:52','2025-06-09 02:59:52',0,NULL,'PostmanRuntime/7.44.0',NULL),(152,3,'geMx6AuRsQ7cTen+Kc9quFFzYIQfJaAZZQkBbxEgIGI=','2025-06-09 04:54:52','2025-06-16 04:54:52','2025-06-09 04:59:08',1,'2025-06-09 04:59:08','Mozilla/5.0 (Windows NT 10.0; Win64; x64) AppleWebKit/537.36 (KHTML, like Gecko) Chrome/137.0.0.0 Safari/537.36 Edg/137.0.0.0','2025-06-09 04:57:45'),(153,4,'ZDuHFf4q3Ceg0yD9U0Tzomae9QY3Qc8S/JsxauVCZEk=','2025-06-09 04:59:13','2025-06-16 04:59:13','2025-06-09 05:03:04',1,'2025-06-09 05:03:04','Mozilla/5.0 (Windows NT 10.0; Win64; x64) AppleWebKit/537.36 (KHTML, like Gecko) Chrome/137.0.0.0 Safari/537.36 Edg/137.0.0.0','2025-06-09 05:02:11'),(154,2,'LNUULY+HC/rXdNLMd5du4pDlXprqq96nbAv0SEimqAw=','2025-06-09 05:03:16','2025-06-16 05:03:16','2025-06-09 05:07:05',1,'2025-06-09 05:07:05','Mozilla/5.0 (Windows NT 10.0; Win64; x64) AppleWebKit/537.36 (KHTML, like Gecko) Chrome/137.0.0.0 Safari/537.36 Edg/137.0.0.0','2025-06-09 05:06:40'),(155,3,'5OgJrIpu0YbmnFPhR3CEScEyMR/NP2uG4iSx8TBjz5I=','2025-06-09 05:07:13','2025-06-16 05:07:13','2025-06-09 05:07:27',1,'2025-06-09 05:07:27','Mozilla/5.0 (Windows NT 10.0; Win64; x64) AppleWebKit/537.36 (KHTML, like Gecko) Chrome/137.0.0.0 Safari/537.36 Edg/137.0.0.0',NULL),(156,2,'JIDEzNgA/UexMvjM/GkosHSR0HwFU5ipKtYZ+P2V21c=','2025-06-09 05:07:42','2025-06-16 05:07:42','2025-06-09 05:07:51',1,'2025-06-09 05:07:51','Mozilla/5.0 (Windows NT 10.0; Win64; x64) AppleWebKit/537.36 (KHTML, like Gecko) Chrome/137.0.0.0 Safari/537.36 Edg/137.0.0.0',NULL),(157,3,'YkPu9F+2tMMzJzDyy/3r6gM77w0JZd3Wx50vJ1rG1hE=','2025-06-09 05:07:57','2025-06-16 05:07:57','2025-06-09 05:40:28',1,'2025-06-09 05:40:28','Mozilla/5.0 (Windows NT 10.0; Win64; x64) AppleWebKit/537.36 (KHTML, like Gecko) Chrome/137.0.0.0 Safari/537.36 Edg/137.0.0.0','2025-06-09 05:38:56'),(158,4,'FaYMLNifR4cavWKSjFFxcYIZ+bHNOrbwNqv1jDgOLho=','2025-06-09 05:40:36','2025-06-16 05:40:36','2025-06-09 05:47:33',1,'2025-06-09 05:47:33','Mozilla/5.0 (Windows NT 10.0; Win64; x64) AppleWebKit/537.36 (KHTML, like Gecko) Chrome/137.0.0.0 Safari/537.36 Edg/137.0.0.0',NULL),(159,2,'xQHGofFNuGiUVrdzrvSRT0hktbg7ffYdFGLqaz97EwI=','2025-06-09 05:48:16','2025-06-16 05:48:16','2025-06-10 23:19:53',1,'2025-06-10 23:19:53','Mozilla/5.0 (Windows NT 10.0; Win64; x64) AppleWebKit/537.36 (KHTML, like Gecko) Chrome/137.0.0.0 Safari/537.36 Edg/137.0.0.0',NULL),(160,3,'3rvJxNNrLc3uc71MEyoPh4hBA4EGxo+gxGIm2aXfOgI=','2025-06-10 23:20:22','2025-06-17 23:20:22','2025-06-10 23:20:44',1,'2025-06-10 23:20:44','Mozilla/5.0 (Windows NT 10.0; Win64; x64) AppleWebKit/537.36 (KHTML, like Gecko) Chrome/137.0.0.0 Safari/537.36 Edg/137.0.0.0',NULL),(161,4,'ScRBjkNOZQYQkEeOL8ng/oGTxYB3ONnYK4cl5QU+uLk=','2025-06-10 23:20:49','2025-06-17 23:20:49','2025-06-11 00:01:04',1,'2025-06-11 00:01:04','Mozilla/5.0 (Windows NT 10.0; Win64; x64) AppleWebKit/537.36 (KHTML, like Gecko) Chrome/137.0.0.0 Safari/537.36 Edg/137.0.0.0','2025-06-10 23:59:11'),(162,4,'NNBXVbnllArHxEPLxaWLFsn4s3B57g83eKCTEskQmzQ=','2025-06-11 00:01:09','2025-06-18 00:01:09','2025-06-11 00:29:46',1,'2025-06-11 00:29:46','Mozilla/5.0 (Windows NT 10.0; Win64; x64) AppleWebKit/537.36 (KHTML, like Gecko) Chrome/137.0.0.0 Safari/537.36 Edg/137.0.0.0',NULL),(163,3,'QfDEA4p6DhAnnliGJ6xA0bBySEDh3sl+uGpiHFLgSEY=','2025-06-11 05:50:17','2025-06-18 05:50:17','2025-06-11 05:56:11',1,'2025-06-11 05:56:11','Mozilla/5.0 (Windows NT 10.0; Win64; x64) AppleWebKit/537.36 (KHTML, like Gecko) Chrome/137.0.0.0 Safari/537.36 Edg/137.0.0.0','2025-06-11 05:53:52'),(164,4,'ibQI4TxfUxwQUCPt3I15bHNrsVHUk8WuNS3P48gIVXE=','2025-06-11 05:56:15','2025-06-18 05:56:15','2025-06-11 05:58:39',1,'2025-06-11 05:58:39','Mozilla/5.0 (Windows NT 10.0; Win64; x64) AppleWebKit/537.36 (KHTML, like Gecko) Chrome/137.0.0.0 Safari/537.36 Edg/137.0.0.0',NULL),(165,3,'aLKb9JVhWj1Uw3X5KejIgojriIQ73tLKqiok3sKSmyU=','2025-06-13 06:17:09','2025-06-20 06:17:09','2025-06-13 06:29:49',1,'2025-06-13 06:29:49','Mozilla/5.0 (Windows NT 10.0; Win64; x64) AppleWebKit/537.36 (KHTML, like Gecko) Chrome/137.0.0.0 Safari/537.36 Edg/137.0.0.0','2025-06-13 06:29:33'),(166,4,'miWL+wTpGRp3+Wrm8raVsIMWsUhy20bAJyW9NnLnMrs=','2025-06-13 06:29:53','2025-06-20 06:29:53','2025-06-13 07:26:43',1,'2025-06-13 07:26:43','Mozilla/5.0 (Windows NT 10.0; Win64; x64) AppleWebKit/537.36 (KHTML, like Gecko) Chrome/137.0.0.0 Safari/537.36 Edg/137.0.0.0','2025-06-13 07:26:00'),(167,3,'hiydD4vJNMZUy9Y/uvhq47jco05behy8FSUv850+3+o=','2025-06-13 07:26:56','2025-06-20 07:26:56','2025-06-13 07:27:08',1,'2025-06-13 07:27:08','Mozilla/5.0 (Windows NT 10.0; Win64; x64) AppleWebKit/537.36 (KHTML, like Gecko) Chrome/137.0.0.0 Safari/537.36 Edg/137.0.0.0',NULL),(168,4,'zpkGQMqwyOugZBrOtczqbAgmQAfpbJYLTxwHrqVwIWw=','2025-06-13 07:27:12','2025-06-20 07:27:12','2025-06-13 07:32:27',1,'2025-06-13 07:32:27','Mozilla/5.0 (Windows NT 10.0; Win64; x64) AppleWebKit/537.36 (KHTML, like Gecko) Chrome/137.0.0.0 Safari/537.36 Edg/137.0.0.0',NULL),(169,4,'J0o8XQjoJWA0wDnNplfZGmYQadmgQ/B+Ucyu7ChBpH4=','2025-06-14 04:21:50','2025-06-21 04:21:50','2025-06-14 04:22:35',1,'2025-06-14 04:22:35','Mozilla/5.0 (Windows NT 10.0; Win64; x64) AppleWebKit/537.36 (KHTML, like Gecko) Chrome/137.0.0.0 Safari/537.36 Edg/137.0.0.0',NULL),(170,4,'pH9oNxzWiLuUE4xHIrpfPzorRmrSwIMmRYoOBeF+Cao=','2025-06-14 04:22:46','2025-06-21 04:22:46','2025-06-14 04:23:54',1,'2025-06-14 04:23:54','Mozilla/5.0 (Windows NT 10.0; Win64; x64) AppleWebKit/537.36 (KHTML, like Gecko) Chrome/137.0.0.0 Safari/537.36 Edg/137.0.0.0',NULL),(171,2,'9WpvXBUR6MZhz95+DQvfTXFyo0RrYpZS0IT0ECiA9CI=','2025-06-14 04:24:06','2025-06-21 04:24:06','2025-06-14 04:26:57',1,'2025-06-14 04:26:57','Mozilla/5.0 (Windows NT 10.0; Win64; x64) AppleWebKit/537.36 (KHTML, like Gecko) Chrome/137.0.0.0 Safari/537.36 Edg/137.0.0.0',NULL),(172,3,'MAt7MahFSwK04yxdVtsomIe6PaMB1HyUGl01giR/8vI=','2025-06-14 04:28:47','2025-06-21 04:28:47','2025-06-14 04:31:08',1,'2025-06-14 04:31:08','Mozilla/5.0 (Windows NT 10.0; Win64; x64) AppleWebKit/537.36 (KHTML, like Gecko) Chrome/137.0.0.0 Safari/537.36 Edg/137.0.0.0',NULL),(173,2,'zYSuPg0jk3uXrO2TlM9K2USgv316VixsN8E2doX/ibo=','2025-06-14 04:31:14','2025-06-21 04:31:14','2025-06-14 04:31:51',1,'2025-06-14 04:31:51','Mozilla/5.0 (Windows NT 10.0; Win64; x64) AppleWebKit/537.36 (KHTML, like Gecko) Chrome/137.0.0.0 Safari/537.36 Edg/137.0.0.0',NULL),(174,3,'x8dEPHrgpag+pm5Qv2bTJZ073WM0658mlvsHkORThKA=','2025-06-14 05:04:20','2025-06-21 05:04:20','2025-06-14 05:04:22',1,'2025-06-14 05:04:22','Mozilla/5.0 (Windows NT 10.0; Win64; x64) AppleWebKit/537.36 (KHTML, like Gecko) Chrome/137.0.0.0 Safari/537.36 Edg/137.0.0.0',NULL),(175,4,'Sf1/VXOxI23AxiMLzM5HY0xWU7NIUHn4rgdh4DMaf4A=','2025-06-14 05:04:25','2025-06-21 05:04:25','2025-06-14 05:04:27',1,'2025-06-14 05:04:27','Mozilla/5.0 (Windows NT 10.0; Win64; x64) AppleWebKit/537.36 (KHTML, like Gecko) Chrome/137.0.0.0 Safari/537.36 Edg/137.0.0.0',NULL),(176,3,'giViWyYFf0VfUXz9yDe3C352kKOtnTVsybcS10ovZ90=','2025-06-14 05:28:36','2025-06-21 05:28:36','2025-06-14 05:28:39',1,'2025-06-14 05:28:39','Mozilla/5.0 (Windows NT 10.0; Win64; x64) AppleWebKit/537.36 (KHTML, like Gecko) Chrome/137.0.0.0 Safari/537.36 Edg/137.0.0.0',NULL),(177,4,'hM3lLILHciH8doKtKMvunX9Bf3JVfBeCVSii7RgMBOg=','2025-06-14 05:28:43','2025-06-21 05:28:43','2025-06-14 05:28:46',1,'2025-06-14 05:28:46','Mozilla/5.0 (Windows NT 10.0; Win64; x64) AppleWebKit/537.36 (KHTML, like Gecko) Chrome/137.0.0.0 Safari/537.36 Edg/137.0.0.0',NULL),(178,4,'DJ5tL4ZhN8hjiVksyXDWVhJD7gK6pLXNrfI1kEFe5e8=','2025-06-14 05:28:50','2025-06-21 05:28:50','2025-06-14 05:28:54',1,'2025-06-14 05:28:54','Mozilla/5.0 (Windows NT 10.0; Win64; x64) AppleWebKit/537.36 (KHTML, like Gecko) Chrome/137.0.0.0 Safari/537.36 Edg/137.0.0.0',NULL),(179,2,'CgTPbpj+SuzqtiYfMPDrPKdm2oWNGlsRYZRBZN4sVPk=','2025-06-14 05:28:58','2025-06-21 05:28:58','2025-06-14 05:29:01',1,'2025-06-14 05:29:01','Mozilla/5.0 (Windows NT 10.0; Win64; x64) AppleWebKit/537.36 (KHTML, like Gecko) Chrome/137.0.0.0 Safari/537.36 Edg/137.0.0.0',NULL),(180,2,'z44OH8v2A8fWF3C4KcwpSc3hjLfb5HCaNGrQcvyhYMw=','2025-06-14 06:03:55','2025-06-21 06:03:55','2025-06-14 06:04:02',1,'2025-06-14 06:04:02','Mozilla/5.0 (Windows NT 10.0; Win64; x64) AppleWebKit/537.36 (KHTML, like Gecko) Chrome/137.0.0.0 Safari/537.36 Edg/137.0.0.0',NULL),(181,4,'AP7DxdlAvfNiRRvp5j++w9vqz3cCSwZeUC0diLnR2bk=','2025-06-14 06:04:06','2025-06-21 06:04:06','2025-06-14 06:04:09',1,'2025-06-14 06:04:09','Mozilla/5.0 (Windows NT 10.0; Win64; x64) AppleWebKit/537.36 (KHTML, like Gecko) Chrome/137.0.0.0 Safari/537.36 Edg/137.0.0.0',NULL),(182,3,'qAo7Rjx1YyTtv0JUQb4QJ9EaOZXq5jVb1c3TydvDpGw=','2025-06-14 06:04:14','2025-06-21 06:04:14','2025-06-16 03:42:57',1,'2025-06-16 03:42:57','Mozilla/5.0 (Windows NT 10.0; Win64; x64) AppleWebKit/537.36 (KHTML, like Gecko) Chrome/137.0.0.0 Safari/537.36 Edg/137.0.0.0','2025-06-16 03:01:43'),(183,4,'clw0FgDwd1v6fD9ELvgohPLucrH8A1yxUC9nkp341Hk=','2025-06-16 02:52:19','2025-06-23 02:52:19','2025-06-16 02:52:19',0,NULL,'Mozilla/5.0 (Windows NT 10.0; Win64; x64) AppleWebKit/537.36 (KHTML, like Gecko) Chrome/137.0.0.0 Safari/537.36 Edg/137.0.0.0',NULL),(184,4,'F62Xs18AjYNG4nmdbldCtzxMv9oJzP7vSIts05UOOZ0=','2025-06-16 03:02:05','2025-06-23 03:02:05','2025-06-16 03:02:05',0,NULL,'Mozilla/5.0 (Windows NT 10.0; Win64; x64) AppleWebKit/537.36 (KHTML, like Gecko) Chrome/137.0.0.0 Safari/537.36 Edg/137.0.0.0',NULL),(185,4,'R8JjPd2AvyJJTcpB0q3mjKBvDQwfy0tCQcJJi4vQtmk=','2025-06-16 03:09:03','2025-06-23 03:09:03','2025-06-16 03:09:03',0,NULL,'Mozilla/5.0 (Windows NT 10.0; Win64; x64) AppleWebKit/537.36 (KHTML, like Gecko) Chrome/137.0.0.0 Safari/537.36 Edg/137.0.0.0',NULL),(186,4,'bYn4kS0WksipDmkjx+rmSkcNI7a9K7YsBUcCAUdEPv4=','2025-06-16 03:12:13','2025-06-23 03:12:13','2025-06-16 03:12:13',0,NULL,'Mozilla/5.0 (Windows NT 10.0; Win64; x64) AppleWebKit/537.36 (KHTML, like Gecko) Chrome/137.0.0.0 Safari/537.36 Edg/137.0.0.0',NULL),(187,4,'/1T6CuzJbDiJnoKlxljqVYOROK6x+9vPBpbzqk/N54s=','2025-06-16 03:19:37','2025-06-23 03:19:37','2025-06-16 03:19:37',0,NULL,'Mozilla/5.0 (Windows NT 10.0; Win64; x64) AppleWebKit/537.36 (KHTML, like Gecko) Chrome/137.0.0.0 Safari/537.36 Edg/137.0.0.0',NULL),(188,4,'3c6s/g09oQCiPJr9vJ5yNGxEkIfI+I2guvbHb2E9kjw=','2025-06-16 03:33:58','2025-06-23 03:33:58','2025-06-16 03:33:58',0,NULL,'Mozilla/5.0 (Windows NT 10.0; Win64; x64) AppleWebKit/537.36 (KHTML, like Gecko) Chrome/137.0.0.0 Safari/537.36 Edg/137.0.0.0',NULL),(189,4,'mxUCSM5AqQB9CKavKL4QxHVIyKRkgWGcLTu2C9R/JhY=','2025-06-16 03:42:45','2025-06-23 03:42:45','2025-06-16 03:42:45',0,NULL,'Mozilla/5.0 (Windows NT 10.0; Win64; x64) AppleWebKit/537.36 (KHTML, like Gecko) Chrome/137.0.0.0 Safari/537.36 Edg/137.0.0.0',NULL),(190,2,'BlxpfQEtkL60bZyfPI2rxxQAFIScp7HCpPdi5ADJnwY=','2025-06-16 23:51:00','2025-06-23 23:51:00','2025-06-17 00:02:24',1,'2025-06-17 00:02:24','Mozilla/5.0 (Windows NT 10.0; Win64; x64) AppleWebKit/537.36 (KHTML, like Gecko) Chrome/137.0.0.0 Safari/537.36 Edg/137.0.0.0','2025-06-16 23:54:06'),(191,3,'sM6LjNkrkaeqYeyVQqXUu2eH5qwHVKNI4u7YRYjUwxs=','2025-06-17 00:02:32','2025-06-24 00:02:32','2025-06-17 00:07:46',1,'2025-06-17 00:07:46','Mozilla/5.0 (Windows NT 10.0; Win64; x64) AppleWebKit/537.36 (KHTML, like Gecko) Chrome/137.0.0.0 Safari/537.36 Edg/137.0.0.0','2025-06-17 00:07:25'),(192,4,'IzdygP5i7PwO+PfOPFNjNSXWV2/sqN1ANwddFFq6hQA=','2025-06-17 00:08:00','2025-06-24 00:08:00','2025-06-17 00:13:38',1,'2025-06-17 00:13:38','Mozilla/5.0 (Windows NT 10.0; Win64; x64) AppleWebKit/537.36 (KHTML, like Gecko) Chrome/137.0.0.0 Safari/537.36 Edg/137.0.0.0','2025-06-17 00:12:53'),(193,4,'ZyiJAY+8TQDxduts3BQsWz63Zx2L9MZv99ziRJUauAE=','2025-06-17 00:17:59','2025-06-24 00:17:59','2025-06-17 00:24:21',1,'2025-06-17 00:24:21','Mozilla/5.0 (Windows NT 10.0; Win64; x64) AppleWebKit/537.36 (KHTML, like Gecko) Chrome/137.0.0.0 Safari/537.36 Edg/137.0.0.0','2025-06-17 00:19:02'),(194,4,'bCyu+JqTN56G3bD65y3MRKUrIsmj7bxFncejf+0m1c0=','2025-06-17 00:24:27','2025-06-24 00:24:27','2025-06-17 00:28:02',1,'2025-06-17 00:28:02','Mozilla/5.0 (Windows NT 10.0; Win64; x64) AppleWebKit/537.36 (KHTML, like Gecko) Chrome/137.0.0.0 Safari/537.36 Edg/137.0.0.0','2025-06-17 00:26:25'),(195,2,'OeITZvH9oHek9+82e3+RP3C4qfR0cVHo6M8BNS6YIW4=','2025-06-17 00:28:06','2025-06-24 00:28:06','2025-06-17 00:29:24',1,'2025-06-17 00:29:24','Mozilla/5.0 (Windows NT 10.0; Win64; x64) AppleWebKit/537.36 (KHTML, like Gecko) Chrome/137.0.0.0 Safari/537.36 Edg/137.0.0.0','2025-06-17 00:29:16'),(196,3,'8QdPgrFRGhr7l76/tOzi2/zoSbEIQE2lO/oNBJM3Ygw=','2025-06-17 00:29:33','2025-06-24 00:29:33','2025-06-17 00:30:42',1,'2025-06-17 00:30:42','Mozilla/5.0 (Windows NT 10.0; Win64; x64) AppleWebKit/537.36 (KHTML, like Gecko) Chrome/137.0.0.0 Safari/537.36 Edg/137.0.0.0','2025-06-17 00:30:35'),(197,3,'3jMKBPG7l/npfKEMbUGHef3qQ1TRUqXMWwyoA3VI900=','2025-06-17 00:30:58','2025-06-24 00:30:58','2025-06-17 00:32:56',1,'2025-06-17 00:32:56','Mozilla/5.0 (Windows NT 10.0; Win64; x64) AppleWebKit/537.36 (KHTML, like Gecko) Chrome/137.0.0.0 Safari/537.36 Edg/137.0.0.0','2025-06-17 00:32:55'),(198,4,'/bo/9eaP5+QY6gyx5G6Kp/oSVN0/3I/zEzA/BoOnLIA=','2025-06-17 00:33:02','2025-06-24 00:33:02','2025-06-17 00:48:55',1,'2025-06-17 00:48:55','Mozilla/5.0 (Windows NT 10.0; Win64; x64) AppleWebKit/537.36 (KHTML, like Gecko) Chrome/137.0.0.0 Safari/537.36 Edg/137.0.0.0','2025-06-17 00:37:08'),(199,4,'ttw2wyqh+fwLPSSib941Xp5gW+kxqSnK1nAN1lz7/Kc=','2025-06-17 00:49:58','2025-06-24 00:49:58','2025-06-17 01:00:56',1,'2025-06-17 01:00:56','Mozilla/5.0 (Windows NT 10.0; Win64; x64) AppleWebKit/537.36 (KHTML, like Gecko) Chrome/137.0.0.0 Safari/537.36 Edg/137.0.0.0','2025-06-17 00:50:01'),(200,4,'urGLeQ0LfkEatcGs41mnWdWeumq4orKmgbeofuG35/M=','2025-06-17 01:01:01','2025-06-24 01:01:01','2025-06-17 01:09:25',1,'2025-06-17 01:09:25','Mozilla/5.0 (Windows NT 10.0; Win64; x64) AppleWebKit/537.36 (KHTML, like Gecko) Chrome/137.0.0.0 Safari/537.36 Edg/137.0.0.0','2025-06-17 01:03:28'),(201,4,'pBr/da/rxS+7mHSqU6pas62chZ5MMCm1J/bXe59303g=','2025-06-17 01:09:31','2025-06-24 01:09:31','2025-06-17 01:35:41',1,'2025-06-17 01:35:41','Mozilla/5.0 (Windows NT 10.0; Win64; x64) AppleWebKit/537.36 (KHTML, like Gecko) Chrome/137.0.0.0 Safari/537.36 Edg/137.0.0.0','2025-06-17 01:10:02'),(202,4,'0/2WeEbcIB5J5l78d05gbdcn5EEBvG1WdldFEFXZyLA=','2025-06-17 01:13:51','2025-06-24 01:13:51','2025-06-17 01:13:51',0,NULL,'PostmanRuntime/7.44.0',NULL),(203,4,'Yf+3i7u3wUM7Q0XQaPd7qrn1AWUaS7JdhWowzN+oJFg=','2025-06-17 01:14:10','2025-06-24 01:14:10','2025-06-17 01:14:10',0,NULL,'PostmanRuntime/7.44.0',NULL),(204,4,'GvPPj7sQN+dCgKgGUoG6X1O18CXfuzgmAHkzjBSvXyU=','2025-06-17 01:28:56','2025-06-24 01:28:56','2025-06-17 01:28:56',0,NULL,'PostmanRuntime/7.44.0',NULL),(205,4,'QASJXH1hb5BmZeIw6zoIyyT89P/qexJ6JBT5c/bcSg0=','2025-06-17 01:35:01','2025-06-24 01:35:01','2025-06-17 01:35:01',0,NULL,'PostmanRuntime/7.44.0',NULL),(206,4,'1PE/R64aivwZBDVb8vYVsz9XAmGV08dey1I7zy3WrxQ=','2025-06-17 01:35:46','2025-06-24 01:35:46','2025-06-17 01:42:13',1,'2025-06-17 01:42:13','Mozilla/5.0 (Windows NT 10.0; Win64; x64) AppleWebKit/537.36 (KHTML, like Gecko) Chrome/137.0.0.0 Safari/537.36 Edg/137.0.0.0',NULL),(207,4,'ngjpJI4r2vPTQxUoyco8ZsDIQNTFrGX1H0ddZAQz8Qk=','2025-06-17 01:46:32','2025-06-24 01:46:32','2025-06-17 01:52:35',1,'2025-06-17 01:52:35','Mozilla/5.0 (Windows NT 10.0; Win64; x64) AppleWebKit/537.36 (KHTML, like Gecko) Chrome/137.0.0.0 Safari/537.36 Edg/137.0.0.0','2025-06-17 01:49:59'),(208,4,'LF5TT+QH08caPEl8MWQ/TyHETAe+3IutPpUY0v9yFLs=','2025-06-17 01:53:44','2025-06-24 01:53:44','2025-06-17 02:20:06',1,'2025-06-17 02:20:06','Mozilla/5.0 (Windows NT 10.0; Win64; x64) AppleWebKit/537.36 (KHTML, like Gecko) Chrome/137.0.0.0 Safari/537.36 Edg/137.0.0.0',NULL),(209,4,'Kq6oVTNcSkMfmCSwI24Jl+Dp9RfQsG2guR85NsYwBgs=','2025-06-17 02:22:34','2025-06-24 02:22:34','2025-06-17 02:36:35',1,'2025-06-17 02:36:35','Mozilla/5.0 (Windows NT 10.0; Win64; x64) AppleWebKit/537.36 (KHTML, like Gecko) Chrome/137.0.0.0 Safari/537.36 Edg/137.0.0.0','2025-06-17 02:29:38'),(210,4,'j85CrhvTyf3Nz1Zh3BbUW8gAZVAA62h8zOtaDs/IEUM=','2025-06-17 02:36:39','2025-06-24 02:36:39','2025-06-17 02:46:50',1,'2025-06-17 02:46:50','Mozilla/5.0 (Windows NT 10.0; Win64; x64) AppleWebKit/537.36 (KHTML, like Gecko) Chrome/137.0.0.0 Safari/537.36 Edg/137.0.0.0',NULL),(211,4,'aC8EMLNTEGRNTHeEucd4ruZrSyRJU6VKAYYbMQEoVkE=','2025-06-17 02:46:55','2025-06-24 02:46:55','2025-06-17 03:04:45',1,'2025-06-17 03:04:45','Mozilla/5.0 (Windows NT 10.0; Win64; x64) AppleWebKit/537.36 (KHTML, like Gecko) Chrome/137.0.0.0 Safari/537.36 Edg/137.0.0.0','2025-06-17 02:54:56'),(212,4,'bdspJMeWcWDrjljz6dohm+zMazrL8FjRfaShvfg06xY=','2025-06-17 03:04:51','2025-06-24 03:04:51','2025-06-17 03:41:05',1,'2025-06-17 03:41:05','Mozilla/5.0 (Windows NT 10.0; Win64; x64) AppleWebKit/537.36 (KHTML, like Gecko) Chrome/137.0.0.0 Safari/537.36 Edg/137.0.0.0',NULL),(213,4,'dtWGKJ3nnOk4MKO5DMBq9H/CrK7S954FhPJlCpnp69Q=','2025-06-17 05:37:59','2025-06-24 05:37:59','2025-06-17 06:32:22',1,'2025-06-17 06:32:22','Mozilla/5.0 (Windows NT 10.0; Win64; x64) AppleWebKit/537.36 (KHTML, like Gecko) Chrome/137.0.0.0 Safari/537.36 Edg/137.0.0.0',NULL),(214,4,'Xk5545C0Qtfu3IbfyVybDG13alCmdCl+wG8cypquMBM=','2025-06-17 06:32:28','2025-06-24 06:32:28','2025-06-17 06:50:38',1,'2025-06-17 06:50:38','Mozilla/5.0 (Windows NT 10.0; Win64; x64) AppleWebKit/537.36 (KHTML, like Gecko) Chrome/137.0.0.0 Safari/537.36 Edg/137.0.0.0','2025-06-17 06:41:58'),(215,4,'w506BaURe/eC9KXL++ZdNLgrcxxu8kB2eGiHJ51ZwuM=','2025-06-17 06:50:47','2025-06-24 06:50:47','2025-06-17 07:12:33',1,'2025-06-17 07:12:33','Mozilla/5.0 (Windows NT 10.0; Win64; x64) AppleWebKit/537.36 (KHTML, like Gecko) Chrome/137.0.0.0 Safari/537.36 Edg/137.0.0.0',NULL),(216,4,'nXHgLJx1p5T2UNF+GoEEIzu4RJ8eFQgjUwNCCyESbZM=','2025-06-17 07:12:42','2025-06-24 07:12:42','2025-06-17 07:56:52',0,NULL,'Mozilla/5.0 (Windows NT 10.0; Win64; x64) AppleWebKit/537.36 (KHTML, like Gecko) Chrome/137.0.0.0 Safari/537.36 Edg/137.0.0.0','2025-06-17 07:56:52'),(217,4,'nlRN0N3A25khotouzXmNu3k7Hj0PNdpVegr9aFvra4Q=','2025-06-18 00:13:33','2025-06-25 00:13:33','2025-06-18 01:21:37',1,'2025-06-18 01:21:37','Mozilla/5.0 (Windows NT 10.0; Win64; x64) AppleWebKit/537.36 (KHTML, like Gecko) Chrome/137.0.0.0 Safari/537.36 Edg/137.0.0.0','2025-06-18 00:31:25'),(218,4,'iOOXFwZyM7+Kh+6w3OmRMbLpzWtm2PbD6pGPlEWfaiI=','2025-06-18 01:21:46','2025-06-25 01:21:46','2025-06-18 01:38:02',1,'2025-06-18 01:38:02','Mozilla/5.0 (Windows NT 10.0; Win64; x64) AppleWebKit/537.36 (KHTML, like Gecko) Chrome/137.0.0.0 Safari/537.36 Edg/137.0.0.0',NULL),(219,2,'gNdd6JymiMoS7LzC8gIzz/sT4uwCb9OEyVGnkU/DF3Y=','2025-06-18 01:38:07','2025-06-25 01:38:07','2025-06-18 01:40:12',1,'2025-06-18 01:40:12','Mozilla/5.0 (Windows NT 10.0; Win64; x64) AppleWebKit/537.36 (KHTML, like Gecko) Chrome/137.0.0.0 Safari/537.36 Edg/137.0.0.0',NULL),(220,3,'ijcfje0XkXhSXnvI6By2wzPJMceBL/ij8jScQhZG4m0=','2025-06-18 01:40:18','2025-06-25 01:40:18','2025-06-18 01:44:17',1,'2025-06-18 01:44:17','Mozilla/5.0 (Windows NT 10.0; Win64; x64) AppleWebKit/537.36 (KHTML, like Gecko) Chrome/137.0.0.0 Safari/537.36 Edg/137.0.0.0',NULL),(221,4,'co4ZrFsOMuA8WU3Lr6W1t9AQt14qQd/bwQTAtGg20/Q=','2025-06-18 01:44:20','2025-06-25 01:44:20','2025-06-18 01:51:21',1,'2025-06-18 01:51:21','Mozilla/5.0 (Windows NT 10.0; Win64; x64) AppleWebKit/537.36 (KHTML, like Gecko) Chrome/137.0.0.0 Safari/537.36 Edg/137.0.0.0','2025-06-18 01:50:26'),(222,4,'1sye+9RtEfNt9z9azOecy1+Cf/H/vLrD0hzAjRX8RkU=','2025-06-18 01:51:25','2025-06-25 01:51:25','2025-06-18 02:19:53',1,'2025-06-18 02:19:53','Mozilla/5.0 (Windows NT 10.0; Win64; x64) AppleWebKit/537.36 (KHTML, like Gecko) Chrome/137.0.0.0 Safari/537.36 Edg/137.0.0.0','2025-06-18 02:19:31'),(223,4,'+rBaOolvj1531wn8GgN5HkZABlimnKLxxnZ/mTkxvyw=','2025-06-18 02:19:57','2025-06-25 02:19:57','2025-06-18 02:33:11',1,'2025-06-18 02:33:11','Mozilla/5.0 (Windows NT 10.0; Win64; x64) AppleWebKit/537.36 (KHTML, like Gecko) Chrome/137.0.0.0 Safari/537.36 Edg/137.0.0.0','2025-06-18 02:33:06'),(224,4,'bvQg1xYti8OOlCIe1glFqjeLrCKJOO3G2Y2+EA9mhHM=','2025-06-18 02:33:15','2025-06-25 02:33:15','2025-06-18 02:46:23',1,'2025-06-18 02:46:23','Mozilla/5.0 (Windows NT 10.0; Win64; x64) AppleWebKit/537.36 (KHTML, like Gecko) Chrome/137.0.0.0 Safari/537.36 Edg/137.0.0.0','2025-06-18 02:43:26'),(225,4,'iUXsuR1qdyCmVfsStQZqUmAONEkdceOXdXdW1ED8d8k=','2025-06-18 02:46:43','2025-06-25 02:46:43','2025-06-18 02:54:57',1,'2025-06-18 02:54:57','Mozilla/5.0 (Windows NT 10.0; Win64; x64) AppleWebKit/537.36 (KHTML, like Gecko) Chrome/137.0.0.0 Safari/537.36 Edg/137.0.0.0',NULL),(226,4,'1o4CjD8fQrm5YPC6EMnGKRB+GU0KQ5wX9W8T39EyEqE=','2025-06-18 02:55:02','2025-06-25 02:55:02','2025-06-18 03:21:12',1,'2025-06-18 03:21:12','Mozilla/5.0 (Windows NT 10.0; Win64; x64) AppleWebKit/537.36 (KHTML, like Gecko) Chrome/137.0.0.0 Safari/537.36 Edg/137.0.0.0',NULL),(227,4,'csyQaE0oeE1cd4pOxHzdelLsO+hQLRzjUwf1o4sSod4=','2025-06-18 03:21:16','2025-06-25 03:21:16','2025-06-18 03:24:59',1,'2025-06-18 03:24:59','Mozilla/5.0 (Windows NT 10.0; Win64; x64) AppleWebKit/537.36 (KHTML, like Gecko) Chrome/137.0.0.0 Safari/537.36 Edg/137.0.0.0',NULL),(228,4,'WAkNgxgwva8yttlBCAKlF7oMJpqt4qFpCTwyDsppxqQ=','2025-06-18 03:25:02','2025-06-25 03:25:02','2025-06-18 03:35:57',1,'2025-06-18 03:35:57','Mozilla/5.0 (Windows NT 10.0; Win64; x64) AppleWebKit/537.36 (KHTML, like Gecko) Chrome/137.0.0.0 Safari/537.36 Edg/137.0.0.0',NULL),(229,4,'QzKuMunwihaIrR29a1N4OpQZeTkqktikMD7idmH7L5M=','2025-06-18 03:36:00','2025-06-25 03:36:00','2025-06-18 03:38:38',1,'2025-06-18 03:38:38','Mozilla/5.0 (Windows NT 10.0; Win64; x64) AppleWebKit/537.36 (KHTML, like Gecko) Chrome/137.0.0.0 Safari/537.36 Edg/137.0.0.0',NULL),(230,4,'xWwN36SBz0suphYyRVGzpUFvyblCING4C52DsSzl/54=','2025-06-18 03:38:41','2025-06-25 03:38:41','2025-06-18 03:38:41',0,NULL,'Mozilla/5.0 (Windows NT 10.0; Win64; x64) AppleWebKit/537.36 (KHTML, like Gecko) Chrome/137.0.0.0 Safari/537.36 Edg/137.0.0.0',NULL),(231,4,'gPhnaHLDGY1jwUhf9oVJRxstfIx8jZeiEvnJ6lhnIrI=','2025-06-18 04:36:12','2025-06-25 04:36:12','2025-06-18 04:43:44',1,'2025-06-18 04:43:44','Mozilla/5.0 (Windows NT 10.0; Win64; x64) AppleWebKit/537.36 (KHTML, like Gecko) Chrome/137.0.0.0 Safari/537.36 Edg/137.0.0.0',NULL),(232,4,'Qi1a2o4otKQUDUWVVKj8pntYiFMiNicZSE9jAUwh/S8=','2025-06-18 04:43:48','2025-06-25 04:43:48','2025-06-18 05:08:22',1,'2025-06-18 05:08:22','Mozilla/5.0 (Windows NT 10.0; Win64; x64) AppleWebKit/537.36 (KHTML, like Gecko) Chrome/137.0.0.0 Safari/537.36 Edg/137.0.0.0',NULL),(233,4,'SWTr/yoQWAmcVw7SZ6x1e1/kqpXHzJf5XkIEO49OWYo=','2025-06-18 05:08:25','2025-06-25 05:08:25','2025-06-18 05:11:18',1,'2025-06-18 05:11:18','Mozilla/5.0 (Windows NT 10.0; Win64; x64) AppleWebKit/537.36 (KHTML, like Gecko) Chrome/137.0.0.0 Safari/537.36 Edg/137.0.0.0',NULL),(234,4,'EW42/+qPE/laVW9TGXjVx0kxU8rCE4CON9NnB/BmX0A=','2025-06-18 05:11:22','2025-06-25 05:11:22','2025-06-18 05:20:25',1,'2025-06-18 05:20:25','Mozilla/5.0 (Windows NT 10.0; Win64; x64) AppleWebKit/537.36 (KHTML, like Gecko) Chrome/137.0.0.0 Safari/537.36 Edg/137.0.0.0',NULL),(235,4,'KlUWoJKtgd7dKFrmcDua6XNCcfJjDVE7DFd3naoTu/0=','2025-06-18 05:20:29','2025-06-25 05:20:29','2025-06-18 05:24:14',1,'2025-06-18 05:24:14','Mozilla/5.0 (Windows NT 10.0; Win64; x64) AppleWebKit/537.36 (KHTML, like Gecko) Chrome/137.0.0.0 Safari/537.36 Edg/137.0.0.0',NULL),(236,4,'IYTuIboh5DQsSTsILESkNsIJ81Q8LDgphP3y4MlVFoA=','2025-06-18 05:24:18','2025-06-25 05:24:18','2025-06-18 05:26:06',1,'2025-06-18 05:26:06','Mozilla/5.0 (Windows NT 10.0; Win64; x64) AppleWebKit/537.36 (KHTML, like Gecko) Chrome/137.0.0.0 Safari/537.36 Edg/137.0.0.0',NULL),(237,4,'UAsFMpbrMg0W6Roc3knXLtJtJLOJjS2qtZ58YP0gBQI=','2025-06-18 05:26:10','2025-06-25 05:26:10','2025-06-18 05:33:32',1,'2025-06-18 05:33:32','Mozilla/5.0 (Windows NT 10.0; Win64; x64) AppleWebKit/537.36 (KHTML, like Gecko) Chrome/137.0.0.0 Safari/537.36 Edg/137.0.0.0',NULL),(238,4,'M/SnuVO1/7gs7dLA6sOoY48MxgJlTfsez6pU7U3GbSY=','2025-06-18 05:33:35','2025-06-25 05:33:35','2025-06-18 05:35:33',1,'2025-06-18 05:35:33','Mozilla/5.0 (Windows NT 10.0; Win64; x64) AppleWebKit/537.36 (KHTML, like Gecko) Chrome/137.0.0.0 Safari/537.36 Edg/137.0.0.0',NULL),(239,4,'5uwdhFCrPGHAWgC3vDUIxe1CvBU/LXRnNPcNaVYS1eo=','2025-06-18 05:35:36','2025-06-25 05:35:36','2025-06-18 05:51:05',1,'2025-06-18 05:51:05','Mozilla/5.0 (Windows NT 10.0; Win64; x64) AppleWebKit/537.36 (KHTML, like Gecko) Chrome/137.0.0.0 Safari/537.36 Edg/137.0.0.0',NULL),(240,4,'yQq0sgcW95q1iG7iNy6eDtywnRZXcdA7zVnBY7Efs+k=','2025-06-18 05:51:13','2025-06-25 05:51:13','2025-06-18 05:55:57',1,'2025-06-18 05:55:57','Mozilla/5.0 (Windows NT 10.0; Win64; x64) AppleWebKit/537.36 (KHTML, like Gecko) Chrome/137.0.0.0 Safari/537.36 Edg/137.0.0.0',NULL),(241,4,'Nn6pmQKXJcZOmjdvlyoQ6BfAJ/59mC0JDqM4a6LsE2A=','2025-06-18 05:56:01','2025-06-25 05:56:01','2025-06-18 06:02:39',1,'2025-06-18 06:02:39','Mozilla/5.0 (Windows NT 10.0; Win64; x64) AppleWebKit/537.36 (KHTML, like Gecko) Chrome/137.0.0.0 Safari/537.36 Edg/137.0.0.0',NULL),(242,4,'OmkWEArlKb4U2JTt6pQnFuzXVdGUYGQ+ZauAdWfU3BI=','2025-06-18 06:02:43','2025-06-25 06:02:43','2025-06-18 06:07:40',1,'2025-06-18 06:07:40','Mozilla/5.0 (Windows NT 10.0; Win64; x64) AppleWebKit/537.36 (KHTML, like Gecko) Chrome/137.0.0.0 Safari/537.36 Edg/137.0.0.0',NULL),(243,4,'ZEf2BD3Uk/vVid6I6AMLS/Vta0p842apsjdIko/eKgk=','2025-06-18 06:07:43','2025-06-25 06:07:43','2025-06-18 06:20:01',1,'2025-06-18 06:20:01','Mozilla/5.0 (Windows NT 10.0; Win64; x64) AppleWebKit/537.36 (KHTML, like Gecko) Chrome/137.0.0.0 Safari/537.36 Edg/137.0.0.0',NULL),(244,4,'d8HbNMxnkkfojyinbQeGaP34Vp7Hwc7mZoTwdVrVh5w=','2025-06-18 06:20:08','2025-06-25 06:20:08','2025-06-18 06:43:56',1,'2025-06-18 06:43:56','Mozilla/5.0 (Windows NT 10.0; Win64; x64) AppleWebKit/537.36 (KHTML, like Gecko) Chrome/137.0.0.0 Safari/537.36 Edg/137.0.0.0','2025-06-18 06:43:41'),(245,4,'2HG2H+ZcQWBGmm+opGUMbyxr2H5rOLs8D81uHQ12Ig4=','2025-06-18 06:44:00','2025-06-25 06:44:00','2025-06-18 06:56:06',1,'2025-06-18 06:56:06','Mozilla/5.0 (Windows NT 10.0; Win64; x64) AppleWebKit/537.36 (KHTML, like Gecko) Chrome/137.0.0.0 Safari/537.36 Edg/137.0.0.0',NULL),(246,4,'FmcC46i5NoeEITlZ2yl2CP+fBDo3W9X5rVOuKYCjh30=','2025-06-18 06:56:10','2025-06-25 06:56:10','2025-06-18 07:08:57',1,'2025-06-18 07:08:57','Mozilla/5.0 (Windows NT 10.0; Win64; x64) AppleWebKit/537.36 (KHTML, like Gecko) Chrome/137.0.0.0 Safari/537.36 Edg/137.0.0.0','2025-06-18 07:08:24'),(247,4,'25vMa+UH9MvyecF3fM8IlobIQBP1U79KAxvpjFdUQSE=','2025-06-18 07:09:04','2025-06-25 07:09:04','2025-06-18 07:11:06',1,'2025-06-18 07:11:06','Mozilla/5.0 (Windows NT 10.0; Win64; x64) AppleWebKit/537.36 (KHTML, like Gecko) Chrome/137.0.0.0 Safari/537.36 Edg/137.0.0.0',NULL),(248,4,'gkWsYnQhStwWSbCodl1P5xzKXpySvGDbXM4mioqyCrw=','2025-06-18 07:11:10','2025-06-25 07:11:10','2025-06-18 07:57:25',0,NULL,'Mozilla/5.0 (Windows NT 10.0; Win64; x64) AppleWebKit/537.36 (KHTML, like Gecko) Chrome/137.0.0.0 Safari/537.36 Edg/137.0.0.0','2025-06-18 07:57:25'),(249,4,'AyCLXPsve1nxbY1gxvGFE9sqgVKDFmwXdYfqiWYiS9M=','2025-06-18 23:22:11','2025-06-25 23:22:10','2025-06-18 23:42:31',1,'2025-06-18 23:42:31','Mozilla/5.0 (Windows NT 10.0; Win64; x64) AppleWebKit/537.36 (KHTML, like Gecko) Chrome/137.0.0.0 Safari/537.36 Edg/137.0.0.0',NULL),(250,4,'mmXjhXpQZsW0L3yNkV9M39nvIoclxfKhN5DV320Xju8=','2025-06-18 23:42:37','2025-06-25 23:42:37','2025-06-18 23:45:27',1,'2025-06-18 23:45:27','Mozilla/5.0 (Windows NT 10.0; Win64; x64) AppleWebKit/537.36 (KHTML, like Gecko) Chrome/137.0.0.0 Safari/537.36 Edg/137.0.0.0',NULL),(251,4,'LlqggkKJbuTUzqZ0kolv2Uhx2guycax3Js8B/xlMa0w=','2025-06-18 23:46:40','2025-06-25 23:46:40','2025-06-18 23:48:09',1,'2025-06-18 23:48:09','Mozilla/5.0 (Windows NT 10.0; Win64; x64) AppleWebKit/537.36 (KHTML, like Gecko) Chrome/137.0.0.0 Safari/537.36 Edg/137.0.0.0',NULL),(252,4,'34FkS0gDmokvlyltV4r3R32JIOJS72OKPn1H1AfAFvg=','2025-06-18 23:48:17','2025-06-25 23:48:17','2025-06-18 23:49:57',1,'2025-06-18 23:49:57','Mozilla/5.0 (Windows NT 10.0; Win64; x64) AppleWebKit/537.36 (KHTML, like Gecko) Chrome/137.0.0.0 Safari/537.36 Edg/137.0.0.0',NULL),(253,4,'6Hv8X4mWXn9aM78zq6xXQ5lWsWr6JcpwKzyGv1lECHw=','2025-06-18 23:50:51','2025-06-25 23:50:51','2025-06-18 23:53:00',1,'2025-06-18 23:53:00','Mozilla/5.0 (Windows NT 10.0; Win64; x64) AppleWebKit/537.36 (KHTML, like Gecko) Chrome/137.0.0.0 Safari/537.36 Edg/137.0.0.0',NULL),(254,4,'nfkQ5wEktp8uoexhqRzgiIqlIcOJu7euWaCD4mynh88=','2025-06-18 23:53:03','2025-06-25 23:53:03','2025-06-18 23:54:33',1,'2025-06-18 23:54:33','Mozilla/5.0 (Windows NT 10.0; Win64; x64) AppleWebKit/537.36 (KHTML, like Gecko) Chrome/137.0.0.0 Safari/537.36 Edg/137.0.0.0',NULL),(255,4,'KHiAwe5hHD4rayHnB0o2MAaQv9iDlmGNXxurmtPB70c=','2025-06-18 23:54:40','2025-06-25 23:54:40','2025-06-18 23:56:19',1,'2025-06-18 23:56:19','Mozilla/5.0 (Windows NT 10.0; Win64; x64) AppleWebKit/537.36 (KHTML, like Gecko) Chrome/137.0.0.0 Safari/537.36 Edg/137.0.0.0',NULL),(256,4,'v0/vwVtht+I8sDFIZ1GdqS4/JtpjkJaHJHCo3cy6l+s=','2025-06-18 23:56:23','2025-06-25 23:56:23','2025-06-19 00:12:50',1,'2025-06-19 00:12:50','Mozilla/5.0 (Windows NT 10.0; Win64; x64) AppleWebKit/537.36 (KHTML, like Gecko) Chrome/137.0.0.0 Safari/537.36 Edg/137.0.0.0','2025-06-19 00:01:50'),(257,4,'ie+aK0ET7/7tEU8dCs35Rxh6i6tm5QzQ35/rWT8u5co=','2025-06-19 00:12:54','2025-06-26 00:12:54','2025-06-19 00:13:56',1,'2025-06-19 00:13:56','Mozilla/5.0 (Windows NT 10.0; Win64; x64) AppleWebKit/537.36 (KHTML, like Gecko) Chrome/137.0.0.0 Safari/537.36 Edg/137.0.0.0',NULL),(258,4,'tfTEOtZ+1vHa51p7fi/C2OCTm+KfzUgxujjjDszTGQY=','2025-06-19 00:14:02','2025-06-26 00:14:02','2025-06-19 00:15:54',1,'2025-06-19 00:15:54','Mozilla/5.0 (Windows NT 10.0; Win64; x64) AppleWebKit/537.36 (KHTML, like Gecko) Chrome/137.0.0.0 Safari/537.36 Edg/137.0.0.0',NULL),(259,4,'vEx9b6OgOYyM5G39WS4nl1T5l7k/xhiDXXqwWxL9JYI=','2025-06-19 00:16:00','2025-06-26 00:16:00','2025-06-19 00:19:08',1,'2025-06-19 00:19:08','Mozilla/5.0 (Windows NT 10.0; Win64; x64) AppleWebKit/537.36 (KHTML, like Gecko) Chrome/137.0.0.0 Safari/537.36 Edg/137.0.0.0',NULL),(260,4,'n+joKV2uLd6FxsMV2mJlOymOsooeSKlofimMSdTanSg=','2025-06-19 00:19:12','2025-06-26 00:19:12','2025-06-19 00:24:04',1,'2025-06-19 00:24:04','Mozilla/5.0 (Windows NT 10.0; Win64; x64) AppleWebKit/537.36 (KHTML, like Gecko) Chrome/137.0.0.0 Safari/537.36 Edg/137.0.0.0',NULL),(261,4,'jozwNDnML4SIjsEgb+3LM4DPeifDTsyO9TfcqOj1UGU=','2025-06-19 00:24:07','2025-06-26 00:24:07','2025-06-19 00:27:16',1,'2025-06-19 00:27:16','Mozilla/5.0 (Windows NT 10.0; Win64; x64) AppleWebKit/537.36 (KHTML, like Gecko) Chrome/137.0.0.0 Safari/537.36 Edg/137.0.0.0',NULL),(262,4,'lJ6hTaVVy4BSUqoehPfKYLAKlXvVxHPvVnIoVmdIQg0=','2025-06-19 00:27:20','2025-06-26 00:27:20','2025-06-19 00:30:16',1,'2025-06-19 00:30:16','Mozilla/5.0 (Windows NT 10.0; Win64; x64) AppleWebKit/537.36 (KHTML, like Gecko) Chrome/137.0.0.0 Safari/537.36 Edg/137.0.0.0',NULL),(263,4,'DYGxGRAX3gHk2aYfWoYKhSJD9ynC3jTo432BPOiTBms=','2025-06-19 00:30:19','2025-06-26 00:30:19','2025-06-19 00:31:13',1,'2025-06-19 00:31:13','Mozilla/5.0 (Windows NT 10.0; Win64; x64) AppleWebKit/537.36 (KHTML, like Gecko) Chrome/137.0.0.0 Safari/537.36 Edg/137.0.0.0',NULL),(264,4,'GfGd/rU0sUxxIrQlYCX5Fup9iy+DfTsSsALqFXGIKyg=','2025-06-19 00:31:16','2025-06-26 00:31:16','2025-06-19 00:36:03',1,'2025-06-19 00:36:03','Mozilla/5.0 (Windows NT 10.0; Win64; x64) AppleWebKit/537.36 (KHTML, like Gecko) Chrome/137.0.0.0 Safari/537.36 Edg/137.0.0.0',NULL),(265,4,'i9P+DJEJfj55t308/s643aYA3ULi0GdXLZ3Pl2uLZTQ=','2025-06-19 00:36:10','2025-06-26 00:36:10','2025-06-19 00:43:06',1,'2025-06-19 00:43:06','Mozilla/5.0 (Windows NT 10.0; Win64; x64) AppleWebKit/537.36 (KHTML, like Gecko) Chrome/137.0.0.0 Safari/537.36 Edg/137.0.0.0','2025-06-19 00:41:59'),(266,4,'lJo5Z3k/jh/PhVmc687SaU6TPs0lhi8UHDRr7+/zVXc=','2025-06-19 00:43:10','2025-06-26 00:43:10','2025-06-19 00:51:47',1,'2025-06-19 00:51:47','Mozilla/5.0 (Windows NT 10.0; Win64; x64) AppleWebKit/537.36 (KHTML, like Gecko) Chrome/137.0.0.0 Safari/537.36 Edg/137.0.0.0','2025-06-19 00:51:23'),(267,4,'tQTh2N/esFtJHBOTDqW48Kgo3nHQ9aoa6dPyamiGcXU=','2025-06-19 00:51:51','2025-06-26 00:51:51','2025-06-19 00:56:10',1,'2025-06-19 00:56:10','Mozilla/5.0 (Windows NT 10.0; Win64; x64) AppleWebKit/537.36 (KHTML, like Gecko) Chrome/137.0.0.0 Safari/537.36 Edg/137.0.0.0',NULL),(268,4,'uaTUFPcrqhII4Eb8qxsZGR5Scjq25fFqGKzpOxEU18Y=','2025-06-19 00:56:20','2025-06-26 00:56:20','2025-06-19 00:59:29',1,'2025-06-19 00:59:29','Mozilla/5.0 (Windows NT 10.0; Win64; x64) AppleWebKit/537.36 (KHTML, like Gecko) Chrome/137.0.0.0 Safari/537.36 Edg/137.0.0.0',NULL),(269,4,'dogUiHV46kJM/3EvjqV60cKT4amZOGkkEZQBq/iIWyU=','2025-06-19 00:59:33','2025-06-26 00:59:33','2025-06-19 01:02:21',1,'2025-06-19 01:02:21','Mozilla/5.0 (Windows NT 10.0; Win64; x64) AppleWebKit/537.36 (KHTML, like Gecko) Chrome/137.0.0.0 Safari/537.36 Edg/137.0.0.0',NULL),(270,4,'YE51ondtucON3iwHgrGCu94VTG7uGvaYzV1th3+xZgs=','2025-06-19 01:02:24','2025-06-26 01:02:24','2025-06-19 01:06:01',1,'2025-06-19 01:06:01','Mozilla/5.0 (Windows NT 10.0; Win64; x64) AppleWebKit/537.36 (KHTML, like Gecko) Chrome/137.0.0.0 Safari/537.36 Edg/137.0.0.0',NULL),(271,4,'x5fP2rUQ/U5A6FtFPxwTnU7wiB+uunB4+IpA4bL5IYk=','2025-06-19 01:06:05','2025-06-26 01:06:05','2025-06-19 01:10:28',1,'2025-06-19 01:10:28','Mozilla/5.0 (Windows NT 10.0; Win64; x64) AppleWebKit/537.36 (KHTML, like Gecko) Chrome/137.0.0.0 Safari/537.36 Edg/137.0.0.0',NULL),(272,4,'d890ibKcX5pU7fmMicIIdmYDZk5X4+TuHtUcibMAXa8=','2025-06-19 01:10:32','2025-06-26 01:10:32','2025-06-19 01:18:52',1,'2025-06-19 01:18:52','Mozilla/5.0 (Windows NT 10.0; Win64; x64) AppleWebKit/537.36 (KHTML, like Gecko) Chrome/137.0.0.0 Safari/537.36 Edg/137.0.0.0','2025-06-19 01:18:08'),(273,4,'T7HZxLzW42RF4lQ8aX+1+l96x+VrjuWpJXMNXrB+Gu0=','2025-06-19 01:18:56','2025-06-26 01:18:56','2025-06-19 01:20:36',1,'2025-06-19 01:20:36','Mozilla/5.0 (Windows NT 10.0; Win64; x64) AppleWebKit/537.36 (KHTML, like Gecko) Chrome/137.0.0.0 Safari/537.36 Edg/137.0.0.0',NULL),(274,4,'INhPJyuWOeK14iSjlr3uShqNEvZLsuNtgmgRSgazbhk=','2025-06-19 01:20:50','2025-06-26 01:20:50','2025-06-19 01:23:16',1,'2025-06-19 01:23:16','Mozilla/5.0 (Windows NT 10.0; Win64; x64) AppleWebKit/537.36 (KHTML, like Gecko) Chrome/137.0.0.0 Safari/537.36 Edg/137.0.0.0',NULL),(275,4,'fgF4W9+erLe6az/rzY9qCJaApks5cwz2zn6ErOO5kkk=','2025-06-19 01:23:21','2025-06-26 01:23:21','2025-06-19 01:24:47',1,'2025-06-19 01:24:47','Mozilla/5.0 (Windows NT 10.0; Win64; x64) AppleWebKit/537.36 (KHTML, like Gecko) Chrome/137.0.0.0 Safari/537.36 Edg/137.0.0.0',NULL),(276,4,'45NwX+PfrnkEGFx7oIWXW8IAXykY1W0tEY03lIQ/xBU=','2025-06-19 01:24:51','2025-06-26 01:24:51','2025-06-19 01:32:40',1,'2025-06-19 01:32:40','Mozilla/5.0 (Windows NT 10.0; Win64; x64) AppleWebKit/537.36 (KHTML, like Gecko) Chrome/137.0.0.0 Safari/537.36 Edg/137.0.0.0','2025-06-19 01:30:04'),(277,4,'OTJROFofOZLB55mStcAXHPPZYHJCDjMmV/ol/R4PM8Y=','2025-06-19 01:32:56','2025-06-26 01:32:56','2025-06-19 01:33:32',1,'2025-06-19 01:33:32','Mozilla/5.0 (Windows NT 10.0; Win64; x64) AppleWebKit/537.36 (KHTML, like Gecko) Chrome/137.0.0.0 Safari/537.36 Edg/137.0.0.0',NULL),(278,4,'iTNrZbmocnLWXF+b8RaTg3b++QHseOe/bS4tdIuErdU=','2025-06-19 01:33:36','2025-06-26 01:33:36','2025-06-19 01:34:05',1,'2025-06-19 01:34:05','Mozilla/5.0 (Windows NT 10.0; Win64; x64) AppleWebKit/537.36 (KHTML, like Gecko) Chrome/137.0.0.0 Safari/537.36 Edg/137.0.0.0',NULL),(279,4,'aEyQRf/e9T7kmqzjmNCisAUs3EUIMwhNFKuARRcexq4=','2025-06-19 01:34:08','2025-06-26 01:34:08','2025-06-19 01:35:14',1,'2025-06-19 01:35:14','Mozilla/5.0 (Windows NT 10.0; Win64; x64) AppleWebKit/537.36 (KHTML, like Gecko) Chrome/137.0.0.0 Safari/537.36 Edg/137.0.0.0',NULL),(280,4,'Yd0jIHq2bYIY9rnNvuKadVMk2XyEuS8RMWlZ8A20hp8=','2025-06-19 01:35:18','2025-06-26 01:35:18','2025-06-19 02:01:05',1,'2025-06-19 02:01:05','Mozilla/5.0 (Windows NT 10.0; Win64; x64) AppleWebKit/537.36 (KHTML, like Gecko) Chrome/137.0.0.0 Safari/537.36 Edg/137.0.0.0','2025-06-19 02:01:04'),(281,4,'EtOmskwl50C1Rl57HFadCR9mnlIONZcn/ElvdZ5VgDg=','2025-06-19 02:01:27','2025-06-26 02:01:27','2025-06-19 02:09:38',1,'2025-06-19 02:09:38','Mozilla/5.0 (Windows NT 10.0; Win64; x64) AppleWebKit/537.36 (KHTML, like Gecko) Chrome/137.0.0.0 Safari/537.36 Edg/137.0.0.0','2025-06-19 02:08:25'),(282,4,'JmhH2q04pXITxJ9J8lDFhcAM7LFU91OYd1LZ4m4GCsk=','2025-06-19 02:11:25','2025-06-26 02:11:25','2025-06-19 02:16:30',1,'2025-06-19 02:16:30','Mozilla/5.0 (Windows NT 10.0; Win64; x64) AppleWebKit/537.36 (KHTML, like Gecko) Chrome/137.0.0.0 Safari/537.36 Edg/137.0.0.0','2025-06-19 02:16:30'),(283,4,'pPPV3Hzgn11IV105L0DxeynA8LpHNWYs1e0E+oilZdY=','2025-06-19 02:16:43','2025-06-26 02:16:43','2025-06-19 02:24:08',1,'2025-06-19 02:24:08','Mozilla/5.0 (Windows NT 10.0; Win64; x64) AppleWebKit/537.36 (KHTML, like Gecko) Chrome/137.0.0.0 Safari/537.36 Edg/137.0.0.0','2025-06-19 02:24:08'),(284,4,'a96PVw7o0BsePliB1Xe39sE7YsuAkdRga5GKTThlmCw=','2025-06-19 02:24:28','2025-06-26 02:24:28','2025-06-19 02:30:43',1,'2025-06-19 02:30:43','Mozilla/5.0 (Windows NT 10.0; Win64; x64) AppleWebKit/537.36 (KHTML, like Gecko) Chrome/137.0.0.0 Safari/537.36 Edg/137.0.0.0','2025-06-19 02:30:06'),(285,4,'MTWQNaddADLY7fsIZjQysDMfTp8r/0mh5p3GowkobEc=','2025-06-19 02:37:01','2025-06-26 02:37:01','2025-06-19 02:42:51',1,'2025-06-19 02:42:51','Mozilla/5.0 (Windows NT 10.0; Win64; x64) AppleWebKit/537.36 (KHTML, like Gecko) Chrome/137.0.0.0 Safari/537.36 Edg/137.0.0.0','2025-06-19 02:42:51'),(286,4,'Uo2T5SsFWh5I7BWeVVPdsYDp0QwgdMZjI83Iwz6Geyw=','2025-06-19 02:42:58','2025-06-26 02:42:58','2025-06-19 02:42:58',0,NULL,'Mozilla/5.0 (Windows NT 10.0; Win64; x64) AppleWebKit/537.36 (KHTML, like Gecko) Chrome/137.0.0.0 Safari/537.36 Edg/137.0.0.0',NULL),(287,4,'ZBrRbtpq4SJciQWZFPMyg6z93gUfSwgbrswBE3sU3FM=','2025-06-19 04:41:00','2025-06-26 04:41:00','2025-06-19 04:51:31',1,'2025-06-19 04:51:31','Mozilla/5.0 (Windows NT 10.0; Win64; x64) AppleWebKit/537.36 (KHTML, like Gecko) Chrome/137.0.0.0 Safari/537.36 Edg/137.0.0.0','2025-06-19 04:50:38'),(288,4,'YyoZgjwbUs4oJUaRgy9SajenpX0Q0g/X6xv32wwDXRE=','2025-06-19 04:51:34','2025-06-26 04:51:34','2025-06-19 05:04:25',1,'2025-06-19 05:04:25','Mozilla/5.0 (Windows NT 10.0; Win64; x64) AppleWebKit/537.36 (KHTML, like Gecko) Chrome/137.0.0.0 Safari/537.36 Edg/137.0.0.0','2025-06-19 05:04:24'),(289,4,'/U/9e5X1mIRTs2OU7R71BooaArhohW3TaSJ8Z+9isYg=','2025-06-19 05:04:34','2025-06-26 05:04:34','2025-06-19 05:22:20',1,'2025-06-19 05:22:20','Mozilla/5.0 (Windows NT 10.0; Win64; x64) AppleWebKit/537.36 (KHTML, like Gecko) Chrome/137.0.0.0 Safari/537.36 Edg/137.0.0.0',NULL),(290,4,'J+/Yju3VWHDKous6xu0NBW4RehcKLjctSB2FEQvtyNY=','2025-06-19 05:22:24','2025-06-26 05:22:24','2025-06-19 05:22:24',0,NULL,'Mozilla/5.0 (Windows NT 10.0; Win64; x64) AppleWebKit/537.36 (KHTML, like Gecko) Chrome/137.0.0.0 Safari/537.36 Edg/137.0.0.0',NULL),(291,4,'VViFunz6KHsRwPCRfafUP841iaGQ4fe2+fZ2YpPWjAY=','2025-06-19 05:23:22','2025-06-26 05:23:22','2025-06-19 07:58:17',1,'2025-06-19 07:58:17','Mozilla/5.0 (Windows NT 10.0; Win64; x64) AppleWebKit/537.36 (KHTML, like Gecko) Chrome/137.0.0.0 Safari/537.36 Edg/137.0.0.0','2025-06-19 05:29:48'),(292,4,'u5H1yYcMPqCeEfgbATprrMHYYYUgRKPpe84SQtug2TE=','2025-06-19 23:20:54','2025-06-26 23:20:54','2025-06-20 00:00:02',1,'2025-06-20 00:00:02','Mozilla/5.0 (Windows NT 10.0; Win64; x64) AppleWebKit/537.36 (KHTML, like Gecko) Chrome/137.0.0.0 Safari/537.36 Edg/137.0.0.0','2025-06-20 00:00:01'),(293,4,'GQZHRFHpL1krc0ixseWInbPyDVfd7Nae+su4zwqq5b4=','2025-06-20 01:06:57','2025-06-27 01:06:57','2025-06-20 01:23:31',1,'2025-06-20 01:23:31','Mozilla/5.0 (Windows NT 10.0; Win64; x64) AppleWebKit/537.36 (KHTML, like Gecko) Chrome/137.0.0.0 Safari/537.36 Edg/137.0.0.0','2025-06-20 01:21:43'),(294,4,'jAyDgnOIiXbAM1mb9tw4lMhMHiF2231EAWnhtNEGm6M=','2025-06-20 01:23:35','2025-06-27 01:23:35','2025-06-20 01:30:11',1,'2025-06-20 01:30:11','Mozilla/5.0 (Windows NT 10.0; Win64; x64) AppleWebKit/537.36 (KHTML, like Gecko) Chrome/137.0.0.0 Safari/537.36 Edg/137.0.0.0','2025-06-20 01:29:39'),(295,4,'3BhNjI+vJeyyNkOiJdkll8Fk9+QJnA+pP5E27xrYWP0=','2025-06-20 01:30:17','2025-06-27 01:30:17','2025-06-20 01:53:43',1,'2025-06-20 01:53:43','Mozilla/5.0 (Windows NT 10.0; Win64; x64) AppleWebKit/537.36 (KHTML, like Gecko) Chrome/137.0.0.0 Safari/537.36 Edg/137.0.0.0','2025-06-20 01:49:04'),(296,4,'+3r5eYTnaHkDmBXUfUE2Xi+ZjuoyilAllgyfOY7jqAc=','2025-06-20 01:53:46','2025-06-27 01:53:46','2025-06-20 01:55:08',1,'2025-06-20 01:55:08','Mozilla/5.0 (Windows NT 10.0; Win64; x64) AppleWebKit/537.36 (KHTML, like Gecko) Chrome/137.0.0.0 Safari/537.36 Edg/137.0.0.0',NULL),(297,4,'xwJ9FKAUO9eRf/T35+4r8c4NFiBVZvXmKt/UqfN1Vsc=','2025-06-20 01:55:16','2025-06-27 01:55:16','2025-06-20 02:18:38',1,'2025-06-20 02:18:38','Mozilla/5.0 (Windows NT 10.0; Win64; x64) AppleWebKit/537.36 (KHTML, like Gecko) Chrome/137.0.0.0 Safari/537.36 Edg/137.0.0.0',NULL),(298,4,'siDuFyzBnZSQSLsLvHczv5pfAEsUK5jWuErVhZTL7q8=','2025-06-20 02:18:41','2025-06-27 02:18:41','2025-06-20 02:20:43',1,'2025-06-20 02:20:43','Mozilla/5.0 (Windows NT 10.0; Win64; x64) AppleWebKit/537.36 (KHTML, like Gecko) Chrome/137.0.0.0 Safari/537.36 Edg/137.0.0.0',NULL),(299,4,'iwzv2IOHqZoWuMq08nC30cpph5XI3vEPeGOyykAvKUo=','2025-06-20 02:20:46','2025-06-27 02:20:46','2025-06-20 02:22:06',1,'2025-06-20 02:22:06','Mozilla/5.0 (Windows NT 10.0; Win64; x64) AppleWebKit/537.36 (KHTML, like Gecko) Chrome/137.0.0.0 Safari/537.36 Edg/137.0.0.0',NULL),(300,4,'RysH8NtvhG/Vu8iX0FLrkZfLoZ5wQkqrC1NRS+LVkiU=','2025-06-20 02:22:08','2025-06-27 02:22:08','2025-06-20 02:22:08',0,NULL,'Mozilla/5.0 (Windows NT 10.0; Win64; x64) AppleWebKit/537.36 (KHTML, like Gecko) Chrome/137.0.0.0 Safari/537.36 Edg/137.0.0.0',NULL),(301,4,'p+GpvioCq3xBpfKF2uYC+wnjOhaIuO7RnCRd7XidBy0=','2025-06-20 03:31:45','2025-06-27 03:31:44','2025-06-20 03:33:22',1,'2025-06-20 03:33:22','Mozilla/5.0 (Windows NT 10.0; Win64; x64) AppleWebKit/537.36 (KHTML, like Gecko) Chrome/137.0.0.0 Safari/537.36 Edg/137.0.0.0',NULL),(302,4,'nF4M8+qaqrBOsitCw9alZO5CtFbMFTAMWmyR047XJPI=','2025-06-20 03:33:25','2025-06-27 03:33:25','2025-06-20 03:34:21',1,'2025-06-20 03:34:21','Mozilla/5.0 (Windows NT 10.0; Win64; x64) AppleWebKit/537.36 (KHTML, like Gecko) Chrome/137.0.0.0 Safari/537.36 Edg/137.0.0.0',NULL),(303,4,'u/jquV/zzuw0kIrBlsAZHMGSF6HDx7giYgoearHA79k=','2025-06-20 03:34:25','2025-06-27 03:34:25','2025-06-20 04:28:58',0,NULL,'Mozilla/5.0 (Windows NT 10.0; Win64; x64) AppleWebKit/537.36 (KHTML, like Gecko) Chrome/137.0.0.0 Safari/537.36 Edg/137.0.0.0','2025-06-20 04:28:58'),(304,4,'PjEa1e2nZYORIIwBng9P2IZvQC/8tf2e5kAUIy30qgk=','2025-06-20 04:29:05','2025-06-27 04:29:05','2025-06-20 04:31:16',1,'2025-06-20 04:31:16','Mozilla/5.0 (Windows NT 10.0; Win64; x64) AppleWebKit/537.36 (KHTML, like Gecko) Chrome/137.0.0.0 Safari/537.36 Edg/137.0.0.0',NULL),(305,4,'2tDQLkFtIfc/6DlLAYzg7QnLROYUv7wOuJ1z/0vFsWs=','2025-06-20 04:31:20','2025-06-27 04:31:20','2025-06-20 04:50:01',1,'2025-06-20 04:50:01','Mozilla/5.0 (Windows NT 10.0; Win64; x64) AppleWebKit/537.36 (KHTML, like Gecko) Chrome/137.0.0.0 Safari/537.36 Edg/137.0.0.0',NULL),(306,4,'Ud0/W7/fWNli38XwS2Aw9a5C09ZYY2qpbMw8w2IqYg4=','2025-06-20 04:50:04','2025-06-27 04:50:04','2025-06-20 05:17:45',0,NULL,'Mozilla/5.0 (Windows NT 10.0; Win64; x64) AppleWebKit/537.36 (KHTML, like Gecko) Chrome/137.0.0.0 Safari/537.36 Edg/137.0.0.0','2025-06-20 05:17:45'),(307,4,'gESx2s5VoX/Z90aJ8E9iZUT0hmDRNi+74vp3XS37wxc=','2025-06-20 05:17:53','2025-06-27 05:17:53','2025-06-20 05:21:18',1,'2025-06-20 05:21:18','Mozilla/5.0 (Windows NT 10.0; Win64; x64) AppleWebKit/537.36 (KHTML, like Gecko) Chrome/137.0.0.0 Safari/537.36 Edg/137.0.0.0',NULL),(308,4,'uxOSKIHPC4GGceKnVJUTO3LYrP74uF67g2x2yi3IMjc=','2025-06-20 05:21:22','2025-06-27 05:21:22','2025-06-20 05:23:12',1,'2025-06-20 05:23:12','Mozilla/5.0 (Windows NT 10.0; Win64; x64) AppleWebKit/537.36 (KHTML, like Gecko) Chrome/137.0.0.0 Safari/537.36 Edg/137.0.0.0',NULL),(309,4,'fc+G7XxcatbjNJ+KQnrcnR0xWOZltD6fpVoLyDsCmgY=','2025-06-20 05:23:17','2025-06-27 05:23:17','2025-06-20 05:25:12',1,'2025-06-20 05:25:12','Mozilla/5.0 (Windows NT 10.0; Win64; x64) AppleWebKit/537.36 (KHTML, like Gecko) Chrome/137.0.0.0 Safari/537.36 Edg/137.0.0.0',NULL),(310,4,'p+FUhTsJkYeecFqEALGlihss0Db9YivfwuDCQyb7L2s=','2025-06-20 05:25:16','2025-06-27 05:25:16','2025-06-20 05:35:45',1,'2025-06-20 05:35:45','Mozilla/5.0 (Windows NT 10.0; Win64; x64) AppleWebKit/537.36 (KHTML, like Gecko) Chrome/137.0.0.0 Safari/537.36 Edg/137.0.0.0',NULL),(311,4,'pK5i3wPw9tr1Lr99ehTZ3TGSyQ4w8B2ucs/XUIZLEKY=','2025-06-20 05:35:49','2025-06-27 05:35:49','2025-06-20 05:35:49',0,NULL,'Mozilla/5.0 (Windows NT 10.0; Win64; x64) AppleWebKit/537.36 (KHTML, like Gecko) Chrome/137.0.0.0 Safari/537.36 Edg/137.0.0.0',NULL),(312,4,'TECezODbTtrZ6ZW0RuGoNfnkM3sHQ9MQqKAoNWaaaQ0=','2025-06-20 05:56:55','2025-06-27 05:56:55','2025-06-20 05:57:36',1,'2025-06-20 05:57:36','Mozilla/5.0 (Windows NT 10.0; Win64; x64) AppleWebKit/537.36 (KHTML, like Gecko) Chrome/137.0.0.0 Safari/537.36 Edg/137.0.0.0',NULL),(313,4,'CQV06RdyYXfckw4lLzxUPavpkRTtOVG1aTkSOS/hheA=','2025-06-20 05:57:40','2025-06-27 05:57:40','2025-06-20 06:01:16',1,'2025-06-20 06:01:16','Mozilla/5.0 (Windows NT 10.0; Win64; x64) AppleWebKit/537.36 (KHTML, like Gecko) Chrome/137.0.0.0 Safari/537.36 Edg/137.0.0.0',NULL),(314,4,'0zqNYUyx8zmjtI4pB24ZIiPIQLZYzftQZL/gRhiIsNc=','2025-06-20 06:01:23','2025-06-27 06:01:23','2025-06-20 06:06:42',1,'2025-06-20 06:06:42','Mozilla/5.0 (Windows NT 10.0; Win64; x64) AppleWebKit/537.36 (KHTML, like Gecko) Chrome/137.0.0.0 Safari/537.36 Edg/137.0.0.0',NULL),(315,4,'5R01UefBLvGEJR1VxjkvCx1/TjvPbgMiewWOdVQmIZ0=','2025-06-20 06:06:46','2025-06-27 06:06:46','2025-06-20 06:08:51',1,'2025-06-20 06:08:51','Mozilla/5.0 (Windows NT 10.0; Win64; x64) AppleWebKit/537.36 (KHTML, like Gecko) Chrome/137.0.0.0 Safari/537.36 Edg/137.0.0.0',NULL),(316,4,'pfng5dq7u/OHwFT6uT5qpTBhQOA/6M7WSKCknzCczVQ=','2025-06-20 06:08:59','2025-06-27 06:08:59','2025-06-20 06:10:20',1,'2025-06-20 06:10:20','Mozilla/5.0 (Windows NT 10.0; Win64; x64) AppleWebKit/537.36 (KHTML, like Gecko) Chrome/137.0.0.0 Safari/537.36 Edg/137.0.0.0',NULL),(317,4,'VibgfBNrkSvvY8DQSNR6f9n1kfBrIlE1hitdZTHgGqc=','2025-06-20 06:10:23','2025-06-27 06:10:23','2025-06-20 06:12:28',1,'2025-06-20 06:12:28','Mozilla/5.0 (Windows NT 10.0; Win64; x64) AppleWebKit/537.36 (KHTML, like Gecko) Chrome/137.0.0.0 Safari/537.36 Edg/137.0.0.0',NULL),(318,4,'G9mMCJSrjd12bpEjEiDGRS56V5k8Fuf54MnCJ+/Q7QE=','2025-06-20 06:12:32','2025-06-27 06:12:32','2025-06-20 06:25:58',1,'2025-06-20 06:25:58','Mozilla/5.0 (Windows NT 10.0; Win64; x64) AppleWebKit/537.36 (KHTML, like Gecko) Chrome/137.0.0.0 Safari/537.36 Edg/137.0.0.0','2025-06-20 06:24:22'),(319,4,'GMDT+zZfubOr3RsqSVMb1nxx6ilbyEOeGkqdeYpG1jg=','2025-06-20 06:26:01','2025-06-27 06:26:01','2025-06-20 06:26:59',1,'2025-06-20 06:26:59','Mozilla/5.0 (Windows NT 10.0; Win64; x64) AppleWebKit/537.36 (KHTML, like Gecko) Chrome/137.0.0.0 Safari/537.36 Edg/137.0.0.0',NULL),(320,4,'X2FNeMbgaB1QiyYFi0OCGg9LA58W+O87ZgtSQaI0bHY=','2025-06-20 06:27:04','2025-06-27 06:27:04','2025-06-20 06:28:16',1,'2025-06-20 06:28:16','Mozilla/5.0 (Windows NT 10.0; Win64; x64) AppleWebKit/537.36 (KHTML, like Gecko) Chrome/137.0.0.0 Safari/537.36 Edg/137.0.0.0',NULL),(321,4,'Vt9u9Nm1nDa5D0cac0rlAHVePGoHE23pkc8DB9OFmiw=','2025-06-20 06:28:19','2025-06-27 06:28:19','2025-06-20 06:35:09',1,'2025-06-20 06:35:09','Mozilla/5.0 (Windows NT 10.0; Win64; x64) AppleWebKit/537.36 (KHTML, like Gecko) Chrome/137.0.0.0 Safari/537.36 Edg/137.0.0.0','2025-06-20 06:35:07'),(322,4,'0h+ifn4qlMlENML3PfFBxZpGBVXBw2sVMuGZPVjKPt0=','2025-06-20 06:36:12','2025-06-27 06:36:12','2025-06-20 06:42:42',1,'2025-06-20 06:42:42','Mozilla/5.0 (Windows NT 10.0; Win64; x64) AppleWebKit/537.36 (KHTML, like Gecko) Chrome/137.0.0.0 Safari/537.36 Edg/137.0.0.0',NULL),(323,4,'nt+qMbTfPwNz7qBDpu2FqGgnH8CGEBpGIPvTc9juJOM=','2025-06-20 06:42:46','2025-06-27 06:42:46','2025-06-20 06:44:11',1,'2025-06-20 06:44:11','Mozilla/5.0 (Windows NT 10.0; Win64; x64) AppleWebKit/537.36 (KHTML, like Gecko) Chrome/137.0.0.0 Safari/537.36 Edg/137.0.0.0',NULL),(324,4,'NsrnL18YvXKNYdOzYuB1n0YREPXZKVfkjJqcBDzfgyY=','2025-06-20 06:44:14','2025-06-27 06:44:14','2025-06-20 06:45:01',1,'2025-06-20 06:45:01','Mozilla/5.0 (Windows NT 10.0; Win64; x64) AppleWebKit/537.36 (KHTML, like Gecko) Chrome/137.0.0.0 Safari/537.36 Edg/137.0.0.0',NULL),(325,4,'aVol6hMWsPXhO2SB/gnKbLzihHhbhLIqydyBVeh8EUk=','2025-06-20 06:45:04','2025-06-27 06:45:04','2025-06-20 06:46:42',1,'2025-06-20 06:46:42','Mozilla/5.0 (Windows NT 10.0; Win64; x64) AppleWebKit/537.36 (KHTML, like Gecko) Chrome/137.0.0.0 Safari/537.36 Edg/137.0.0.0',NULL),(326,4,'EaXgpqkJg0/jkNtCyOXqPzVxR8fZX7p5LSCaZcsY8hA=','2025-06-20 06:46:45','2025-06-27 06:46:45','2025-06-20 06:47:03',1,'2025-06-20 06:47:03','Mozilla/5.0 (Windows NT 10.0; Win64; x64) AppleWebKit/537.36 (KHTML, like Gecko) Chrome/137.0.0.0 Safari/537.36 Edg/137.0.0.0',NULL),(327,4,'6C9fqFZpehVAF2YW3DLoWKprYZVjntfzFfDIgU2f/WY=','2025-06-20 06:47:06','2025-06-27 06:47:06','2025-06-20 06:49:44',1,'2025-06-20 06:49:44','Mozilla/5.0 (Windows NT 10.0; Win64; x64) AppleWebKit/537.36 (KHTML, like Gecko) Chrome/137.0.0.0 Safari/537.36 Edg/137.0.0.0',NULL),(328,4,'4Q7aQOPSIRYSgaj9WD6phJFEplIS9jIz9hXndOQ85d4=','2025-06-20 06:49:48','2025-06-27 06:49:48','2025-06-20 06:52:14',1,'2025-06-20 06:52:14','Mozilla/5.0 (Windows NT 10.0; Win64; x64) AppleWebKit/537.36 (KHTML, like Gecko) Chrome/137.0.0.0 Safari/537.36 Edg/137.0.0.0',NULL),(329,4,'Zg1n5LYp5XlR7EIirC+2nAcwT/D+jCVD3Ju/IX3PYjU=','2025-06-20 06:52:19','2025-06-27 06:52:19','2025-06-20 06:53:05',1,'2025-06-20 06:53:05','Mozilla/5.0 (Windows NT 10.0; Win64; x64) AppleWebKit/537.36 (KHTML, like Gecko) Chrome/137.0.0.0 Safari/537.36 Edg/137.0.0.0',NULL),(330,3,'RZ9z9WAVYcjGFp0DwwTYTBDV7OjdqFiNnMDQtKRxPIE=','2025-06-20 06:53:08','2025-06-27 06:53:08','2025-06-20 06:58:09',1,'2025-06-20 06:58:09','Mozilla/5.0 (Windows NT 10.0; Win64; x64) AppleWebKit/537.36 (KHTML, like Gecko) Chrome/137.0.0.0 Safari/537.36 Edg/137.0.0.0',NULL),(331,4,'jQX5wAuY7af10P/bq4Ght5uMEYaCGLPDA6sdOIxGUPE=','2025-06-20 06:58:12','2025-06-27 06:58:12','2025-06-20 07:00:50',1,'2025-06-20 07:00:50','Mozilla/5.0 (Windows NT 10.0; Win64; x64) AppleWebKit/537.36 (KHTML, like Gecko) Chrome/137.0.0.0 Safari/537.36 Edg/137.0.0.0',NULL),(332,4,'mWiw+rK+xzdrBQlwIxDzpZ6mSsSoUfCuGRi3q4UgGLA=','2025-06-20 07:00:53','2025-06-27 07:00:53','2025-06-20 07:06:06',1,'2025-06-20 07:06:06','Mozilla/5.0 (Windows NT 10.0; Win64; x64) AppleWebKit/537.36 (KHTML, like Gecko) Chrome/137.0.0.0 Safari/537.36 Edg/137.0.0.0',NULL),(333,4,'miVGYEiRRu095SN07oGN5nZ265dF9uQJRzq2Wdf1PVY=','2025-06-20 07:06:11','2025-06-27 07:06:11','2025-06-20 07:53:04',1,'2025-06-20 07:53:04','Mozilla/5.0 (Windows NT 10.0; Win64; x64) AppleWebKit/537.36 (KHTML, like Gecko) Chrome/137.0.0.0 Safari/537.36 Edg/137.0.0.0','2025-06-20 07:48:18'),(334,4,'qRSnF3YfNesre4SUZcnUT0G/uMQiKbl21NNSKRIGBr4=','2025-06-20 08:02:09','2025-06-27 08:02:09','2025-06-20 08:02:27',1,'2025-06-20 08:02:27','Mozilla/5.0 (Windows NT 10.0; Win64; x64) AppleWebKit/537.36 (KHTML, like Gecko) Chrome/137.0.0.0 Safari/537.36 Edg/137.0.0.0',NULL),(335,4,'BfoXH4SU6fIl2PPilb10fJbl73Fs7gzioor+KGuo+bQ=','2025-06-20 08:02:29','2025-06-27 08:02:29','2025-06-20 08:03:21',1,'2025-06-20 08:03:21','Mozilla/5.0 (Windows NT 10.0; Win64; x64) AppleWebKit/537.36 (KHTML, like Gecko) Chrome/137.0.0.0 Safari/537.36 Edg/137.0.0.0',NULL),(336,4,'ST47hklpKlNN0X3f/O2pPKR3sdV1JlgR3Wld5uPEDTE=','2025-06-20 23:41:47','2025-06-27 23:41:47','2025-06-20 23:48:17',1,'2025-06-20 23:48:17','Mozilla/5.0 (Windows NT 10.0; Win64; x64) AppleWebKit/537.36 (KHTML, like Gecko) Chrome/137.0.0.0 Safari/537.36 Edg/137.0.0.0','2025-06-20 23:47:46'),(337,4,'Q6X7dzWgVf5kD3+7/Ppw12eCStzO7If+ITzcM3vJ4R8=','2025-06-20 23:49:26','2025-06-27 23:49:26','2025-06-20 23:49:51',1,'2025-06-20 23:49:51','Mozilla/5.0 (Windows NT 10.0; Win64; x64) AppleWebKit/537.36 (KHTML, like Gecko) Chrome/137.0.0.0 Safari/537.36 Edg/137.0.0.0',NULL),(338,4,'h8Y8z4YrUylpswMtKLac4whaBnUS6IMAAqa7J9s5Tjs=','2025-06-21 00:11:38','2025-06-28 00:11:38','2025-06-21 00:59:46',1,'2025-06-21 00:59:46','Mozilla/5.0 (Windows NT 10.0; Win64; x64) AppleWebKit/537.36 (KHTML, like Gecko) Chrome/137.0.0.0 Safari/537.36 Edg/137.0.0.0','2025-06-21 00:57:51'),(339,4,'JsnzBsEvn6bCL+T+equhLcvnv+Zbu90xJJZmZJBGlvo=','2025-06-21 00:59:51','2025-06-28 00:59:51','2025-06-21 01:00:56',1,'2025-06-21 01:00:56','Mozilla/5.0 (Windows NT 10.0; Win64; x64) AppleWebKit/537.36 (KHTML, like Gecko) Chrome/137.0.0.0 Safari/537.36 Edg/137.0.0.0',NULL),(340,4,'ILbqnlhv0YiJmO9HupuNiwgsDqQ4Tm3n8fNkwjCWWSQ=','2025-06-21 01:00:59','2025-06-28 01:00:59','2025-06-21 01:01:24',1,'2025-06-21 01:01:24','Mozilla/5.0 (Windows NT 10.0; Win64; x64) AppleWebKit/537.36 (KHTML, like Gecko) Chrome/137.0.0.0 Safari/537.36 Edg/137.0.0.0',NULL),(341,4,'d7ivVvuWRA7OeoTzQd23hRJJTAMEWG44ZIcDLPq2okE=','2025-06-21 01:01:27','2025-06-28 01:01:27','2025-06-21 01:02:32',1,'2025-06-21 01:02:32','Mozilla/5.0 (Windows NT 10.0; Win64; x64) AppleWebKit/537.36 (KHTML, like Gecko) Chrome/137.0.0.0 Safari/537.36 Edg/137.0.0.0',NULL),(342,4,'NhYHxkOEN7YNRs81dPtFodqQ+A0+Ue52/qt977HcJKQ=','2025-06-21 01:02:35','2025-06-28 01:02:35','2025-06-21 01:03:14',1,'2025-06-21 01:03:14','Mozilla/5.0 (Windows NT 10.0; Win64; x64) AppleWebKit/537.36 (KHTML, like Gecko) Chrome/137.0.0.0 Safari/537.36 Edg/137.0.0.0',NULL),(343,4,'ZmetG7j4XD7pkOhDVcOhkjXkp7r4CkuLiM8DpXgmLvg=','2025-06-21 01:03:16','2025-06-28 01:03:16','2025-06-21 01:08:56',1,'2025-06-21 01:08:56','Mozilla/5.0 (Windows NT 10.0; Win64; x64) AppleWebKit/537.36 (KHTML, like Gecko) Chrome/137.0.0.0 Safari/537.36 Edg/137.0.0.0','2025-06-21 01:08:17'),(344,4,'2YcbEoPa2zZ3pvbGJkeL2zgS7BG2OMU0YsER/iMG1Q0=','2025-06-21 01:08:59','2025-06-28 01:08:59','2025-06-21 01:09:10',1,'2025-06-21 01:09:10','Mozilla/5.0 (Windows NT 10.0; Win64; x64) AppleWebKit/537.36 (KHTML, like Gecko) Chrome/137.0.0.0 Safari/537.36 Edg/137.0.0.0',NULL),(345,4,'k46k4wtKab6Plw+kRhZQORRRJJdrnxvY5/8bGX0i4oM=','2025-06-21 01:09:14','2025-06-28 01:09:14','2025-06-21 01:09:43',1,'2025-06-21 01:09:43','Mozilla/5.0 (Windows NT 10.0; Win64; x64) AppleWebKit/537.36 (KHTML, like Gecko) Chrome/137.0.0.0 Safari/537.36 Edg/137.0.0.0',NULL),(346,4,'gZ+eqQmgb7uz6sv+vEXanv7vcHDiExIgpYU2z/NxXYg=','2025-06-21 01:09:46','2025-06-28 01:09:46','2025-06-21 01:10:25',1,'2025-06-21 01:10:25','Mozilla/5.0 (Windows NT 10.0; Win64; x64) AppleWebKit/537.36 (KHTML, like Gecko) Chrome/137.0.0.0 Safari/537.36 Edg/137.0.0.0',NULL),(347,4,'DD/OcX0U0z/9xXEOuUK4x8PGX6szdgWFcXqFQNDup84=','2025-06-21 01:10:27','2025-06-28 01:10:27','2025-06-21 01:10:42',1,'2025-06-21 01:10:42','Mozilla/5.0 (Windows NT 10.0; Win64; x64) AppleWebKit/537.36 (KHTML, like Gecko) Chrome/137.0.0.0 Safari/537.36 Edg/137.0.0.0',NULL),(348,4,'/FfKl4R4DzAcC0dnwBFhMk9+to0WabnfOdLu0nO6VsI=','2025-06-21 01:10:45','2025-06-28 01:10:45','2025-06-21 01:11:28',1,'2025-06-21 01:11:28','Mozilla/5.0 (Windows NT 10.0; Win64; x64) AppleWebKit/537.36 (KHTML, like Gecko) Chrome/137.0.0.0 Safari/537.36 Edg/137.0.0.0',NULL),(349,4,'pu9AzEWkjO7+qvPas3GupBh0QZfM7485KNeNm51FKG4=','2025-06-21 01:11:31','2025-06-28 01:11:31','2025-06-21 01:13:30',1,'2025-06-21 01:13:30','Mozilla/5.0 (Windows NT 10.0; Win64; x64) AppleWebKit/537.36 (KHTML, like Gecko) Chrome/137.0.0.0 Safari/537.36 Edg/137.0.0.0',NULL),(350,4,'5xA/4YoY3l2iLx9kbZi4WieeeVczZznQ/4k+pkOMF/0=','2025-06-21 01:13:33','2025-06-28 01:13:33','2025-06-21 01:17:40',1,'2025-06-21 01:17:40','Mozilla/5.0 (Windows NT 10.0; Win64; x64) AppleWebKit/537.36 (KHTML, like Gecko) Chrome/137.0.0.0 Safari/537.36 Edg/137.0.0.0',NULL),(351,4,'Ulk52Ct9cHm5wUyYQFISGUHZEZij6x/3iyghnrz4jLY=','2025-06-21 01:17:56','2025-06-28 01:17:56','2025-06-21 01:18:09',1,'2025-06-21 01:18:09','Mozilla/5.0 (Windows NT 10.0; Win64; x64) AppleWebKit/537.36 (KHTML, like Gecko) Chrome/137.0.0.0 Safari/537.36 Edg/137.0.0.0',NULL),(352,4,'cainukZqrhlj2rnQgunH1ib4/xcjUtQYlwsfcy5dIdM=','2025-06-21 01:18:15','2025-06-28 01:18:15','2025-06-21 01:19:28',1,'2025-06-21 01:19:28','Mozilla/5.0 (Windows NT 10.0; Win64; x64) AppleWebKit/537.36 (KHTML, like Gecko) Chrome/137.0.0.0 Safari/537.36 Edg/137.0.0.0',NULL),(353,4,'g8nQRjtlsHE12BaZ9FVa4y+bAFuLno7LZkGlPCegDJk=','2025-06-21 01:19:31','2025-06-28 01:19:31','2025-06-21 01:20:24',1,'2025-06-21 01:20:24','Mozilla/5.0 (Windows NT 10.0; Win64; x64) AppleWebKit/537.36 (KHTML, like Gecko) Chrome/137.0.0.0 Safari/537.36 Edg/137.0.0.0',NULL),(354,4,'2cXm2FyQk8I6ezkP2+yb5rYKFYaOa1sOVl8w9yATI2M=','2025-06-21 01:20:27','2025-06-28 01:20:27','2025-06-21 01:20:56',1,'2025-06-21 01:20:56','Mozilla/5.0 (Windows NT 10.0; Win64; x64) AppleWebKit/537.36 (KHTML, like Gecko) Chrome/137.0.0.0 Safari/537.36 Edg/137.0.0.0',NULL),(355,4,'z5yRRF/K1PmxQRdoJ7EojWqMF0n/Dflq9ngCUBWf6hk=','2025-06-21 01:32:48','2025-06-28 01:32:48','2025-06-21 01:33:11',1,'2025-06-21 01:33:11','Mozilla/5.0 (Windows NT 10.0; Win64; x64) AppleWebKit/537.36 (KHTML, like Gecko) Chrome/137.0.0.0 Safari/537.36 Edg/137.0.0.0',NULL),(356,4,'pJxdUNvxjqoRe+UxfvTWiuu2vCDQ42pnGV3DaVHw9d0=','2025-06-21 01:33:16','2025-06-28 01:33:16','2025-06-21 01:53:02',0,NULL,'Mozilla/5.0 (Windows NT 10.0; Win64; x64) AppleWebKit/537.36 (KHTML, like Gecko) Chrome/137.0.0.0 Safari/537.36 Edg/137.0.0.0','2025-06-21 01:53:02'),(357,4,'Zx9otIPHsjy0QMkR8X2lZ3u3mbcoe3y9I6DUd5tbu8Y=','2025-06-21 01:53:10','2025-06-28 01:53:10','2025-06-21 01:53:28',1,'2025-06-21 01:53:28','Mozilla/5.0 (Windows NT 10.0; Win64; x64) AppleWebKit/537.36 (KHTML, like Gecko) Chrome/137.0.0.0 Safari/537.36 Edg/137.0.0.0',NULL),(358,4,'WXQwajB2yfT/pXiV3uzIWc2KRvFz9RmlQX0Bz68KmsY=','2025-06-21 06:23:38','2025-06-28 06:23:38','2025-06-21 06:23:51',1,'2025-06-21 06:23:51','Mozilla/5.0 (Windows NT 10.0; Win64; x64) AppleWebKit/537.36 (KHTML, like Gecko) Chrome/137.0.0.0 Safari/537.36 Edg/137.0.0.0',NULL),(359,4,'qMCaRl5JYNcTbSh7b6GGD0GX1V7Xoslud9IJVL+bRW8=','2025-06-21 06:25:32','2025-06-28 06:25:32','2025-06-21 07:27:06',1,'2025-06-21 07:27:06','Mozilla/5.0 (Windows NT 10.0; Win64; x64) AppleWebKit/537.36 (KHTML, like Gecko) Chrome/137.0.0.0 Safari/537.36 Edg/137.0.0.0','2025-06-21 07:22:10'),(360,4,'KbG0KCRyiNbmo3N8kZqKagqkYNeb+zgwZEpjSTaOS3o=','2025-06-21 07:27:16','2025-06-28 07:27:16','2025-06-21 07:29:39',1,'2025-06-21 07:29:39','Mozilla/5.0 (Windows NT 10.0; Win64; x64) AppleWebKit/537.36 (KHTML, like Gecko) Chrome/137.0.0.0 Safari/537.36 Edg/137.0.0.0',NULL),(361,4,'1PoLgxGGgXkNxR76SdJ04IuPRSYif+zDHifhrs4eTsA=','2025-06-21 07:29:42','2025-06-28 07:29:42','2025-06-21 07:34:13',1,'2025-06-21 07:34:13','Mozilla/5.0 (Windows NT 10.0; Win64; x64) AppleWebKit/537.36 (KHTML, like Gecko) Chrome/137.0.0.0 Safari/537.36 Edg/137.0.0.0',NULL),(362,4,'MBE11VbVCDUnaDpWvGvgIC2HPutNM3gGs7IXuP+4DQ0=','2025-06-21 07:34:21','2025-06-28 07:34:21','2025-06-21 07:36:55',1,'2025-06-21 07:36:55','Mozilla/5.0 (Windows NT 10.0; Win64; x64) AppleWebKit/537.36 (KHTML, like Gecko) Chrome/137.0.0.0 Safari/537.36 Edg/137.0.0.0',NULL),(363,4,'MDFIz7oa4Tm9RbJujFGiFVs75CZm3JY3m3vFa2D9YWI=','2025-06-21 07:36:58','2025-06-28 07:36:58','2025-06-21 07:47:44',1,'2025-06-21 07:47:44','Mozilla/5.0 (Windows NT 10.0; Win64; x64) AppleWebKit/537.36 (KHTML, like Gecko) Chrome/137.0.0.0 Safari/537.36 Edg/137.0.0.0','2025-06-21 07:46:57'),(364,4,'q+Ezg1ZYtt3I2svL5++3MpIE+Fb94JOOeJ1TYSidWBw=','2025-06-21 07:47:48','2025-06-28 07:47:48','2025-06-21 07:49:18',1,'2025-06-21 07:49:18','Mozilla/5.0 (Windows NT 10.0; Win64; x64) AppleWebKit/537.36 (KHTML, like Gecko) Chrome/137.0.0.0 Safari/537.36 Edg/137.0.0.0',NULL),(365,4,'UQt/E/OZeaRpWhDgrvKU2nq5LRIn5ziCS+/usyBNlU0=','2025-06-21 07:49:59','2025-06-28 07:49:59','2025-06-21 07:49:59',0,NULL,'Mozilla/5.0 (Windows NT 10.0; Win64; x64) AppleWebKit/537.36 (KHTML, like Gecko) Chrome/137.0.0.0 Safari/537.36 Edg/137.0.0.0',NULL),(366,2,'Zev7S73EDLit0pCKsOtgBkfws3gb7rIy0wTrwGdQSPc=','2025-06-23 05:05:26','2025-06-30 05:05:26','2025-06-23 05:05:35',1,'2025-06-23 05:05:35','Mozilla/5.0 (Windows NT 10.0; Win64; x64) AppleWebKit/537.36 (KHTML, like Gecko) Chrome/137.0.0.0 Safari/537.36 Edg/137.0.0.0',NULL),(367,4,'2ilZTQXMh4DFUkcEI9p1cQmlB3e2PynDyvm79ak51ko=','2025-06-23 05:05:46','2025-06-30 05:05:46','2025-06-23 05:10:09',1,'2025-06-23 05:10:09','Mozilla/5.0 (Windows NT 10.0; Win64; x64) AppleWebKit/537.36 (KHTML, like Gecko) Chrome/137.0.0.0 Safari/537.36 Edg/137.0.0.0',NULL),(368,4,'ywZzDooQt/RwofChgwQKiLJK0WjApHEw5oBtgLUyDTc=','2025-06-23 05:10:13','2025-06-30 05:10:13','2025-06-23 05:12:28',1,'2025-06-23 05:12:28','Mozilla/5.0 (Windows NT 10.0; Win64; x64) AppleWebKit/537.36 (KHTML, like Gecko) Chrome/137.0.0.0 Safari/537.36 Edg/137.0.0.0',NULL),(369,4,'QnQXhD6A3iaPhO4TCbFhyIMoqULNFa30tiKhQQ3hh9o=','2025-06-23 05:12:31','2025-06-30 05:12:31','2025-06-23 05:14:01',1,'2025-06-23 05:14:01','Mozilla/5.0 (Windows NT 10.0; Win64; x64) AppleWebKit/537.36 (KHTML, like Gecko) Chrome/137.0.0.0 Safari/537.36 Edg/137.0.0.0',NULL),(370,4,'rRPik+EWPG8Zpal2+t/KP0reQiVk9qUeiYv/66dWrdo=','2025-06-23 05:14:04','2025-06-30 05:14:04','2025-06-23 05:15:29',1,'2025-06-23 05:15:29','Mozilla/5.0 (Windows NT 10.0; Win64; x64) AppleWebKit/537.36 (KHTML, like Gecko) Chrome/137.0.0.0 Safari/537.36 Edg/137.0.0.0',NULL),(371,4,'koe7/aFIHu1s9VioeGlQfTPq8uHtK8BiAUTqhz2kl2s=','2025-06-23 05:15:31','2025-06-30 05:15:31','2025-06-23 05:17:49',1,'2025-06-23 05:17:49','Mozilla/5.0 (Windows NT 10.0; Win64; x64) AppleWebKit/537.36 (KHTML, like Gecko) Chrome/137.0.0.0 Safari/537.36 Edg/137.0.0.0',NULL),(372,4,'wb526KKZYQLWY0gIkXznYzRlLD+jO54eMdwQfL+pUC0=','2025-06-23 05:17:51','2025-06-30 05:17:51','2025-06-23 06:01:13',1,'2025-06-23 06:01:13','Mozilla/5.0 (Windows NT 10.0; Win64; x64) AppleWebKit/537.36 (KHTML, like Gecko) Chrome/137.0.0.0 Safari/537.36 Edg/137.0.0.0','2025-06-23 06:00:48'),(373,4,'oQ3Bn5b1ipiMdlk7MqUe4kTCVkLNLUSjS8cusR4AGRM=','2025-06-23 06:01:17','2025-06-30 06:01:17','2025-06-23 06:01:51',1,'2025-06-23 06:01:51','Mozilla/5.0 (Windows NT 10.0; Win64; x64) AppleWebKit/537.36 (KHTML, like Gecko) Chrome/137.0.0.0 Safari/537.36 Edg/137.0.0.0',NULL),(374,4,'vH4Ll0KVr+qm1DhB+ocB30psBINuYk8hYAg1cvZnkBY=','2025-06-23 06:01:55','2025-06-30 06:01:55','2025-06-23 06:04:22',1,'2025-06-23 06:04:22','Mozilla/5.0 (Windows NT 10.0; Win64; x64) AppleWebKit/537.36 (KHTML, like Gecko) Chrome/137.0.0.0 Safari/537.36 Edg/137.0.0.0',NULL),(375,4,'Mz/8XKHN21/iTWaRGGXhULDMqBnYumzd01nneg/L900=','2025-06-23 06:04:25','2025-06-30 06:04:25','2025-06-23 06:06:56',1,'2025-06-23 06:06:56','Mozilla/5.0 (Windows NT 10.0; Win64; x64) AppleWebKit/537.36 (KHTML, like Gecko) Chrome/137.0.0.0 Safari/537.36 Edg/137.0.0.0',NULL),(376,4,'t0z3ti9FUJJsygeJ61qLNSxBPzJnXRJ6JGh/gy8ZuJY=','2025-06-23 06:06:59','2025-06-30 06:06:59','2025-06-23 06:11:43',1,'2025-06-23 06:11:43','Mozilla/5.0 (Windows NT 10.0; Win64; x64) AppleWebKit/537.36 (KHTML, like Gecko) Chrome/137.0.0.0 Safari/537.36 Edg/137.0.0.0',NULL),(377,4,'hUSwVFydcdIhAzXYhHjAc/LecF0wfggaAvlE7lIx4wI=','2025-06-23 06:11:46','2025-06-30 06:11:46','2025-06-23 06:16:18',1,'2025-06-23 06:16:18','Mozilla/5.0 (Windows NT 10.0; Win64; x64) AppleWebKit/537.36 (KHTML, like Gecko) Chrome/137.0.0.0 Safari/537.36 Edg/137.0.0.0',NULL),(378,4,'Zk3n0ewqNavoJwRA/vVtcr3NcYr2+aXqElYvNTPaeVM=','2025-06-23 06:16:21','2025-06-30 06:16:21','2025-06-23 06:16:36',1,'2025-06-23 06:16:36','Mozilla/5.0 (Windows NT 10.0; Win64; x64) AppleWebKit/537.36 (KHTML, like Gecko) Chrome/137.0.0.0 Safari/537.36 Edg/137.0.0.0',NULL),(379,4,'TiL3pay3o6lwdrIil+3RwyOAoJ29pQOrX64CC2PqS7g=','2025-06-23 06:16:47','2025-06-30 06:16:47','2025-06-23 06:22:47',1,'2025-06-23 06:22:47','Mozilla/5.0 (Windows NT 10.0; Win64; x64) AppleWebKit/537.36 (KHTML, like Gecko) Chrome/137.0.0.0 Safari/537.36 Edg/137.0.0.0','2025-06-23 06:22:43'),(380,4,'DAd5s3jWRaspnMvZDcEmzm78zIoSDitwcT6KYY3qMPI=','2025-06-23 06:22:50','2025-06-30 06:22:50','2025-06-23 06:23:18',1,'2025-06-23 06:23:18','Mozilla/5.0 (Windows NT 10.0; Win64; x64) AppleWebKit/537.36 (KHTML, like Gecko) Chrome/137.0.0.0 Safari/537.36 Edg/137.0.0.0',NULL),(381,4,'7BRbLDnj4DVN8uSv7+adfYxRy/49bMG5KBLXebDIuOs=','2025-06-23 06:23:22','2025-06-30 06:23:22','2025-06-23 06:24:34',1,'2025-06-23 06:24:34','Mozilla/5.0 (Windows NT 10.0; Win64; x64) AppleWebKit/537.36 (KHTML, like Gecko) Chrome/137.0.0.0 Safari/537.36 Edg/137.0.0.0',NULL),(382,4,'QUUrSX5EGXPUO1c6EANs7TJjS5d7OzfUe3stRgOrPU8=','2025-06-23 07:16:56','2025-06-30 07:16:56','2025-06-23 07:16:56',0,NULL,'Mozilla/5.0 (Windows NT 10.0; Win64; x64) AppleWebKit/537.36 (KHTML, like Gecko) Chrome/137.0.0.0 Safari/537.36 Edg/137.0.0.0',NULL),(383,4,'ORxotEclYsP9xRMg2H57yC/rR5JwNHuCZ8ozd04RmUk=','2025-06-23 12:21:03','2025-06-30 12:21:03','2025-06-23 12:21:03',0,NULL,'Mozilla/5.0 (Windows NT 10.0; Win64; x64) AppleWebKit/537.36 (KHTML, like Gecko) Chrome/137.0.0.0 Safari/537.36 Edg/137.0.0.0',NULL),(384,4,'vb7Ahmhyi0r6Xv/vjKJUjeIYIhVpPfP48icVazaHqDE=','2025-06-23 12:23:32','2025-06-30 12:23:32','2025-06-23 12:28:24',0,NULL,'Mozilla/5.0 (Windows NT 10.0; Win64; x64) AppleWebKit/537.36 (KHTML, like Gecko) Chrome/137.0.0.0 Safari/537.36 Edg/137.0.0.0','2025-06-23 12:28:24'),(385,4,'YDJmz7AW8hweOGWZvDCFBONSK1fNN1LKPI8GJR3/+DA=','2025-06-23 12:30:11','2025-06-30 12:30:11','2025-06-23 12:30:11',0,NULL,'Mozilla/5.0 (Windows NT 10.0; Win64; x64) AppleWebKit/537.36 (KHTML, like Gecko) Chrome/137.0.0.0 Safari/537.36 Edg/137.0.0.0',NULL),(386,4,'xV/+EWxbEDobF/ceI8NUIAPM0iJZp5d7HWeehg/cl8w=','2025-06-23 12:38:58','2025-06-30 12:38:58','2025-06-23 12:38:58',0,NULL,'Mozilla/5.0 (Windows NT 10.0; Win64; x64) AppleWebKit/537.36 (KHTML, like Gecko) Chrome/137.0.0.0 Safari/537.36 Edg/137.0.0.0',NULL),(387,4,'5v0e/rZYZp8AN2mP1CasGS3Tj+QtIPf2SAtYQBfCPe8=','2025-06-23 12:41:17','2025-06-30 12:41:17','2025-06-23 12:43:36',1,'2025-06-23 12:43:36','Mozilla/5.0 (Windows NT 10.0; Win64; x64) AppleWebKit/537.36 (KHTML, like Gecko) Chrome/137.0.0.0 Safari/537.36 Edg/137.0.0.0',NULL),(388,4,'Ej0By2ZAM3DuvZ/ThJhkhOfdscjaiaumzlY1B+JNEFE=','2025-06-23 12:43:40','2025-06-30 12:43:40','2025-06-23 12:48:59',1,'2025-06-23 12:48:59','Mozilla/5.0 (Windows NT 10.0; Win64; x64) AppleWebKit/537.36 (KHTML, like Gecko) Chrome/137.0.0.0 Safari/537.36 Edg/137.0.0.0',NULL),(389,4,'kGrl6NZd9LjAx4no0f2ERveaW8BeUnlnEDsGKDLRDDY=','2025-06-23 12:49:04','2025-06-30 12:49:04','2025-06-23 12:51:14',1,'2025-06-23 12:51:14','Mozilla/5.0 (Windows NT 10.0; Win64; x64) AppleWebKit/537.36 (KHTML, like Gecko) Chrome/137.0.0.0 Safari/537.36 Edg/137.0.0.0',NULL),(390,4,'0vhLsovUVx3/TCP4aOTxrNzlSO0vt3HOtMVL2sdFpYM=','2025-06-23 12:51:56','2025-06-30 12:51:56','2025-06-23 12:53:39',1,'2025-06-23 12:53:39','Mozilla/5.0 (Windows NT 10.0; Win64; x64) AppleWebKit/537.36 (KHTML, like Gecko) Chrome/137.0.0.0 Safari/537.36 Edg/137.0.0.0',NULL),(391,4,'BPKDRMBf4Dju4K5CjB72cfPIS8wYF+ZA6Jkw+dLuam8=','2025-06-23 12:53:43','2025-06-30 12:53:43','2025-06-23 12:53:53',1,'2025-06-23 12:53:53','Mozilla/5.0 (Windows NT 10.0; Win64; x64) AppleWebKit/537.36 (KHTML, like Gecko) Chrome/137.0.0.0 Safari/537.36 Edg/137.0.0.0',NULL),(392,4,'YGIKVXWmLuRTB8G/JEpKtRBIIvE9Z1Qs3bGcK2hYhfY=','2025-06-23 12:53:57','2025-06-30 12:53:57','2025-06-23 12:58:08',1,'2025-06-23 12:58:08','Mozilla/5.0 (Windows NT 10.0; Win64; x64) AppleWebKit/537.36 (KHTML, like Gecko) Chrome/137.0.0.0 Safari/537.36 Edg/137.0.0.0',NULL),(393,4,'sQi7wn1MbdwVKmRkbA81ukZmK2//jpJrz+xP4hcbfYE=','2025-06-23 12:58:11','2025-06-30 12:58:11','2025-06-23 12:58:11',0,NULL,'Mozilla/5.0 (Windows NT 10.0; Win64; x64) AppleWebKit/537.36 (KHTML, like Gecko) Chrome/137.0.0.0 Safari/537.36 Edg/137.0.0.0',NULL),(394,4,'DOYaROtzU7RJF3oQ+aIuNjnbFNUs/dKFQnUTK8L9WSM=','2025-06-23 12:58:53','2025-06-30 12:58:53','2025-06-23 13:00:07',1,'2025-06-23 13:00:07','Mozilla/5.0 (Windows NT 10.0; Win64; x64) AppleWebKit/537.36 (KHTML, like Gecko) Chrome/137.0.0.0 Safari/537.36 Edg/137.0.0.0',NULL),(395,4,'nPoW0I68fCQp0i49BdvNIclW8E6I+g1KPENIrSFJMAk=','2025-06-23 13:03:58','2025-06-30 13:03:58','2025-06-23 13:03:58',0,NULL,'Mozilla/5.0 (Windows NT 10.0; Win64; x64) AppleWebKit/537.36 (KHTML, like Gecko) Chrome/137.0.0.0 Safari/537.36 Edg/137.0.0.0',NULL),(396,4,'btqHYJ5tqXgWWUQKScDQH8xvfzw2xYXcKETdKGLh2hY=','2025-06-23 13:04:41','2025-06-30 13:04:41','2025-06-23 13:04:41',0,NULL,'Mozilla/5.0 (Windows NT 10.0; Win64; x64) AppleWebKit/537.36 (KHTML, like Gecko) Chrome/137.0.0.0 Safari/537.36 Edg/137.0.0.0',NULL),(397,4,'0lfMuRUrfmnrMe6eWwdYcvHltT+65SSeMiZlh2piRXs=','2025-06-23 13:05:37','2025-06-30 13:05:37','2025-06-23 13:05:37',0,NULL,'Mozilla/5.0 (Windows NT 10.0; Win64; x64) AppleWebKit/537.36 (KHTML, like Gecko) Chrome/137.0.0.0 Safari/537.36 Edg/137.0.0.0',NULL),(398,4,'/XnymsWUgk2mHIEeAwd/ZT3Ac9tHXglpxakAm2Hd5So=','2025-06-23 13:11:30','2025-06-30 13:11:30','2025-06-23 13:12:13',1,'2025-06-23 13:12:13','Mozilla/5.0 (Windows NT 10.0; Win64; x64) AppleWebKit/537.36 (KHTML, like Gecko) Chrome/137.0.0.0 Safari/537.36 Edg/137.0.0.0',NULL),(399,4,'0VUoz188vtPt+XozlXkaaXwUO+mxKugYpGfMicKGHAs=','2025-06-23 13:12:16','2025-06-30 13:12:16','2025-06-23 13:13:08',1,'2025-06-23 13:13:08','Mozilla/5.0 (Windows NT 10.0; Win64; x64) AppleWebKit/537.36 (KHTML, like Gecko) Chrome/137.0.0.0 Safari/537.36 Edg/137.0.0.0',NULL),(400,4,'qEGNLiirND4K3sUcW2OG5yfbInrHtecRGGa2rRJ7gcw=','2025-06-23 13:13:11','2025-06-30 13:13:11','2025-06-23 13:14:02',1,'2025-06-23 13:14:02','Mozilla/5.0 (Windows NT 10.0; Win64; x64) AppleWebKit/537.36 (KHTML, like Gecko) Chrome/137.0.0.0 Safari/537.36 Edg/137.0.0.0',NULL),(401,4,'nV4AQ10eBTySyPGs6xEygBHMDCJi5HPbyP/+W/x1gFA=','2025-06-23 13:14:06','2025-06-30 13:14:06','2025-06-23 13:14:20',1,'2025-06-23 13:14:20','Mozilla/5.0 (Windows NT 10.0; Win64; x64) AppleWebKit/537.36 (KHTML, like Gecko) Chrome/137.0.0.0 Safari/537.36 Edg/137.0.0.0',NULL),(402,4,'TqhLQsYLplTtklJ3kUhGziLCXnL9ikuByA8Z9vE8eks=','2025-06-23 13:14:23','2025-06-30 13:14:23','2025-06-23 13:15:51',1,'2025-06-23 13:15:51','Mozilla/5.0 (Windows NT 10.0; Win64; x64) AppleWebKit/537.36 (KHTML, like Gecko) Chrome/137.0.0.0 Safari/537.36 Edg/137.0.0.0',NULL),(403,4,'mhVItJ0ZEsXRDOtpHsM2dXF9JPAxixGKqbAC6ryxKdw=','2025-06-23 13:15:55','2025-06-30 13:15:55','2025-06-23 13:19:26',1,'2025-06-23 13:19:26','Mozilla/5.0 (Windows NT 10.0; Win64; x64) AppleWebKit/537.36 (KHTML, like Gecko) Chrome/137.0.0.0 Safari/537.36 Edg/137.0.0.0',NULL),(404,4,'/5O7XcdP/UsyCS66B2FMj2j4dilqMVUA46SZ3f1Wfp8=','2025-06-23 13:19:29','2025-06-30 13:19:29','2025-06-23 13:22:13',1,'2025-06-23 13:22:13','Mozilla/5.0 (Windows NT 10.0; Win64; x64) AppleWebKit/537.36 (KHTML, like Gecko) Chrome/137.0.0.0 Safari/537.36 Edg/137.0.0.0',NULL),(405,4,'1e8a4zdWFq9vfR4Ny6Q0KszQzlNHtmsai87KYOim6DQ=','2025-06-23 13:22:17','2025-06-30 13:22:17','2025-06-23 13:22:17',0,NULL,'Mozilla/5.0 (Windows NT 10.0; Win64; x64) AppleWebKit/537.36 (KHTML, like Gecko) Chrome/137.0.0.0 Safari/537.36 Edg/137.0.0.0',NULL),(406,4,'THhiOlAA9WZ8gsQqAevPPvPbkgFG5wPHGxDpgoXsSUc=','2025-06-23 23:43:14','2025-06-30 23:43:14','2025-06-23 23:53:18',1,'2025-06-23 23:53:18','Mozilla/5.0 (Windows NT 10.0; Win64; x64) AppleWebKit/537.36 (KHTML, like Gecko) Chrome/137.0.0.0 Safari/537.36 Edg/137.0.0.0','2025-06-23 23:51:44'),(407,4,'By/3gaKvnCGcwA5uIwLRimPjtwZ8g4I2mKv3B0xPpcg=','2025-06-23 23:53:24','2025-06-30 23:53:24','2025-06-23 23:55:24',1,'2025-06-23 23:55:24','Mozilla/5.0 (Windows NT 10.0; Win64; x64) AppleWebKit/537.36 (KHTML, like Gecko) Chrome/137.0.0.0 Safari/537.36 Edg/137.0.0.0',NULL),(408,4,'8OLLJmqGWPMHAHYMPZ/zkcD0BjYz5lNYaC0MoUFMz98=','2025-06-23 23:55:27','2025-06-30 23:55:27','2025-06-23 23:56:31',1,'2025-06-23 23:56:31','Mozilla/5.0 (Windows NT 10.0; Win64; x64) AppleWebKit/537.36 (KHTML, like Gecko) Chrome/137.0.0.0 Safari/537.36 Edg/137.0.0.0',NULL),(409,4,'LjlS9yBrnTwyg7cQ6NrVFbBdNztWRY0YBuFTmtQF/BU=','2025-06-23 23:56:35','2025-06-30 23:56:35','2025-06-23 23:57:27',1,'2025-06-23 23:57:27','Mozilla/5.0 (Windows NT 10.0; Win64; x64) AppleWebKit/537.36 (KHTML, like Gecko) Chrome/137.0.0.0 Safari/537.36 Edg/137.0.0.0',NULL),(410,4,'cLfl7IbU86LRg9orJgyu6RsNgdCjL823A4Po+ywAaEc=','2025-06-23 23:57:30','2025-06-30 23:57:30','2025-06-23 23:58:41',1,'2025-06-23 23:58:41','Mozilla/5.0 (Windows NT 10.0; Win64; x64) AppleWebKit/537.36 (KHTML, like Gecko) Chrome/137.0.0.0 Safari/537.36 Edg/137.0.0.0',NULL),(411,4,'atDDW3By9vK3xoD4Olpj7ViRO6hpJOSoYfunG/QGqOc=','2025-06-23 23:58:45','2025-06-30 23:58:45','2025-06-24 00:14:42',0,NULL,'Mozilla/5.0 (Windows NT 10.0; Win64; x64) AppleWebKit/537.36 (KHTML, like Gecko) Chrome/137.0.0.0 Safari/537.36 Edg/137.0.0.0','2025-06-24 00:14:42'),(412,4,'4AeOMef+BVDeMn4eCXSCacs1NySJjpmpIrjT/EE5uGg=','2025-06-24 00:14:49','2025-07-01 00:14:49','2025-06-24 00:20:31',1,'2025-06-24 00:20:31','Mozilla/5.0 (Windows NT 10.0; Win64; x64) AppleWebKit/537.36 (KHTML, like Gecko) Chrome/137.0.0.0 Safari/537.36 Edg/137.0.0.0',NULL),(413,4,'86L8aHVPM3CHbX7iNTP78U4tBRsDMRqAhr1IsOCF0TI=','2025-06-24 00:20:34','2025-07-01 00:20:34','2025-06-24 00:20:34',0,NULL,'Mozilla/5.0 (Windows NT 10.0; Win64; x64) AppleWebKit/537.36 (KHTML, like Gecko) Chrome/137.0.0.0 Safari/537.36 Edg/137.0.0.0',NULL),(414,4,'iBFzW1qmJafCK5Cb9N/CVuA2ZX1VpWIcABGAmep5JH8=','2025-06-24 00:21:22','2025-07-01 00:21:22','2025-06-24 00:25:23',1,'2025-06-24 00:25:23','Mozilla/5.0 (Windows NT 10.0; Win64; x64) AppleWebKit/537.36 (KHTML, like Gecko) Chrome/137.0.0.0 Safari/537.36 Edg/137.0.0.0',NULL),(415,4,'0Uv+Z7+9JOmyIYNUsCfFragWdzx9EY9EYMnPhg3u2G0=','2025-06-24 00:25:26','2025-07-01 00:25:26','2025-06-24 01:02:19',0,NULL,'Mozilla/5.0 (Windows NT 10.0; Win64; x64) AppleWebKit/537.36 (KHTML, like Gecko) Chrome/137.0.0.0 Safari/537.36 Edg/137.0.0.0','2025-06-24 01:02:19'),(416,4,'b+Q175rBr32v8/a5V/4YAR+hMAb2pW4YtRke5oQscHk=','2025-06-24 01:03:50','2025-07-01 01:03:50','2025-06-24 03:33:50',1,'2025-06-24 03:33:50','Mozilla/5.0 (Windows NT 10.0; Win64; x64) AppleWebKit/537.36 (KHTML, like Gecko) Chrome/137.0.0.0 Safari/537.36 Edg/137.0.0.0','2025-06-24 01:32:55'),(417,4,'+WQax7Fj+v2DvRSfJ/DxgbWX/pkq2L0E2LtCqVAU6ME=','2025-06-24 03:33:55','2025-07-01 03:33:55','2025-06-24 04:51:26',1,'2025-06-24 04:51:26','Mozilla/5.0 (Windows NT 10.0; Win64; x64) AppleWebKit/537.36 (KHTML, like Gecko) Chrome/137.0.0.0 Safari/537.36 Edg/137.0.0.0',NULL),(418,4,'Xv5y3oBWuPKmL1KlICQayMns0S3D14aSjv5Runu8egg=','2025-06-24 05:22:06','2025-07-01 05:22:06','2025-06-24 06:39:51',1,'2025-06-24 06:39:51','Mozilla/5.0 (Windows NT 10.0; Win64; x64) AppleWebKit/537.36 (KHTML, like Gecko) Chrome/137.0.0.0 Safari/537.36 Edg/137.0.0.0','2025-06-24 05:55:53'),(419,4,'JW1iQJ9HJKujr9P8xQ+NfSGgJ4+Bqr2m0SNeORZduuw=','2025-06-24 06:45:13','2025-07-01 06:45:13','2025-06-24 06:46:12',1,'2025-06-24 06:46:12','Mozilla/5.0 (Windows NT 10.0; Win64; x64) AppleWebKit/537.36 (KHTML, like Gecko) Chrome/137.0.0.0 Safari/537.36 Edg/137.0.0.0',NULL),(420,4,'G+XHzcVDStBYuQN4Z4Ab9s/AVgrLcj1zu2DsmMHKDeI=','2025-06-24 06:46:15','2025-07-01 06:46:15','2025-06-24 07:33:32',0,NULL,'Mozilla/5.0 (Windows NT 10.0; Win64; x64) AppleWebKit/537.36 (KHTML, like Gecko) Chrome/137.0.0.0 Safari/537.36 Edg/137.0.0.0','2025-06-24 07:33:32'),(421,4,'bkReEz+IVJoKZs1CgnvGM3wk0W/wyyoYoLk/plYU2bc=','2025-06-24 07:37:45','2025-07-01 07:37:45','2025-06-24 07:38:11',1,'2025-06-24 07:38:11','Mozilla/5.0 (Windows NT 10.0; Win64; x64) AppleWebKit/537.36 (KHTML, like Gecko) Chrome/137.0.0.0 Safari/537.36 Edg/137.0.0.0',NULL),(422,4,'L0f4HdYvM6PMAmwGhdlqP1AMQrajRWk/DOZY9pS8BRM=','2025-06-24 07:39:26','2025-07-01 07:39:26','2025-06-24 07:46:42',0,NULL,'Mozilla/5.0 (Windows NT 10.0; Win64; x64) AppleWebKit/537.36 (KHTML, like Gecko) Chrome/137.0.0.0 Safari/537.36 Edg/137.0.0.0','2025-06-24 07:46:42'),(423,4,'uqCdqm64uKgJGlG//Nu01RgK+isfjJyDzUMjpdx4qFw=','2025-06-24 07:46:59','2025-07-01 07:46:59','2025-06-24 07:47:27',1,'2025-06-24 07:47:27','Mozilla/5.0 (Windows NT 10.0; Win64; x64) AppleWebKit/537.36 (KHTML, like Gecko) Chrome/137.0.0.0 Safari/537.36 Edg/137.0.0.0',NULL),(424,4,'CR3FPR9meRu07d/0/4kZfEpN30bYrSNLRYKuPGk/gW8=','2025-06-24 07:56:55','2025-07-01 07:56:55','2025-06-24 07:59:18',1,'2025-06-24 07:59:18','Mozilla/5.0 (Windows NT 10.0; Win64; x64) AppleWebKit/537.36 (KHTML, like Gecko) Chrome/137.0.0.0 Safari/537.36 Edg/137.0.0.0',NULL),(425,4,'4mw9t0GDc1h+9u9sEZcxi6kQlZGwX/6ofaZMczoF9AA=','2025-06-24 07:59:29','2025-07-01 07:59:29','2025-06-24 07:59:48',1,'2025-06-24 07:59:48','Mozilla/5.0 (Windows NT 10.0; Win64; x64) AppleWebKit/537.36 (KHTML, like Gecko) Chrome/137.0.0.0 Safari/537.36 Edg/137.0.0.0',NULL),(426,4,'DXYV/MZDwHX46yCTHi/SrN8Tl4iO20um8jwZrBrvDKs=','2025-06-24 08:00:01','2025-07-01 08:00:01','2025-06-24 08:03:24',1,'2025-06-24 08:03:24','Mozilla/5.0 (Windows NT 10.0; Win64; x64) AppleWebKit/537.36 (KHTML, like Gecko) Chrome/137.0.0.0 Safari/537.36 Edg/137.0.0.0',NULL),(427,2,'SfULNeB54aoQcpYDJw/3dVF/MlR6WiH1hlLnTzM3abM=','2025-06-24 23:18:41','2025-07-01 23:18:41','2025-06-24 23:18:41',0,NULL,'Mozilla/5.0 (Windows NT 10.0; Win64; x64) AppleWebKit/537.36 (KHTML, like Gecko) Chrome/137.0.0.0 Safari/537.36 Edg/137.0.0.0',NULL),(428,3,'W+2f4keqxfGN2YmM/Jp9MaW6RKAfDvDpaXjdw2yX8LU=','2025-06-24 23:29:36','2025-07-01 23:29:36','2025-06-24 23:29:39',1,'2025-06-24 23:29:39','Mozilla/5.0 (Windows NT 10.0; Win64; x64) AppleWebKit/537.36 (KHTML, like Gecko) Chrome/137.0.0.0 Safari/537.36 Edg/137.0.0.0',NULL),(429,2,'7g3Tv6Dr+oPpXne3Yy6ZW6c3flykehToN4fWvb7jZXE=','2025-06-24 23:29:43','2025-07-01 23:29:43','2025-06-25 00:14:05',1,'2025-06-25 00:14:05','Mozilla/5.0 (Windows NT 10.0; Win64; x64) AppleWebKit/537.36 (KHTML, like Gecko) Chrome/137.0.0.0 Safari/537.36 Edg/137.0.0.0','2025-06-25 00:12:47'),(430,8,'U+TbYnLBtTT2bTZYLNU9it3XDgQ4mbZxDe2C3z5eG6U=','2025-06-25 00:15:21','2025-07-02 00:15:21','2025-06-25 00:15:31',1,'2025-06-25 00:15:31','Mozilla/5.0 (Windows NT 10.0; Win64; x64) AppleWebKit/537.36 (KHTML, like Gecko) Chrome/137.0.0.0 Safari/537.36 Edg/137.0.0.0',NULL),(431,3,'buglcSGk4MlLzEp+EeZ89djvqKBbijqK3eMnQVvEO24=','2025-06-25 00:16:39','2025-07-02 00:16:39','2025-06-25 00:16:53',1,'2025-06-25 00:16:53','Mozilla/5.0 (Windows NT 10.0; Win64; x64) AppleWebKit/537.36 (KHTML, like Gecko) Chrome/137.0.0.0 Safari/537.36 Edg/137.0.0.0',NULL),(432,4,'01/Idj/RfXrBSxXLQLwBQEejh3E+f2dOq/1BAdGJ5BY=','2025-06-25 00:17:13','2025-07-02 00:17:13','2025-06-25 00:20:39',1,'2025-06-25 00:20:39','Mozilla/5.0 (Windows NT 10.0; Win64; x64) AppleWebKit/537.36 (KHTML, like Gecko) Chrome/137.0.0.0 Safari/537.36 Edg/137.0.0.0',NULL),(433,4,'T+idu+OVN3cvPAE2G542jTS3jVISe1MVUwWn/jX2cTM=','2025-06-25 00:20:42','2025-07-02 00:20:42','2025-06-25 00:28:49',1,'2025-06-25 00:28:49','Mozilla/5.0 (Windows NT 10.0; Win64; x64) AppleWebKit/537.36 (KHTML, like Gecko) Chrome/137.0.0.0 Safari/537.36 Edg/137.0.0.0','2025-06-25 00:28:07'),(434,4,'bfhACRj9jw9INIH7/FGG59D8U74dLFvZQQ6BjNbDaRI=','2025-06-25 00:28:53','2025-07-02 00:28:53','2025-06-25 00:31:21',1,'2025-06-25 00:31:21','Mozilla/5.0 (Windows NT 10.0; Win64; x64) AppleWebKit/537.36 (KHTML, like Gecko) Chrome/137.0.0.0 Safari/537.36 Edg/137.0.0.0',NULL),(435,4,'d//sUwXM5i02u/d7Fsl1NKtgnlfCUrVEl7kbnxpc96g=','2025-06-25 00:31:25','2025-07-02 00:31:25','2025-06-25 00:32:34',1,'2025-06-25 00:32:34','Mozilla/5.0 (Windows NT 10.0; Win64; x64) AppleWebKit/537.36 (KHTML, like Gecko) Chrome/137.0.0.0 Safari/537.36 Edg/137.0.0.0',NULL),(436,4,'+/LX3D6VIuW9eJQu/g7s/c5fI0fz7AzxESWNiUrCx/I=','2025-06-25 00:32:37','2025-07-02 00:32:37','2025-06-25 00:42:38',1,'2025-06-25 00:42:38','Mozilla/5.0 (Windows NT 10.0; Win64; x64) AppleWebKit/537.36 (KHTML, like Gecko) Chrome/137.0.0.0 Safari/537.36 Edg/137.0.0.0','2025-06-25 00:41:54'),(437,4,'QOD2dXR4o/6cw2hEnGZ6/5VNe419kfQwoG4W6bur7iw=','2025-06-25 00:42:42','2025-07-02 00:42:42','2025-06-25 00:43:38',1,'2025-06-25 00:43:38','Mozilla/5.0 (Windows NT 10.0; Win64; x64) AppleWebKit/537.36 (KHTML, like Gecko) Chrome/137.0.0.0 Safari/537.36 Edg/137.0.0.0',NULL),(438,4,'35JgWVoZPhrfEEtpnbkVW2uCx6+qbH7J2PEcxweHx4M=','2025-06-25 00:44:28','2025-07-02 00:44:28','2025-06-25 00:49:52',1,'2025-06-25 00:49:52','Mozilla/5.0 (Windows NT 10.0; Win64; x64) AppleWebKit/537.36 (KHTML, like Gecko) Chrome/137.0.0.0 Safari/537.36 Edg/137.0.0.0','2025-06-25 00:49:20'),(439,4,'MXWhTdCmdjtbFnV5Z62THt3v2StkVMS5AY4DFlQBpBE=','2025-06-25 00:52:24','2025-07-02 00:52:24','2025-06-25 01:05:31',1,'2025-06-25 01:05:31','Mozilla/5.0 (Windows NT 10.0; Win64; x64) AppleWebKit/537.36 (KHTML, like Gecko) Chrome/137.0.0.0 Safari/537.36 Edg/137.0.0.0','2025-06-25 01:04:36'),(440,4,'G1KjCmv9B/yWu0yqEx5TFJonROsQfGkzNezjtCdzrC4=','2025-06-25 01:05:45','2025-07-02 01:05:45','2025-06-25 01:06:17',1,'2025-06-25 01:06:17','Mozilla/5.0 (Windows NT 10.0; Win64; x64) AppleWebKit/537.36 (KHTML, like Gecko) Chrome/137.0.0.0 Safari/537.36 Edg/137.0.0.0',NULL),(441,4,'KWNuZDxJ9m0k8Gkab1hsD49HLz/k8ckBDxyAexz1PCk=','2025-06-25 01:08:12','2025-07-02 01:08:12','2025-06-25 01:46:22',1,'2025-06-25 01:46:22','Mozilla/5.0 (Windows NT 10.0; Win64; x64) AppleWebKit/537.36 (KHTML, like Gecko) Chrome/137.0.0.0 Safari/537.36 Edg/137.0.0.0','2025-06-25 01:46:22'),(442,4,'3TTH8y3ogfoOj2Xepndrwcs/gFZoyJ+xviXplxL2slA=','2025-06-25 01:52:12','2025-07-02 01:52:12','2025-06-25 02:05:19',1,'2025-06-25 02:05:19','Mozilla/5.0 (Windows NT 10.0; Win64; x64) AppleWebKit/537.36 (KHTML, like Gecko) Chrome/137.0.0.0 Safari/537.36 Edg/137.0.0.0','2025-06-25 02:05:18'),(443,4,'6km7VbQPK90k80a8NNfefpoz9ciGTEcBCleVsSTFNT8=','2025-06-25 02:05:26','2025-07-02 02:05:26','2025-06-25 02:07:50',1,'2025-06-25 02:07:50','Mozilla/5.0 (Windows NT 10.0; Win64; x64) AppleWebKit/537.36 (KHTML, like Gecko) Chrome/137.0.0.0 Safari/537.36 Edg/137.0.0.0',NULL),(444,4,'upDvnPlY+NFUvK+IRisD9A+QmY+GADe0S640JSI3uEQ=','2025-06-25 02:07:57','2025-07-02 02:07:57','2025-06-25 02:10:01',1,'2025-06-25 02:10:01','Mozilla/5.0 (Windows NT 10.0; Win64; x64) AppleWebKit/537.36 (KHTML, like Gecko) Chrome/137.0.0.0 Safari/537.36 Edg/137.0.0.0',NULL),(445,4,'lVrwRKG7HbM0vuQpZ6mju/syolALrR9Gexpqvr8EMzo=','2025-06-25 02:10:06','2025-07-02 02:10:06','2025-06-25 03:21:24',1,'2025-06-25 03:21:24','Mozilla/5.0 (Windows NT 10.0; Win64; x64) AppleWebKit/537.36 (KHTML, like Gecko) Chrome/137.0.0.0 Safari/537.36 Edg/137.0.0.0','2025-06-25 03:08:31'),(446,4,'HKSH/UjLkoRIk5XaEmtYJXccKFnu9R/fgsF2GmAX4o4=','2025-06-25 03:24:42','2025-07-02 03:24:42','2025-06-25 03:26:37',1,'2025-06-25 03:26:37','Mozilla/5.0 (Windows NT 10.0; Win64; x64) AppleWebKit/537.36 (KHTML, like Gecko) Chrome/137.0.0.0 Safari/537.36 Edg/137.0.0.0',NULL),(447,4,'hGFWksrNudLGFAOv4ldJNf4AfboQcOZZrxroURlSw0I=','2025-06-25 03:26:40','2025-07-02 03:26:40','2025-06-25 03:37:00',1,'2025-06-25 03:37:00','Mozilla/5.0 (Windows NT 10.0; Win64; x64) AppleWebKit/537.36 (KHTML, like Gecko) Chrome/137.0.0.0 Safari/537.36 Edg/137.0.0.0','2025-06-25 03:36:53'),(448,4,'hbTIFg4+jsGVjd7qybhdOx2K2NlewABuySy75K9ikFA=','2025-06-25 03:37:03','2025-07-02 03:37:03','2025-06-25 04:00:38',1,'2025-06-25 04:00:38','Mozilla/5.0 (Windows NT 10.0; Win64; x64) AppleWebKit/537.36 (KHTML, like Gecko) Chrome/137.0.0.0 Safari/537.36 Edg/137.0.0.0','2025-06-25 03:49:50'),(449,4,'E0zyPPCVI1egcOtkeR3J9TEqDFkQTLQ47TmxXQpltX0=','2025-06-25 04:00:40','2025-07-02 04:00:40','2025-06-25 04:07:22',1,'2025-06-25 04:07:22','Mozilla/5.0 (Windows NT 10.0; Win64; x64) AppleWebKit/537.36 (KHTML, like Gecko) Chrome/137.0.0.0 Safari/537.36 Edg/137.0.0.0',NULL),(450,4,'Qfp/LROavqmaiU1p5+blukEhCBJbe0rusTm9VYiJq0g=','2025-06-25 04:07:33','2025-07-02 04:07:33','2025-06-25 04:07:54',1,'2025-06-25 04:07:54','Mozilla/5.0 (Windows NT 10.0; Win64; x64) AppleWebKit/537.36 (KHTML, like Gecko) Chrome/137.0.0.0 Safari/537.36 Edg/137.0.0.0',NULL),(451,4,'QDDrPaSLae5KcOxs9ztm+reEB9xgbdlrkczpJcUz+6Y=','2025-06-25 04:07:57','2025-07-02 04:07:57','2025-06-25 05:21:30',1,'2025-06-25 05:21:30','Mozilla/5.0 (Windows NT 10.0; Win64; x64) AppleWebKit/537.36 (KHTML, like Gecko) Chrome/137.0.0.0 Safari/537.36 Edg/137.0.0.0','2025-06-25 04:16:19'),(452,4,'dk3SSvOV+OIliiF48uDTOMA3w+mQdu2JxsWQNjs0pwI=','2025-06-25 05:28:11','2025-07-02 05:28:11','2025-06-25 06:44:55',1,'2025-06-25 06:44:55','Mozilla/5.0 (Windows NT 10.0; Win64; x64) AppleWebKit/537.36 (KHTML, like Gecko) Chrome/137.0.0.0 Safari/537.36 Edg/137.0.0.0','2025-06-25 06:12:57'),(453,4,'aGKQwkfbF9UjePy1SZkKltGbT3fyp1Vrn5nmzhYX8wI=','2025-06-25 06:44:59','2025-07-02 06:44:59','2025-06-25 06:47:28',1,'2025-06-25 06:47:28','Mozilla/5.0 (Windows NT 10.0; Win64; x64) AppleWebKit/537.36 (KHTML, like Gecko) Chrome/137.0.0.0 Safari/537.36 Edg/137.0.0.0',NULL),(454,4,'aEH1RxnDAYH52qjnpTZ2w3n13uF4iGDnCgs16pZlTeo=','2025-06-25 06:47:34','2025-07-02 06:47:34','2025-06-25 07:32:30',0,NULL,'Mozilla/5.0 (Windows NT 10.0; Win64; x64) AppleWebKit/537.36 (KHTML, like Gecko) Chrome/137.0.0.0 Safari/537.36 Edg/137.0.0.0','2025-06-25 07:32:30'),(455,4,'q2p+vl7OEqjPonnmbl9LQIJJNjzmRSCcEMyQIytSnBY=','2025-06-25 07:32:42','2025-07-02 07:32:42','2025-06-25 08:01:12',1,'2025-06-25 08:01:12','Mozilla/5.0 (Windows NT 10.0; Win64; x64) AppleWebKit/537.36 (KHTML, like Gecko) Chrome/137.0.0.0 Safari/537.36 Edg/137.0.0.0','2025-06-25 08:01:09'),(456,4,'f0kkTZl9u4LsKuYuPaoXQbwd0QZJnwkW9SoTWvJgI9M=','2025-06-25 12:08:33','2025-07-02 12:08:33','2025-06-25 13:11:53',1,'2025-06-25 13:11:53','Mozilla/5.0 (Windows NT 10.0; Win64; x64) AppleWebKit/537.36 (KHTML, like Gecko) Chrome/137.0.0.0 Safari/537.36 Edg/137.0.0.0','2025-06-25 13:06:51'),(457,4,'CK7mv94TbZu6yFXOZlmC1WoC/2UkjaePaUL3fgVm+j8=','2025-06-25 13:11:58','2025-07-02 13:11:58','2025-06-25 13:12:23',1,'2025-06-25 13:12:23','Mozilla/5.0 (Windows NT 10.0; Win64; x64) AppleWebKit/537.36 (KHTML, like Gecko) Chrome/137.0.0.0 Safari/537.36 Edg/137.0.0.0',NULL),(458,4,'dCSlVaact/wLsiosn46iumgg9bueX91TLTJRvXri3cQ=','2025-06-25 13:12:27','2025-07-02 13:12:27','2025-06-25 13:33:00',1,'2025-06-25 13:33:00','Mozilla/5.0 (Windows NT 10.0; Win64; x64) AppleWebKit/537.36 (KHTML, like Gecko) Chrome/137.0.0.0 Safari/537.36 Edg/137.0.0.0','2025-06-25 13:27:53'),(459,4,'MrFyfCdYYuv3+1vjpmh2juT78CMR71396GIBClmD2t4=','2025-06-25 13:33:05','2025-07-02 13:33:05','2025-06-25 13:36:01',1,'2025-06-25 13:36:01','Mozilla/5.0 (Windows NT 10.0; Win64; x64) AppleWebKit/537.36 (KHTML, like Gecko) Chrome/137.0.0.0 Safari/537.36 Edg/137.0.0.0',NULL),(460,4,'EjFh1syifL0XM45SRB7IP8zrdK1REzH1lZt6B9a9CZ4=','2025-06-26 02:13:07','2025-07-03 02:13:07','2025-06-26 02:43:06',1,'2025-06-26 02:43:06','Mozilla/5.0 (Windows NT 10.0; Win64; x64) AppleWebKit/537.36 (KHTML, like Gecko) Chrome/137.0.0.0 Safari/537.36 Edg/137.0.0.0','2025-06-26 02:41:46'),(461,4,'7UCHQdZYb6iUc1ZAoIzgFadDoVxy7DQHKC3G73oUtmc=','2025-06-26 02:43:09','2025-07-03 02:43:09','2025-06-26 03:43:07',1,'2025-06-26 03:43:07','Mozilla/5.0 (Windows NT 10.0; Win64; x64) AppleWebKit/537.36 (KHTML, like Gecko) Chrome/137.0.0.0 Safari/537.36 Edg/137.0.0.0','2025-06-26 03:42:33'),(462,4,'h/yhjYGfH6GA8hbnk7EYPNvorvdf8jcRFWeMGTubqEw=','2025-06-26 03:43:10','2025-07-03 03:43:10','2025-06-26 04:51:28',1,'2025-06-26 04:51:28','Mozilla/5.0 (Windows NT 10.0; Win64; x64) AppleWebKit/537.36 (KHTML, like Gecko) Chrome/137.0.0.0 Safari/537.36 Edg/137.0.0.0','2025-06-26 04:15:30'),(463,4,'l2R1coqxELon+w9Huh3ZRWOtDBvI8kkSJwHn7ZXAIEI=','2025-06-26 06:20:18','2025-07-03 06:20:18','2025-06-26 06:25:01',1,'2025-06-26 06:25:01','Mozilla/5.0 (Windows NT 10.0; Win64; x64) AppleWebKit/537.36 (KHTML, like Gecko) Chrome/137.0.0.0 Safari/537.36 Edg/137.0.0.0',NULL),(464,4,'j31I0Ub/1kdbWRe3a5IdadxjAqyVWchEfRxRjnt42GQ=','2025-06-26 06:37:33','2025-07-03 06:37:33','2025-06-26 06:43:22',1,'2025-06-26 06:43:22','Mozilla/5.0 (Windows NT 10.0; Win64; x64) AppleWebKit/537.36 (KHTML, like Gecko) Chrome/137.0.0.0 Safari/537.36 Edg/137.0.0.0','2025-06-26 06:42:33'),(465,4,'UI1ZATHWcGUKRExrqs9InjfO9QCkizL+LE9FFV+CLQQ=','2025-06-26 06:43:25','2025-07-03 06:43:25','2025-06-26 06:55:43',1,'2025-06-26 06:55:43','Mozilla/5.0 (Windows NT 10.0; Win64; x64) AppleWebKit/537.36 (KHTML, like Gecko) Chrome/137.0.0.0 Safari/537.36 Edg/137.0.0.0','2025-06-26 06:52:14'),(466,4,'1B2xzptYXOrw+l2c2C7h+U+LML2oRmw99g/nqowaVC8=','2025-06-26 06:55:46','2025-07-03 06:55:46','2025-06-26 06:55:57',1,'2025-06-26 06:55:57','Mozilla/5.0 (Windows NT 10.0; Win64; x64) AppleWebKit/537.36 (KHTML, like Gecko) Chrome/137.0.0.0 Safari/537.36 Edg/137.0.0.0',NULL),(467,4,'GADmuQqu+6coPQlzlMOU4REsDSV6OMbCTcZDmqLcegk=','2025-06-26 06:56:02','2025-07-03 06:56:02','2025-06-26 06:57:01',1,'2025-06-26 06:57:01','Mozilla/5.0 (Windows NT 10.0; Win64; x64) AppleWebKit/537.36 (KHTML, like Gecko) Chrome/137.0.0.0 Safari/537.36 Edg/137.0.0.0',NULL),(468,4,'99oxbueOqdh/amG/VDk+NVK45C4wYWfUeEAk8dnTNkg=','2025-06-26 06:57:05','2025-07-03 06:57:05','2025-06-26 07:44:37',1,'2025-06-26 07:44:37','Mozilla/5.0 (Windows NT 10.0; Win64; x64) AppleWebKit/537.36 (KHTML, like Gecko) Chrome/137.0.0.0 Safari/537.36 Edg/137.0.0.0','2025-06-26 07:40:16'),(469,4,'JIOy/7IiPoDfKacg9PckT9slJX+8qo6n5Zfo7w+dG8I=','2025-06-26 07:44:41','2025-07-03 07:44:41','2025-06-26 07:50:25',0,NULL,'Mozilla/5.0 (Windows NT 10.0; Win64; x64) AppleWebKit/537.36 (KHTML, like Gecko) Chrome/137.0.0.0 Safari/537.36 Edg/137.0.0.0','2025-06-26 07:50:25'),(470,4,'EOR0WnwNVg3q6wWTw6kqTHLF6zzvf8r0Rty+1TPaks4=','2025-06-27 00:23:44','2025-07-04 00:23:44','2025-06-27 00:57:13',1,'2025-06-27 00:57:13','Mozilla/5.0 (Windows NT 10.0; Win64; x64) AppleWebKit/537.36 (KHTML, like Gecko) Chrome/137.0.0.0 Safari/537.36 Edg/137.0.0.0','2025-06-27 00:54:55'),(471,4,'cy1EtM5rxhrXqkx0Sgky+eNos0V8PSwg5vKPhV9oUKw=','2025-06-27 00:57:16','2025-07-04 00:57:16','2025-06-27 01:18:38',1,'2025-06-27 01:18:38','Mozilla/5.0 (Windows NT 10.0; Win64; x64) AppleWebKit/537.36 (KHTML, like Gecko) Chrome/137.0.0.0 Safari/537.36 Edg/137.0.0.0','2025-06-27 01:02:22'),(472,4,'gQh8MQAoQ/Vc1uKz3TECftzsGc3Nmph52x5mQYm+m2g=','2025-06-27 01:18:43','2025-07-04 01:18:43','2025-06-27 02:37:30',1,'2025-06-27 02:37:30','Mozilla/5.0 (Windows NT 10.0; Win64; x64) AppleWebKit/537.36 (KHTML, like Gecko) Chrome/137.0.0.0 Safari/537.36 Edg/137.0.0.0','2025-06-27 02:07:29'),(473,4,'oU+411bEsEpyFq1C9xTLkDoc5A0DbUNdiguZGtDmPHM=','2025-06-27 03:03:35','2025-07-04 03:03:35','2025-06-27 03:09:19',1,'2025-06-27 03:09:19','Mozilla/5.0 (Windows NT 10.0; Win64; x64) AppleWebKit/537.36 (KHTML, like Gecko) Chrome/137.0.0.0 Safari/537.36 Edg/137.0.0.0',NULL),(474,4,'0KxYxYhLHmxTqOl5Pfdj/iSuDmUgC1xKmlj7v0VKvwY=','2025-06-27 03:09:23','2025-07-04 03:09:23','2025-06-27 03:22:42',1,'2025-06-27 03:22:42','Mozilla/5.0 (Windows NT 10.0; Win64; x64) AppleWebKit/537.36 (KHTML, like Gecko) Chrome/137.0.0.0 Safari/537.36 Edg/137.0.0.0','2025-06-27 03:16:41'),(475,4,'OQ7rGDdSOUfmcBRgI4ZkCQn8Peu0I4d0OrapJeJQhw0=','2025-06-27 03:22:48','2025-07-04 03:22:48','2025-06-27 04:00:02',1,'2025-06-27 04:00:02','Mozilla/5.0 (Windows NT 10.0; Win64; x64) AppleWebKit/537.36 (KHTML, like Gecko) Chrome/137.0.0.0 Safari/537.36 Edg/137.0.0.0','2025-06-27 03:56:50'),(476,4,'cCFvbAdOgZXlaEZ0vTLoJl6wlhE20jxU5adbpRRuo+s=','2025-06-27 04:00:08','2025-07-04 04:00:08','2025-06-27 04:00:08',0,NULL,'Mozilla/5.0 (Windows NT 10.0; Win64; x64) AppleWebKit/537.36 (KHTML, like Gecko) Chrome/137.0.0.0 Safari/537.36 Edg/137.0.0.0',NULL),(477,4,'pFQyZXBSPtc/6JbeLE17zoByhzwE6TCkr9hxegSNCDM=','2025-06-27 04:54:34','2025-07-04 04:54:34','2025-06-27 05:07:43',1,'2025-06-27 05:07:43','Mozilla/5.0 (Windows NT 10.0; Win64; x64) AppleWebKit/537.36 (KHTML, like Gecko) Chrome/137.0.0.0 Safari/537.36 Edg/137.0.0.0','2025-06-27 05:05:43'),(478,4,'m2Pfz43yQqCt61HEvLQ5t9FdGoY1DaUomgKEC4knBGM=','2025-06-27 05:07:46','2025-07-04 05:07:46','2025-06-27 05:17:39',1,'2025-06-27 05:17:39','Mozilla/5.0 (Windows NT 10.0; Win64; x64) AppleWebKit/537.36 (KHTML, like Gecko) Chrome/137.0.0.0 Safari/537.36 Edg/137.0.0.0','2025-06-27 05:17:38'),(479,4,'UpejO3zR+Jm7zLes1S8fxkosy12zF+kYxqfE75fGxik=','2025-06-27 05:18:35','2025-07-04 05:18:35','2025-06-27 05:21:46',1,'2025-06-27 05:21:46','Mozilla/5.0 (Windows NT 10.0; Win64; x64) AppleWebKit/537.36 (KHTML, like Gecko) Chrome/137.0.0.0 Safari/537.36 Edg/137.0.0.0',NULL),(480,4,'cfyeeWPVrjofVCXraxJu/FFu1v9ivYDmsd0mVDCD3ZU=','2025-06-27 05:21:48','2025-07-04 05:21:48','2025-06-27 05:24:07',1,'2025-06-27 05:24:07','Mozilla/5.0 (Windows NT 10.0; Win64; x64) AppleWebKit/537.36 (KHTML, like Gecko) Chrome/137.0.0.0 Safari/537.36 Edg/137.0.0.0',NULL),(481,4,'fJcC4hI7wVU6RIX4HIYmSlxYHzMofJel72lG0aOEMlo=','2025-06-27 05:24:11','2025-07-04 05:24:11','2025-06-27 05:29:04',1,'2025-06-27 05:29:04','Mozilla/5.0 (Windows NT 10.0; Win64; x64) AppleWebKit/537.36 (KHTML, like Gecko) Chrome/137.0.0.0 Safari/537.36 Edg/137.0.0.0','2025-06-27 05:29:01'),(482,4,'PwefgWKRPgRcKrdGmW+bFvkzQ5xCJL/oBI6xR07QN74=','2025-06-27 05:29:30','2025-07-04 05:29:30','2025-06-27 05:30:33',1,'2025-06-27 05:30:33','Mozilla/5.0 (Windows NT 10.0; Win64; x64) AppleWebKit/537.36 (KHTML, like Gecko) Chrome/137.0.0.0 Safari/537.36 Edg/137.0.0.0',NULL),(483,4,'A7sA0uB2PA+lU3QR1TIW+U3RpH81xerBVtaITv0lOS4=','2025-06-27 05:30:36','2025-07-04 05:30:36','2025-06-27 05:33:11',1,'2025-06-27 05:33:11','Mozilla/5.0 (Windows NT 10.0; Win64; x64) AppleWebKit/537.36 (KHTML, like Gecko) Chrome/137.0.0.0 Safari/537.36 Edg/137.0.0.0',NULL),(484,4,'/BfPcoOOxFJlEsXvaGpbD1hUUtzQyUhEXKknuMLrSPU=','2025-06-27 05:33:19','2025-07-04 05:33:19','2025-06-27 05:33:39',1,'2025-06-27 05:33:39','Mozilla/5.0 (Windows NT 10.0; Win64; x64) AppleWebKit/537.36 (KHTML, like Gecko) Chrome/137.0.0.0 Safari/537.36 Edg/137.0.0.0',NULL),(485,4,'TEwaiuyVPkFcDclca5bzKHVjpPEyNh03DruLZeO13Wg=','2025-06-27 05:33:42','2025-07-04 05:33:42','2025-06-27 05:39:18',1,'2025-06-27 05:39:18','Mozilla/5.0 (Windows NT 10.0; Win64; x64) AppleWebKit/537.36 (KHTML, like Gecko) Chrome/137.0.0.0 Safari/537.36 Edg/137.0.0.0','2025-06-27 05:38:48'),(486,4,'FGOPpZzPuSfzbHWKZDnrVrYf/GrsPzjHnerHBFd85Kc=','2025-06-27 05:39:21','2025-07-04 05:39:21','2025-06-27 05:39:37',1,'2025-06-27 05:39:37','Mozilla/5.0 (Windows NT 10.0; Win64; x64) AppleWebKit/537.36 (KHTML, like Gecko) Chrome/137.0.0.0 Safari/537.36 Edg/137.0.0.0',NULL),(487,4,'qXVz5HNSNqYrNZgAZ4Fn7JS2O3w+txX95V1s2ONlTfM=','2025-06-27 05:39:39','2025-07-04 05:39:39','2025-06-27 05:40:14',1,'2025-06-27 05:40:14','Mozilla/5.0 (Windows NT 10.0; Win64; x64) AppleWebKit/537.36 (KHTML, like Gecko) Chrome/137.0.0.0 Safari/537.36 Edg/137.0.0.0',NULL),(488,4,'WWrKjaRFEvm09OWHXdiH7opM5Hg7NTz0CcwyMaKRLtQ=','2025-06-27 05:40:17','2025-07-04 05:40:17','2025-06-27 05:40:29',1,'2025-06-27 05:40:29','Mozilla/5.0 (Windows NT 10.0; Win64; x64) AppleWebKit/537.36 (KHTML, like Gecko) Chrome/137.0.0.0 Safari/537.36 Edg/137.0.0.0',NULL),(489,2,'2sTFjWx2dsrjVJsS6GmeV6eg9dEIdF1GcU/O6qlRp04=','2025-06-27 05:42:34','2025-07-04 05:42:34','2025-06-27 05:43:24',1,'2025-06-27 05:43:24','Mozilla/5.0 (Windows NT 10.0; Win64; x64) AppleWebKit/537.36 (KHTML, like Gecko) Chrome/137.0.0.0 Safari/537.36 Edg/137.0.0.0',NULL),(490,3,'7WRQcHaArWa0KFijfn0L6RetRNobqT8lAMBpbS0zuoE=','2025-06-27 05:43:28','2025-07-04 05:43:28','2025-06-27 05:43:49',1,'2025-06-27 05:43:49','Mozilla/5.0 (Windows NT 10.0; Win64; x64) AppleWebKit/537.36 (KHTML, like Gecko) Chrome/137.0.0.0 Safari/537.36 Edg/137.0.0.0',NULL),(491,2,'8AXpX8ggrTr6QKiHRCpTG3HLHsGx4n0iEMB3JjcM9RA=','2025-06-27 05:43:59','2025-07-04 05:43:59','2025-06-27 05:45:09',1,'2025-06-27 05:45:09','Mozilla/5.0 (Windows NT 10.0; Win64; x64) AppleWebKit/537.36 (KHTML, like Gecko) Chrome/137.0.0.0 Safari/537.36 Edg/137.0.0.0',NULL),(492,3,'CHHISC2df5vWssuFR2YW4CJbCQ5IKYuiVFjsT4rOZPU=','2025-06-27 05:45:27','2025-07-04 05:45:27','2025-06-27 05:46:29',1,'2025-06-27 05:46:29','Mozilla/5.0 (Windows NT 10.0; Win64; x64) AppleWebKit/537.36 (KHTML, like Gecko) Chrome/137.0.0.0 Safari/537.36 Edg/137.0.0.0',NULL),(493,4,'OmedR77D8SCC/4wJl7iy9HnGqxdfVIanuZFR+7JDCMk=','2025-06-27 05:46:35','2025-07-04 05:46:35','2025-06-27 06:02:01',1,'2025-06-27 06:02:01','Mozilla/5.0 (Windows NT 10.0; Win64; x64) AppleWebKit/537.36 (KHTML, like Gecko) Chrome/137.0.0.0 Safari/537.36 Edg/137.0.0.0',NULL),(494,4,'HXLWFlDB3S8MQFNzMgvwZcDp3Sxr9w2CT/l3VYF/NS0=','2025-06-27 06:02:05','2025-07-04 06:02:05','2025-06-27 06:03:46',1,'2025-06-27 06:03:46','Mozilla/5.0 (Windows NT 10.0; Win64; x64) AppleWebKit/537.36 (KHTML, like Gecko) Chrome/137.0.0.0 Safari/537.36 Edg/137.0.0.0',NULL),(495,2,'FosSzHCXQxBAKP487A6NEt46CMhTgTPyauDNH8Q4c5o=','2025-06-27 06:03:50','2025-07-04 06:03:50','2025-06-27 06:04:38',1,'2025-06-27 06:04:38','Mozilla/5.0 (Windows NT 10.0; Win64; x64) AppleWebKit/537.36 (KHTML, like Gecko) Chrome/137.0.0.0 Safari/537.36 Edg/137.0.0.0',NULL),(496,4,'lzAUjra9d8QSrGuj6/EGTXOeDunmDSwo/UxjaTzsS98=','2025-06-27 06:12:11','2025-07-04 06:12:11','2025-06-27 06:28:52',1,'2025-06-27 06:28:52','Mozilla/5.0 (Windows NT 10.0; Win64; x64) AppleWebKit/537.36 (KHTML, like Gecko) Chrome/137.0.0.0 Safari/537.36 Edg/137.0.0.0','2025-06-27 06:25:34'),(497,2,'/TLcU0wWSGRT1VrBRvhF8hTQ43dn1MHvoLB/loIiKIE=','2025-06-27 06:28:55','2025-07-04 06:28:55','2025-06-27 06:43:23',1,'2025-06-27 06:43:23','Mozilla/5.0 (Windows NT 10.0; Win64; x64) AppleWebKit/537.36 (KHTML, like Gecko) Chrome/137.0.0.0 Safari/537.36 Edg/137.0.0.0','2025-06-27 06:34:03'),(498,4,'dpUi88EBdaoHcp3tc0CNga/CUdP4SkHCisRLEIQNGbM=','2025-06-27 06:43:26','2025-07-04 06:43:26','2025-06-27 06:43:56',1,'2025-06-27 06:43:56','Mozilla/5.0 (Windows NT 10.0; Win64; x64) AppleWebKit/537.36 (KHTML, like Gecko) Chrome/137.0.0.0 Safari/537.36 Edg/137.0.0.0',NULL),(499,4,'W4HSYvc5YizwKRwr5vgrTbzURTJ20RnPUzqIIw61vPg=','2025-06-27 06:44:00','2025-07-04 06:44:00','2025-06-27 07:04:32',0,NULL,'Mozilla/5.0 (Windows NT 10.0; Win64; x64) AppleWebKit/537.36 (KHTML, like Gecko) Chrome/137.0.0.0 Safari/537.36 Edg/137.0.0.0','2025-06-27 07:04:32'),(500,4,'VUMN4Kd/02DBdLkU/Qlyq2lShPzOCvr+w8q3epT/sRk=','2025-06-27 07:04:37','2025-07-04 07:04:37','2025-06-27 07:07:00',1,'2025-06-27 07:07:00','Mozilla/5.0 (Windows NT 10.0; Win64; x64) AppleWebKit/537.36 (KHTML, like Gecko) Chrome/137.0.0.0 Safari/537.36 Edg/137.0.0.0',NULL),(501,4,'W+RsfNepFifiWEC9NkM/whGEjT72bUbqsSMua73MG6w=','2025-06-27 07:07:07','2025-07-04 07:07:07','2025-06-27 07:09:04',1,'2025-06-27 07:09:04','Mozilla/5.0 (Windows NT 10.0; Win64; x64) AppleWebKit/537.36 (KHTML, like Gecko) Chrome/137.0.0.0 Safari/537.36 Edg/137.0.0.0',NULL),(502,3,'fFP1EuVs/581dGvGI0rb+aDm/PYf6PXkOuBVqdYjytI=','2025-06-27 07:09:09','2025-07-04 07:09:09','2025-06-27 07:13:07',1,'2025-06-27 07:13:07','Mozilla/5.0 (Windows NT 10.0; Win64; x64) AppleWebKit/537.36 (KHTML, like Gecko) Chrome/137.0.0.0 Safari/537.36 Edg/137.0.0.0',NULL),(503,4,'aX6h+i9clJW2F/n0bUgFDIvj+ui8i3zjmY5WBpcdhZk=','2025-06-27 07:13:11','2025-07-04 07:13:11','2025-06-27 07:50:13',0,NULL,'Mozilla/5.0 (Windows NT 10.0; Win64; x64) AppleWebKit/537.36 (KHTML, like Gecko) Chrome/137.0.0.0 Safari/537.36 Edg/137.0.0.0','2025-06-27 07:50:13'),(504,4,'B7Zz37u4aaotxsJBXdsXeWuCAxEMM7uarV8yDEpZv9Q=','2025-06-27 07:50:38','2025-07-04 07:50:38','2025-06-27 07:51:27',1,'2025-06-27 07:51:27','Mozilla/5.0 (Windows NT 10.0; Win64; x64) AppleWebKit/537.36 (KHTML, like Gecko) Chrome/137.0.0.0 Safari/537.36 Edg/137.0.0.0',NULL),(505,4,'7Y7JJrb7LxpgDYDG5iqF6+LS2YUnOL1c72rQzbryDK8=','2025-06-27 07:51:31','2025-07-04 07:51:31','2025-06-27 07:52:01',1,'2025-06-27 07:52:01','Mozilla/5.0 (Windows NT 10.0; Win64; x64) AppleWebKit/537.36 (KHTML, like Gecko) Chrome/137.0.0.0 Safari/537.36 Edg/137.0.0.0',NULL),(506,4,'T9CzMCz3Pww1XViF//EdrMMRDgl9zHisg5X0KYRlerk=','2025-06-28 01:15:57','2025-07-05 01:15:57','2025-06-28 01:25:23',0,NULL,'Mozilla/5.0 (Windows NT 10.0; Win64; x64) AppleWebKit/537.36 (KHTML, like Gecko) Chrome/137.0.0.0 Safari/537.36 Edg/137.0.0.0','2025-06-28 01:25:23'),(507,4,'UNYTOpRLx26Jij9xiGUWa8UaGyVLTIerznpJurAhxLg=','2025-06-28 01:25:30','2025-07-05 01:25:30','2025-06-28 01:26:05',1,'2025-06-28 01:26:05','Mozilla/5.0 (Windows NT 10.0; Win64; x64) AppleWebKit/537.36 (KHTML, like Gecko) Chrome/137.0.0.0 Safari/537.36 Edg/137.0.0.0',NULL),(508,4,'i5EYtvcyFeO8lfbO0dFjc6FeDFtX+irzb+tvC8sqNuw=','2025-06-28 01:26:09','2025-07-05 01:26:09','2025-06-28 01:31:13',1,'2025-06-28 01:31:13','Mozilla/5.0 (Windows NT 10.0; Win64; x64) AppleWebKit/537.36 (KHTML, like Gecko) Chrome/137.0.0.0 Safari/537.36 Edg/137.0.0.0',NULL),(509,4,'pljdCtTrXgB9Y7p53acxISAEHkeilIz9KX1iBzoqzVE=','2025-06-28 01:31:24','2025-07-05 01:31:24','2025-06-28 03:16:26',1,'2025-06-28 03:16:26','Mozilla/5.0 (Windows NT 10.0; Win64; x64) AppleWebKit/537.36 (KHTML, like Gecko) Chrome/137.0.0.0 Safari/537.36 Edg/137.0.0.0','2025-06-28 01:45:18'),(510,4,'TmXRjQOEGzoJQZeJposzz8OeScgQtup+FqVzKCfVYrw=','2025-06-28 03:16:32','2025-07-05 03:16:32','2025-06-28 03:28:07',0,NULL,'Mozilla/5.0 (Windows NT 10.0; Win64; x64) AppleWebKit/537.36 (KHTML, like Gecko) Chrome/137.0.0.0 Safari/537.36 Edg/137.0.0.0','2025-06-28 03:28:06'),(511,4,'/dAx9MVvaKyVcdyupqGZcilTg+GHGS8x4P3aJA7vDqE=','2025-06-28 03:28:16','2025-07-05 03:28:16','2025-06-28 03:36:18',1,'2025-06-28 03:36:18','Mozilla/5.0 (Windows NT 10.0; Win64; x64) AppleWebKit/537.36 (KHTML, like Gecko) Chrome/137.0.0.0 Safari/537.36 Edg/137.0.0.0',NULL),(512,4,'q42ICsIh7bMS+buM9Z2tE2dNnwvNHsSUElbeKjF8+jU=','2025-06-28 03:36:21','2025-07-05 03:36:21','2025-06-28 03:37:45',1,'2025-06-28 03:37:45','Mozilla/5.0 (Windows NT 10.0; Win64; x64) AppleWebKit/537.36 (KHTML, like Gecko) Chrome/137.0.0.0 Safari/537.36 Edg/137.0.0.0',NULL),(513,4,'N+os9L9D8nofx23Ozye911oOMB/JPIF/dGpUTQHwayo=','2025-06-28 03:38:11','2025-07-05 03:38:11','2025-06-28 03:49:30',0,NULL,'Mozilla/5.0 (Windows NT 10.0; Win64; x64) AppleWebKit/537.36 (KHTML, like Gecko) Chrome/137.0.0.0 Safari/537.36 Edg/137.0.0.0','2025-06-28 03:49:30'),(514,4,'OW5u8dHeD2MVSW2DER9GlTCCYMoMJ+Q/qrww46wJlZE=','2025-06-28 03:50:06','2025-07-05 03:50:06','2025-06-28 03:50:06',0,NULL,'Mozilla/5.0 (Windows NT 10.0; Win64; x64) AppleWebKit/537.36 (KHTML, like Gecko) Chrome/137.0.0.0 Safari/537.36 Edg/137.0.0.0',NULL),(515,4,'iTfHb4qY9e8jtATO57LCCl+Q5Y4ehp4c3GAuLHcEU+Q=','2025-06-28 03:50:53','2025-07-05 03:50:53','2025-06-28 03:50:53',0,NULL,'Mozilla/5.0 (Windows NT 10.0; Win64; x64) AppleWebKit/537.36 (KHTML, like Gecko) Chrome/137.0.0.0 Safari/537.36 Edg/137.0.0.0',NULL),(516,4,'nynq2cDOhj0sD1vXLnGl18QDOym357SlXSwNsG57DUw=','2025-06-28 03:53:23','2025-07-05 03:53:23','2025-06-28 03:53:23',0,NULL,'Mozilla/5.0 (Windows NT 10.0; Win64; x64) AppleWebKit/537.36 (KHTML, like Gecko) Chrome/137.0.0.0 Safari/537.36 Edg/137.0.0.0',NULL),(517,4,'ds/KMs65pwlFMx2ZqDKZSWKPI4MsMWIAhYmM2VcpZtc=','2025-06-28 04:04:46','2025-07-05 04:04:46','2025-06-28 04:05:11',1,'2025-06-28 04:05:11','Mozilla/5.0 (Windows NT 10.0; Win64; x64) AppleWebKit/537.36 (KHTML, like Gecko) Chrome/137.0.0.0 Safari/537.36 Edg/137.0.0.0',NULL),(518,4,'f80fsq5HBZehgWWT+lv3+oh2hM/ErBDGP9cp3nhdMAY=','2025-06-28 04:06:56','2025-07-05 04:06:56','2025-06-28 04:06:56',0,NULL,'Mozilla/5.0 (Windows NT 10.0; Win64; x64) AppleWebKit/537.36 (KHTML, like Gecko) Chrome/137.0.0.0 Safari/537.36 Edg/137.0.0.0',NULL),(519,4,'jgQjufSg0w5BvHwD9ExxaywMsGBbyS/RuBE/hrdcdfo=','2025-06-28 04:10:34','2025-07-05 04:10:34','2025-06-28 04:17:22',1,'2025-06-28 04:17:22','Mozilla/5.0 (Windows NT 10.0; Win64; x64) AppleWebKit/537.36 (KHTML, like Gecko) Chrome/137.0.0.0 Safari/537.36 Edg/137.0.0.0','2025-06-28 04:17:21'),(520,4,'mX3FYAI04IFD7gk+m/+RBFn/dNB/fmJ2E+PxC8ClrD0=','2025-06-28 04:17:25','2025-07-05 04:17:25','2025-06-28 04:18:10',1,'2025-06-28 04:18:10','Mozilla/5.0 (Windows NT 10.0; Win64; x64) AppleWebKit/537.36 (KHTML, like Gecko) Chrome/137.0.0.0 Safari/537.36 Edg/137.0.0.0',NULL),(521,4,'9da7F65EkoGmCq1OAVLEYamxwCHHW7ONhmlIGo9WxQI=','2025-06-28 05:37:36','2025-07-05 05:37:36','2025-06-28 05:38:50',1,'2025-06-28 05:38:50','Mozilla/5.0 (Windows NT 10.0; Win64; x64) AppleWebKit/537.36 (KHTML, like Gecko) Chrome/137.0.0.0 Safari/537.36 Edg/137.0.0.0',NULL),(522,4,'LwpEvKd01Qdt4aGopzYNmZQs3Jmbvy1WOtBRL/sLExA=','2025-06-28 05:38:55','2025-07-05 05:38:55','2025-06-28 05:43:10',1,'2025-06-28 05:43:10','Mozilla/5.0 (Windows NT 10.0; Win64; x64) AppleWebKit/537.36 (KHTML, like Gecko) Chrome/137.0.0.0 Safari/537.36 Edg/137.0.0.0',NULL),(523,4,'2d011NV9xDel5o7tNPAYm6jQZdFlicMIqp5/GHFaju0=','2025-06-28 05:43:13','2025-07-05 05:43:13','2025-06-28 05:47:19',1,'2025-06-28 05:47:19','Mozilla/5.0 (Windows NT 10.0; Win64; x64) AppleWebKit/537.36 (KHTML, like Gecko) Chrome/137.0.0.0 Safari/537.36 Edg/137.0.0.0',NULL),(524,4,'S/oAbiQ/LXqs8OSqqhif5h3uROebv1fZ79QLtITrdHI=','2025-06-28 05:47:26','2025-07-05 05:47:26','2025-06-28 07:18:31',1,'2025-06-28 07:18:31','Mozilla/5.0 (Windows NT 10.0; Win64; x64) AppleWebKit/537.36 (KHTML, like Gecko) Chrome/137.0.0.0 Safari/537.36 Edg/137.0.0.0','2025-06-28 05:58:50'),(525,4,'8NqRBK8yDSKRsdTBjniYb+hTiMrcRnO4PjuxQYj8Yos=','2025-06-28 07:18:36','2025-07-05 07:18:36','2025-06-28 07:44:48',0,NULL,'Mozilla/5.0 (Windows NT 10.0; Win64; x64) AppleWebKit/537.36 (KHTML, like Gecko) Chrome/137.0.0.0 Safari/537.36 Edg/137.0.0.0','2025-06-28 07:44:48'),(526,4,'h2wjcNrH84YgnYljYXiW59ZSRWsJjN6KgV7KF9Mg2UY=','2025-06-29 23:31:23','2025-07-06 23:31:23','2025-06-30 00:21:55',0,NULL,'Mozilla/5.0 (Windows NT 10.0; Win64; x64) AppleWebKit/537.36 (KHTML, like Gecko) Chrome/137.0.0.0 Safari/537.36 Edg/137.0.0.0','2025-06-30 00:21:55'),(527,4,'gblpwuYvdZUTzrxrvAd/V5K9Mibn9ddFJzTDCeRGWVo=','2025-06-30 00:22:02','2025-07-07 00:22:02','2025-06-30 00:30:11',1,'2025-06-30 00:30:11','Mozilla/5.0 (Windows NT 10.0; Win64; x64) AppleWebKit/537.36 (KHTML, like Gecko) Chrome/137.0.0.0 Safari/537.36 Edg/137.0.0.0',NULL),(528,4,'Mf851a5FHl3l1b6sC4u2HE7M2rFUM+JnK5O0Y/gqKNI=','2025-06-30 00:30:14','2025-07-07 00:30:14','2025-06-30 01:31:48',1,'2025-06-30 01:31:48','Mozilla/5.0 (Windows NT 10.0; Win64; x64) AppleWebKit/537.36 (KHTML, like Gecko) Chrome/137.0.0.0 Safari/537.36 Edg/137.0.0.0','2025-06-30 01:26:03'),(529,4,'fQUWLxj4HcJfYSkzHO0dDNSsKao3RH3kMwVj6u98f+k=','2025-06-30 01:32:11','2025-07-07 01:32:11','2025-06-30 02:43:45',1,'2025-06-30 02:43:45','Mozilla/5.0 (Windows NT 10.0; Win64; x64) AppleWebKit/537.36 (KHTML, like Gecko) Chrome/137.0.0.0 Safari/537.36 Edg/137.0.0.0','2025-06-30 02:13:28'),(530,4,'k/h7EOwj35ZC/Az9WyG8vojJqu161sTbIlGber55nzM=','2025-06-30 01:43:42','2025-07-07 01:43:42','2025-06-30 01:43:42',0,NULL,'PostmanRuntime/7.44.1',NULL),(531,4,'TjmFy8yRSFzGTCZJTM5aO2jAtjrEwYKKOyxWDTson10=','2025-06-30 01:56:47','2025-07-07 01:56:47','2025-06-30 01:56:47',0,NULL,'PostmanRuntime/7.44.1',NULL),(532,4,'JyE75erWRz445DGVo5YrFH6lRpfI0VkS2V58vpUXhhc=','2025-06-30 02:41:40','2025-07-07 02:41:40','2025-06-30 02:41:40',0,NULL,'PostmanRuntime/7.44.1',NULL),(533,4,'I9NPr1uTEpW+EyapUyb4UseTYiz0G4RIXE17PHgZHf0=','2025-06-30 02:44:59','2025-07-07 02:44:59','2025-06-30 03:50:26',1,'2025-06-30 03:50:26','Mozilla/5.0 (Windows NT 10.0; Win64; x64) AppleWebKit/537.36 (KHTML, like Gecko) Chrome/137.0.0.0 Safari/537.36 Edg/137.0.0.0','2025-06-30 03:36:08'),(534,4,'RltH32zvilytTKpaPfJ23Tq9FDTZGJd3Im0R7yGOzMw=','2025-06-30 03:05:18','2025-07-07 03:05:18','2025-06-30 03:05:18',0,NULL,'PostmanRuntime/7.44.1',NULL),(535,4,'j28kxkY7OSVY/Hoa2x8G89Mm7rFd/gOsejnQEBNCFrs=','2025-06-30 03:59:42','2025-07-07 03:59:42','2025-06-30 04:35:45',0,NULL,'Mozilla/5.0 (Windows NT 10.0; Win64; x64) AppleWebKit/537.36 (KHTML, like Gecko) Chrome/137.0.0.0 Safari/537.36 Edg/137.0.0.0','2025-06-30 04:35:45'),(536,4,'Biiwsi8UdAfdeBS0iVp7zMV7g4YoTdjMPeDm9N0sS9k=','2025-06-30 04:35:51','2025-07-07 04:35:51','2025-06-30 04:38:18',1,'2025-06-30 04:38:18','Mozilla/5.0 (Windows NT 10.0; Win64; x64) AppleWebKit/537.36 (KHTML, like Gecko) Chrome/137.0.0.0 Safari/537.36 Edg/137.0.0.0',NULL),(537,4,'Jd4Q94p8JXZ8q2QNbCDJm+iNVbdIScsES39+f2rqTxw=','2025-06-30 04:38:21','2025-07-07 04:38:21','2025-06-30 04:38:48',1,'2025-06-30 04:38:48','Mozilla/5.0 (Windows NT 10.0; Win64; x64) AppleWebKit/537.36 (KHTML, like Gecko) Chrome/137.0.0.0 Safari/537.36 Edg/137.0.0.0',NULL),(538,4,'QVvbe/i7c3R+/SevBZk0lRQP2x1d06NgxowmG+E17tQ=','2025-06-30 04:38:51','2025-07-07 04:38:51','2025-06-30 05:37:59',1,'2025-06-30 05:37:59','Mozilla/5.0 (Windows NT 10.0; Win64; x64) AppleWebKit/537.36 (KHTML, like Gecko) Chrome/137.0.0.0 Safari/537.36 Edg/137.0.0.0','2025-06-30 05:37:40'),(539,4,'gnIDbuXxR5peIHFyDMedLwW71guFY9VztcQJWrSQeHE=','2025-06-30 06:02:03','2025-07-07 06:02:03','2025-06-30 08:03:09',1,'2025-06-30 08:03:09','Mozilla/5.0 (Windows NT 10.0; Win64; x64) AppleWebKit/537.36 (KHTML, like Gecko) Chrome/137.0.0.0 Safari/537.36 Edg/137.0.0.0','2025-06-30 06:54:04'),(540,4,'LyA9+2oM9vAtaIdLLb0G2fwWbEeDpN0GcmE+uCwFGjk=','2025-06-30 08:03:38','2025-07-07 08:03:38','2025-06-30 08:04:53',1,'2025-06-30 08:04:53','Mozilla/5.0 (Windows NT 10.0; Win64; x64) AppleWebKit/537.36 (KHTML, like Gecko) Chrome/137.0.0.0 Safari/537.36 Edg/137.0.0.0',NULL),(541,4,'FdtJ0B4jbEjVWb+X5yBM1ME3MM5CFdLcn1mJAAb0CJw=','2025-06-30 23:28:52','2025-07-07 23:28:52','2025-07-01 00:32:26',1,'2025-07-01 00:32:26','Mozilla/5.0 (Windows NT 10.0; Win64; x64) AppleWebKit/537.36 (KHTML, like Gecko) Chrome/138.0.0.0 Safari/537.36 Edg/138.0.0.0','2025-07-01 00:13:51'),(542,4,'UcZlyTWsKRNdPxEHnjn+H7g6Wz/Vv4BF7INS1VTKMiw=','2025-06-30 23:33:19','2025-07-07 23:33:19','2025-06-30 23:33:19',0,NULL,'PostmanRuntime/7.44.1',NULL),(543,4,'gZTFQKhInyPnvcTkeHavpYxvzT1mETIJ4zxuNK89pZA=','2025-06-30 23:44:08','2025-07-07 23:44:08','2025-06-30 23:44:08',0,NULL,'PostmanRuntime/7.44.1',NULL),(544,4,'3V0lwZYk/UeusLIB8pBxlUH/JYFQclPTXQ21iCi6a+g=','2025-07-01 00:01:51','2025-07-08 00:01:51','2025-07-01 00:01:51',0,NULL,'PostmanRuntime/7.44.1',NULL),(545,4,'9aoEgRQ95TbWwHzplBFXt9qINb2KjqwPuuanFVwN/IU=','2025-07-01 00:32:31','2025-07-08 00:32:31','2025-07-01 01:35:51',1,'2025-07-01 01:35:51','Mozilla/5.0 (Windows NT 10.0; Win64; x64) AppleWebKit/537.36 (KHTML, like Gecko) Chrome/138.0.0.0 Safari/537.36 Edg/138.0.0.0','2025-07-01 01:27:00'),(546,4,'netl/zx8qleAaVFsVl1Ig6UafRMr0BaffUD+by476FM=','2025-07-01 01:38:33','2025-07-08 01:38:33','2025-07-01 02:36:51',1,'2025-07-01 02:36:51','Mozilla/5.0 (Windows NT 10.0; Win64; x64) AppleWebKit/537.36 (KHTML, like Gecko) Chrome/138.0.0.0 Safari/537.36 Edg/138.0.0.0','2025-07-01 02:15:25'),(547,3,'L6HXNw/tkXmtfxXljk86LeA1t6HGmnlrX/JwBSoHxLk=','2025-07-01 02:37:04','2025-07-08 02:37:04','2025-07-01 02:55:26',1,'2025-07-01 02:55:26','Mozilla/5.0 (Windows NT 10.0; Win64; x64) AppleWebKit/537.36 (KHTML, like Gecko) Chrome/138.0.0.0 Safari/537.36 Edg/138.0.0.0','2025-07-01 02:43:31'),(548,4,'n8QJRWRKhr7pphoAmiIK4QMWmeK9ADWzRjN+8/fxDCU=','2025-07-01 02:55:29','2025-07-08 02:55:29','2025-07-01 03:02:48',1,'2025-07-01 03:02:48','Mozilla/5.0 (Windows NT 10.0; Win64; x64) AppleWebKit/537.36 (KHTML, like Gecko) Chrome/138.0.0.0 Safari/537.36 Edg/138.0.0.0',NULL),(549,3,'gH8QGLmPmWLbOxD063oZ8PDKUCPxom/XCIwq89lnpTs=','2025-07-01 03:03:00','2025-07-08 03:03:00','2025-07-01 03:07:35',1,'2025-07-01 03:07:35','Mozilla/5.0 (Windows NT 10.0; Win64; x64) AppleWebKit/537.36 (KHTML, like Gecko) Chrome/138.0.0.0 Safari/537.36 Edg/138.0.0.0',NULL),(550,2,'5IEH0snXlSeTZPyPRCb1f4T8xA60bgOZ0BnQi8GRYfw=','2025-07-01 03:07:39','2025-07-08 03:07:39','2025-07-01 03:37:41',1,'2025-07-01 03:37:41','Mozilla/5.0 (Windows NT 10.0; Win64; x64) AppleWebKit/537.36 (KHTML, like Gecko) Chrome/138.0.0.0 Safari/537.36 Edg/138.0.0.0','2025-07-01 03:37:40'),(551,4,'fGzUcTkm4pBs1/zjj/Ruw2Y6APT306aupNmb85Y88xw=','2025-07-01 03:36:03','2025-07-08 03:36:03','2025-07-01 03:36:03',0,NULL,'PostmanRuntime/7.44.1',NULL),(552,4,'yrmG6lwCI9AMr3O0wo+dcqnl4zOwlLXTWdeiDvfC2Hs=','2025-07-01 03:37:45','2025-07-08 03:37:45','2025-07-01 03:57:51',0,NULL,'Mozilla/5.0 (Windows NT 10.0; Win64; x64) AppleWebKit/537.36 (KHTML, like Gecko) Chrome/138.0.0.0 Safari/537.36 Edg/138.0.0.0','2025-07-01 03:57:51'),(553,4,'VJzjQybkZgN0xSpBEIZGtXX+gwv5VZSZ4mAEk/+rt94=','2025-07-01 05:36:06','2025-07-08 05:36:06','2025-07-01 05:46:45',1,'2025-07-01 05:46:45','Mozilla/5.0 (Windows NT 10.0; Win64; x64) AppleWebKit/537.36 (KHTML, like Gecko) Chrome/138.0.0.0 Safari/537.36 Edg/138.0.0.0','2025-07-01 05:44:53'),(554,2,'fMnkw+/fdfOGw3lw2X0XgscWK3qT2S3UcwgUYu75E5s=','2025-07-01 05:46:54','2025-07-08 05:46:54','2025-07-01 05:49:57',1,'2025-07-01 05:49:57','Mozilla/5.0 (Windows NT 10.0; Win64; x64) AppleWebKit/537.36 (KHTML, like Gecko) Chrome/138.0.0.0 Safari/537.36 Edg/138.0.0.0',NULL),(555,3,'gtGvYsvb4raE0FNfJdEccgie8AL/ybGHhis6eVnjxos=','2025-07-01 05:50:01','2025-07-08 05:50:01','2025-07-01 05:55:09',1,'2025-07-01 05:55:09','Mozilla/5.0 (Windows NT 10.0; Win64; x64) AppleWebKit/537.36 (KHTML, like Gecko) Chrome/138.0.0.0 Safari/537.36 Edg/138.0.0.0','2025-07-01 05:55:01'),(556,3,'YiC8ZfnCMaTgH1XH2X7MCLfxxlhIVJv8KAm29OPmIuA=','2025-07-01 05:55:15','2025-07-08 05:55:15','2025-07-01 06:06:44',1,'2025-07-01 06:06:44','Mozilla/5.0 (Windows NT 10.0; Win64; x64) AppleWebKit/537.36 (KHTML, like Gecko) Chrome/138.0.0.0 Safari/537.36 Edg/138.0.0.0','2025-07-01 06:06:40'),(557,4,'YEXVJaUYlAwAFNBQpIPWoSyF5dSInb2WbWPoX629PEM=','2025-07-01 06:06:52','2025-07-08 06:06:52','2025-07-01 06:10:04',1,'2025-07-01 06:10:04','Mozilla/5.0 (Windows NT 10.0; Win64; x64) AppleWebKit/537.36 (KHTML, like Gecko) Chrome/138.0.0.0 Safari/537.36 Edg/138.0.0.0',NULL),(558,6,'mf2md7AMTd8xK9V3EgREdh5oHwLI8VcZ7nXJWzvEdqo=','2025-07-01 06:10:45','2025-07-08 06:10:45','2025-07-01 06:12:10',1,'2025-07-01 06:12:10','Mozilla/5.0 (Windows NT 10.0; Win64; x64) AppleWebKit/537.36 (KHTML, like Gecko) Chrome/138.0.0.0 Safari/537.36 Edg/138.0.0.0',NULL),(559,4,'VH3d5VCAlHyHGv82XgiSdEtpJvJuH7eWe6RxdJ3fLv4=','2025-07-01 06:12:13','2025-07-08 06:12:13','2025-07-01 06:12:15',1,'2025-07-01 06:12:15','Mozilla/5.0 (Windows NT 10.0; Win64; x64) AppleWebKit/537.36 (KHTML, like Gecko) Chrome/138.0.0.0 Safari/537.36 Edg/138.0.0.0',NULL),(560,6,'wp1p7/h4DHhlRJH8ehHF3ehWEjGA6gnOnGOnYehcBNQ=','2025-07-01 06:12:24','2025-07-08 06:12:24','2025-07-01 06:49:05',0,NULL,'Mozilla/5.0 (Windows NT 10.0; Win64; x64) AppleWebKit/537.36 (KHTML, like Gecko) Chrome/138.0.0.0 Safari/537.36 Edg/138.0.0.0','2025-07-01 06:49:05'),(561,4,'8yXkHY3aSu2+ihsZALUvZXv/FKSk1zdYQBpzo3U6kow=','2025-07-01 06:13:10','2025-07-08 06:13:10','2025-07-01 06:13:10',0,NULL,'PostmanRuntime/7.44.1',NULL),(562,4,'JpE4aC5o1eEJ0NmaKAopShRpGzUgX55QUvV95G2g/RA=','2025-07-01 06:58:11','2025-07-08 06:58:11','2025-07-01 06:58:24',1,'2025-07-01 06:58:24','Mozilla/5.0 (Windows NT 10.0; Win64; x64) AppleWebKit/537.36 (KHTML, like Gecko) Chrome/138.0.0.0 Safari/537.36 Edg/138.0.0.0',NULL),(563,6,'Ev1dFnC9mVjRD2jRX5DdHECI7Hj/up0OAyHC6LeBZlc=','2025-07-01 06:58:29','2025-07-08 06:58:29','2025-07-01 07:01:50',1,'2025-07-01 07:01:50','Mozilla/5.0 (Windows NT 10.0; Win64; x64) AppleWebKit/537.36 (KHTML, like Gecko) Chrome/138.0.0.0 Safari/537.36 Edg/138.0.0.0',NULL),(564,4,'d5xew8oHJnG3boyUkFhElixQUlpOMnxuKtvD5EJpD/Y=','2025-07-01 07:01:54','2025-07-08 07:01:54','2025-07-01 08:03:12',1,'2025-07-01 08:03:12','Mozilla/5.0 (Windows NT 10.0; Win64; x64) AppleWebKit/537.36 (KHTML, like Gecko) Chrome/138.0.0.0 Safari/537.36 Edg/138.0.0.0',NULL),(565,4,'rtrW2OE79o4Z1a42sXCsS/uUFTEEAfy5ZRHd1vTNftA=','2025-07-02 05:32:38','2025-07-09 05:32:38','2025-07-02 05:37:14',1,'2025-07-02 05:37:14','Mozilla/5.0 (Windows NT 10.0; Win64; x64) AppleWebKit/537.36 (KHTML, like Gecko) Chrome/138.0.0.0 Safari/537.36 Edg/138.0.0.0',NULL),(566,6,'BbG5iKg8Y46xTdy4cYiQHb7OdKfTW+rmsWvFeq33420=','2025-07-02 05:37:19','2025-07-09 05:37:19','2025-07-02 05:46:46',1,'2025-07-02 05:46:46','Mozilla/5.0 (Windows NT 10.0; Win64; x64) AppleWebKit/537.36 (KHTML, like Gecko) Chrome/138.0.0.0 Safari/537.36 Edg/138.0.0.0','2025-07-02 05:46:18'),(567,4,'AK1RbQoLFiTIDQvEnp2pIUaJcPsf2JjSsg0IkplLA1E=','2025-07-02 05:46:50','2025-07-09 05:46:50','2025-07-02 06:52:13',1,'2025-07-02 06:52:13','Mozilla/5.0 (Windows NT 10.0; Win64; x64) AppleWebKit/537.36 (KHTML, like Gecko) Chrome/138.0.0.0 Safari/537.36 Edg/138.0.0.0','2025-07-02 06:44:56'),(568,4,'JbXsvfwDUnj+Vh7NlTN7PlB+/occwRGzuBJcOzi58FY=','2025-07-02 06:53:03','2025-07-09 06:53:03','2025-07-02 07:31:02',1,'2025-07-02 07:31:02','Mozilla/5.0 (Windows NT 10.0; Win64; x64) AppleWebKit/537.36 (KHTML, like Gecko) Chrome/138.0.0.0 Safari/537.36 Edg/138.0.0.0','2025-07-02 07:27:19'),(569,4,'i7iJBww33aCDJjHdkOmXsMqtGBIHfoLymEVLKjeNl6s=','2025-07-02 07:03:12','2025-07-09 07:03:12','2025-07-02 07:03:12',0,NULL,'PostmanRuntime/7.44.1',NULL),(570,6,'oeyOeWA5NJ6r40yBlBLNk+OIh5Vuy/WxWATkniPCA7s=','2025-07-02 07:31:10','2025-07-09 07:31:10','2025-07-02 07:31:17',1,'2025-07-02 07:31:17','Mozilla/5.0 (Windows NT 10.0; Win64; x64) AppleWebKit/537.36 (KHTML, like Gecko) Chrome/138.0.0.0 Safari/537.36 Edg/138.0.0.0',NULL),(571,4,'L7LlaejxPG50xCS5u8BZDrzTQyuvwB93whFUgaRX7Ts=','2025-07-02 07:31:20','2025-07-09 07:31:20','2025-07-02 07:55:20',0,NULL,'Mozilla/5.0 (Windows NT 10.0; Win64; x64) AppleWebKit/537.36 (KHTML, like Gecko) Chrome/138.0.0.0 Safari/537.36 Edg/138.0.0.0','2025-07-02 07:55:20'),(572,4,'nNHfqMpaMnwtqS7SHz3TBQ9SJ170Sm58iA+0szExl6A=','2025-07-02 23:56:05','2025-07-09 23:56:04','2025-07-02 23:56:05',0,NULL,'Mozilla/5.0 (Windows NT 10.0; Win64; x64) AppleWebKit/537.36 (KHTML, like Gecko) Chrome/138.0.0.0 Safari/537.36 Edg/138.0.0.0',NULL),(573,4,'IQdbY6MnVwxg+01XTXQ49SyBYoeAvs8V+AmzynHKtXc=','2025-07-02 23:59:46','2025-07-09 23:59:46','2025-07-03 01:25:05',1,'2025-07-03 01:25:05','Mozilla/5.0 (Windows NT 10.0; Win64; x64) AppleWebKit/537.36 (KHTML, like Gecko) Chrome/138.0.0.0 Safari/537.36 Edg/138.0.0.0','2025-07-03 00:35:30'),(574,9,'02500DaZVHAxpMvtFaHbX7e6FD7DfWO3jejJfBOdDpw=','2025-07-03 01:29:48','2025-07-10 01:29:48','2025-07-03 01:49:14',1,'2025-07-03 01:49:14','Mozilla/5.0 (Windows NT 10.0; Win64; x64) AppleWebKit/537.36 (KHTML, like Gecko) Chrome/138.0.0.0 Safari/537.36 Edg/138.0.0.0',NULL),(575,9,'MLiXky4FabZjN13TQBf4PTwNr1ipOnOnRzJJJx9q0MY=','2025-07-03 01:49:20','2025-07-10 01:49:20','2025-07-03 01:49:20',0,NULL,'Mozilla/5.0 (Windows NT 10.0; Win64; x64) AppleWebKit/537.36 (KHTML, like Gecko) Chrome/138.0.0.0 Safari/537.36 Edg/138.0.0.0',NULL),(576,9,'0FdwEjKv1Mmis7dSxZGgXPKq8OtRtXCGn5kAzARHrag=','2025-07-03 01:50:25','2025-07-10 01:50:25','2025-07-03 03:46:19',1,'2025-07-03 03:46:19','Mozilla/5.0 (Windows NT 10.0; Win64; x64) AppleWebKit/537.36 (KHTML, like Gecko) Chrome/138.0.0.0 Safari/537.36 Edg/138.0.0.0',NULL),(577,9,'9kqeom//+4u23uQIBBGfxo2N4hkN068qvCau/hnnOC8=','2025-07-03 06:40:23','2025-07-10 06:40:23','2025-07-03 07:29:45',1,'2025-07-03 07:29:45','Mozilla/5.0 (Windows NT 10.0; Win64; x64) AppleWebKit/537.36 (KHTML, like Gecko) Chrome/138.0.0.0 Safari/537.36 Edg/138.0.0.0','2025-07-03 06:54:31'),(578,9,'mADuGRxqazJaOCtylBa83ynkZGDWH7dEEmLChJebFpE=','2025-07-03 06:56:15','2025-07-10 06:56:15','2025-07-03 06:56:15',0,NULL,'PostmanRuntime/7.44.1',NULL),(579,9,'oeUoV4/yd/ECJJ4u9+GH54n73VsTBOIhVRUWd+S9CxQ=','2025-07-03 07:07:56','2025-07-10 07:07:56','2025-07-03 07:07:56',0,NULL,'PostmanRuntime/7.44.1',NULL),(580,9,'ZRh/dGY2cVGLcSQsA30k0cD2kLA6F+qo0rtDo/iuyBE=','2025-07-03 07:10:30','2025-07-10 07:10:30','2025-07-03 07:10:30',0,NULL,'PostmanRuntime/7.44.1',NULL),(581,9,'tGrmczxcbn+T7Lo2GqMR1MKUIXthgNsUQ06fJ2IWrs8=','2025-07-03 07:12:31','2025-07-10 07:12:31','2025-07-03 07:12:31',0,NULL,'PostmanRuntime/7.44.1',NULL),(582,9,'jxjVI5hzyTtrpjWd+ZlKkBgEUy1+e6LqcsVxiM3lMy0=','2025-07-03 07:30:26','2025-07-10 07:30:26','2025-07-03 07:35:44',1,'2025-07-03 07:35:44','Mozilla/5.0 (Windows NT 10.0; Win64; x64) AppleWebKit/537.36 (KHTML, like Gecko) Chrome/138.0.0.0 Safari/537.36 Edg/138.0.0.0',NULL),(583,9,'xZSUpDJubgnsLP/NNlElB0H7ReWchqXv5TIk29Ii4ZY=','2025-07-03 07:35:50','2025-07-10 07:35:50','2025-07-03 07:39:50',1,'2025-07-03 07:39:50','Mozilla/5.0 (Windows NT 10.0; Win64; x64) AppleWebKit/537.36 (KHTML, like Gecko) Chrome/138.0.0.0 Safari/537.36 Edg/138.0.0.0',NULL),(584,9,'/uLZW54sNlPPfhfTS5GSEse42X3enSAZjvflJrXPuXY=','2025-07-03 07:39:57','2025-07-10 07:39:57','2025-07-03 07:57:42',1,'2025-07-03 07:57:42','Mozilla/5.0 (Windows NT 10.0; Win64; x64) AppleWebKit/537.36 (KHTML, like Gecko) Chrome/138.0.0.0 Safari/537.36 Edg/138.0.0.0','2025-07-03 07:57:11'),(585,4,'HLin0NojdKP5EIL4nH5bvRw2EhG79spMyprWNE3Pm4k=','2025-07-03 07:57:47','2025-07-10 07:57:47','2025-07-03 08:04:33',1,'2025-07-03 08:04:33','Mozilla/5.0 (Windows NT 10.0; Win64; x64) AppleWebKit/537.36 (KHTML, like Gecko) Chrome/138.0.0.0 Safari/537.36 Edg/138.0.0.0',NULL),(586,9,'5tWUxISZClYrWkN40qftC2VBVLlls+GT9usKhlwEDGI=','2025-07-03 08:02:51','2025-07-10 08:02:51','2025-07-03 08:02:51',0,NULL,'PostmanRuntime/7.44.1',NULL),(587,9,'zwAmCeuKouDSOo42KCy8UzaxUxoJDJ8VJIrXiWqXIwo=','2025-07-03 23:46:19','2025-07-10 23:46:19','2025-07-04 00:46:39',1,'2025-07-04 00:46:39','Mozilla/5.0 (Windows NT 10.0; Win64; x64) AppleWebKit/537.36 (KHTML, like Gecko) Chrome/138.0.0.0 Safari/537.36 Edg/138.0.0.0','2025-07-04 00:37:28'),(588,9,'hnHwpO1VCwSB2FpiAxydv+9NMI979chducsCNdQTpzw=','2025-07-04 00:46:48','2025-07-11 00:46:48','2025-07-04 01:30:43',0,NULL,'Mozilla/5.0 (Windows NT 10.0; Win64; x64) AppleWebKit/537.36 (KHTML, like Gecko) Chrome/138.0.0.0 Safari/537.36 Edg/138.0.0.0','2025-07-04 01:30:43'),(589,9,'CDLP6tmwf0O3B6OyXSX4Ogt1RBWgSV53mY2jPG9RWv8=','2025-07-04 01:39:50','2025-07-11 01:39:50','2025-07-04 02:20:41',0,NULL,'Mozilla/5.0 (Windows NT 10.0; Win64; x64) AppleWebKit/537.36 (KHTML, like Gecko) Chrome/138.0.0.0 Safari/537.36 Edg/138.0.0.0','2025-07-04 02:20:41'),(590,9,'th3B+UuUAQGJ1eWXiZvZ8SP7l6fbeBBdnkx8dt8XE+A=','2025-07-04 02:20:47','2025-07-11 02:20:47','2025-07-04 02:20:47',0,NULL,'Mozilla/5.0 (Windows NT 10.0; Win64; x64) AppleWebKit/537.36 (KHTML, like Gecko) Chrome/138.0.0.0 Safari/537.36 Edg/138.0.0.0',NULL),(591,9,'fTq17QyOmDAXYvLFvMj33B6eU2tvICmmRRa+GwD1oH8=','2025-07-04 02:26:22','2025-07-11 02:26:22','2025-07-04 05:02:44',1,'2025-07-04 05:02:44','Mozilla/5.0 (Windows NT 10.0; Win64; x64) AppleWebKit/537.36 (KHTML, like Gecko) Chrome/138.0.0.0 Safari/537.36 Edg/138.0.0.0','2025-07-04 03:01:17'),(592,6,'ZYtKY+4ilw0cek32uzM13R6+K89tUN/sWLCogTpsB80=','2025-07-04 05:05:51','2025-07-11 05:05:51','2025-07-04 05:31:41',1,'2025-07-04 05:31:41','Mozilla/5.0 (Windows NT 10.0; Win64; x64) AppleWebKit/537.36 (KHTML, like Gecko) Chrome/138.0.0.0 Safari/537.36 Edg/138.0.0.0',NULL),(593,9,'Bnc1XtJcon/kGY3G6BDCtP5ngTK89wOlkeM+SePTF3U=','2025-07-04 05:11:41','2025-07-11 05:11:41','2025-07-04 05:11:41',0,NULL,'PostmanRuntime/7.44.1',NULL),(594,9,'bvlcgp48DoIpqnt24Cnq72Br1qMxJJFNpYAqnqRnqyU=','2025-07-04 05:20:47','2025-07-11 05:20:47','2025-07-04 05:20:47',0,NULL,'PostmanRuntime/7.44.1',NULL),(595,9,'55u5POph5PN0tHIuqfAGW4s/jVnfMJfQf+4y7I55AK4=','2025-07-04 05:30:56','2025-07-11 05:30:56','2025-07-04 05:30:56',0,NULL,'PostmanRuntime/7.44.1',NULL),(596,6,'5aEJQWHYMS2SstH8DRLKklHiUQuvofBgKhTaX7cjwAY=','2025-07-04 05:31:46','2025-07-11 05:31:46','2025-07-04 05:47:37',0,NULL,'Mozilla/5.0 (Windows NT 10.0; Win64; x64) AppleWebKit/537.36 (KHTML, like Gecko) Chrome/138.0.0.0 Safari/537.36 Edg/138.0.0.0','2025-07-04 05:47:37'),(597,9,'WydMJuDbuuIjxBibKrvIGMBR2UDfluXzINnXIWP5ex0=','2025-07-04 05:44:58','2025-07-11 05:44:58','2025-07-04 05:44:58',0,NULL,'PostmanRuntime/7.44.1',NULL),(598,9,'EyRhUcN8E/cXTznHK8+72meaa/fkV0XWp4a7gKyGLnw=','2025-07-04 05:48:01','2025-07-11 05:48:01','2025-07-04 05:48:01',0,NULL,'PostmanRuntime/7.44.1',NULL),(599,6,'cVXM+xkNBPj5neMHPzaIxp2dW4ulGvCTir1t7wml6TQ=','2025-07-04 05:54:46','2025-07-11 05:54:46','2025-07-04 05:54:50',1,'2025-07-04 05:54:50','Mozilla/5.0 (Windows NT 10.0; Win64; x64) AppleWebKit/537.36 (KHTML, like Gecko) Chrome/138.0.0.0 Safari/537.36 Edg/138.0.0.0',NULL),(600,9,'YshA93oLdbRlxCxIiITHkVALhehPuRgXg/Xl0ix4Vms=','2025-07-04 05:54:55','2025-07-11 05:54:55','2025-07-04 06:11:26',1,'2025-07-04 06:11:26','Mozilla/5.0 (Windows NT 10.0; Win64; x64) AppleWebKit/537.36 (KHTML, like Gecko) Chrome/138.0.0.0 Safari/537.36 Edg/138.0.0.0','2025-07-04 06:07:41'),(601,9,'Gty7LvjrjAHDzf7sKvAib5kfbaBu7A+1etCMnmH99I8=','2025-07-04 06:11:32','2025-07-11 06:11:32','2025-07-04 06:57:07',1,'2025-07-04 06:57:07','Mozilla/5.0 (Windows NT 10.0; Win64; x64) AppleWebKit/537.36 (KHTML, like Gecko) Chrome/138.0.0.0 Safari/537.36 Edg/138.0.0.0','2025-07-04 06:55:25'),(602,9,'o8kY9Hruk1L3faBFUUXYwgu5/NAm+ddnKdL5IMmrxns=','2025-07-04 06:18:58','2025-07-11 06:18:58','2025-07-04 06:18:58',0,NULL,'PostmanRuntime/7.44.1',NULL),(603,9,'wLH4ahpKYSZxc13GR4Iap5fbNNZhTrmjMoErDZi2xhg=','2025-07-04 06:57:14','2025-07-11 06:57:14','2025-07-04 07:17:41',0,NULL,'Mozilla/5.0 (Windows NT 10.0; Win64; x64) AppleWebKit/537.36 (KHTML, like Gecko) Chrome/138.0.0.0 Safari/537.36 Edg/138.0.0.0','2025-07-04 07:17:41'),(604,9,'1MWNgDF66GtOD7uGZkUf1vmbRbsWkvLvUGnVKBuk0Sg=','2025-07-04 07:25:24','2025-07-11 07:25:24','2025-07-04 07:44:55',0,NULL,'Mozilla/5.0 (Windows NT 10.0; Win64; x64) AppleWebKit/537.36 (KHTML, like Gecko) Chrome/138.0.0.0 Safari/537.36 Edg/138.0.0.0','2025-07-04 07:44:55'),(605,9,'paZ9Was+xlzXuOKSQYpHuf4suqPv3IcVYbTWTo9n8GE=','2025-07-04 07:49:44','2025-07-11 07:49:44','2025-07-04 07:56:05',1,'2025-07-04 07:56:05','Mozilla/5.0 (Windows NT 10.0; Win64; x64) AppleWebKit/537.36 (KHTML, like Gecko) Chrome/138.0.0.0 Safari/537.36 Edg/138.0.0.0',NULL),(606,9,'kreOtkzgdgKmaAFJ7yOXD+RKHs2A9QSnphQNkomfsBk=','2025-07-04 07:56:14','2025-07-11 07:56:14','2025-07-04 08:02:47',1,'2025-07-04 08:02:47','Mozilla/5.0 (Windows NT 10.0; Win64; x64) AppleWebKit/537.36 (KHTML, like Gecko) Chrome/138.0.0.0 Safari/537.36 Edg/138.0.0.0','2025-07-04 08:02:05'),(607,9,'7nS2/EDn+Y9SU+q3YPXTpfWrdrkwo4bfq18qco9mh4E=','2025-07-04 23:28:49','2025-07-11 23:28:49','2025-07-05 00:29:33',1,'2025-07-05 00:29:33','Mozilla/5.0 (Windows NT 10.0; Win64; x64) AppleWebKit/537.36 (KHTML, like Gecko) Chrome/138.0.0.0 Safari/537.36 Edg/138.0.0.0','2025-07-04 23:51:15'),(608,9,'QT5dXTMS5bbh1QWnjzs0H+I58r7g2Q9Nj78qTB97R2w=','2025-07-05 00:29:41','2025-07-12 00:29:41','2025-07-05 00:53:41',1,'2025-07-05 00:53:41','Mozilla/5.0 (Windows NT 10.0; Win64; x64) AppleWebKit/537.36 (KHTML, like Gecko) Chrome/138.0.0.0 Safari/537.36 Edg/138.0.0.0','2025-07-05 00:45:37'),(609,9,'Ej4mm1BB/VeYe7l5G0A/yfNm28JZ0aa/l3C2AKJ+BU0=','2025-07-05 00:53:50','2025-07-12 00:53:50','2025-07-05 01:17:03',1,'2025-07-05 01:17:03','Mozilla/5.0 (Windows NT 10.0; Win64; x64) AppleWebKit/537.36 (KHTML, like Gecko) Chrome/138.0.0.0 Safari/537.36 Edg/138.0.0.0','2025-07-05 01:16:44'),(610,9,'f8G91P8PZTKbASnK2bDAeQWap2n/J7Oc39Rgjm1pnU0=','2025-07-05 01:07:43','2025-07-12 01:07:43','2025-07-05 01:07:43',0,NULL,'PostmanRuntime/7.44.1',NULL),(611,9,'yF/LNOqBcQod2j6RkQkqK/2JY88iucFGmCSA7UZhxLc=','2025-07-05 01:17:06','2025-07-12 01:17:06','2025-07-05 01:24:20',0,NULL,'Mozilla/5.0 (Windows NT 10.0; Win64; x64) AppleWebKit/537.36 (KHTML, like Gecko) Chrome/138.0.0.0 Safari/537.36 Edg/138.0.0.0','2025-07-05 01:24:20'),(612,9,'6ZLdne/YpcLMfqmiHE2wnAwuhKy7YLn83SZLZRCRR8A=','2025-07-05 01:38:11','2025-07-12 01:38:11','2025-07-05 01:48:42',1,'2025-07-05 01:48:42','Mozilla/5.0 (Windows NT 10.0; Win64; x64) AppleWebKit/537.36 (KHTML, like Gecko) Chrome/138.0.0.0 Safari/537.36 Edg/138.0.0.0',NULL),(613,9,'BBGwJMVYnEdu6M+E/FZykgRnyUZw+l+jyusIMSDn4E4=','2025-07-05 01:49:56','2025-07-12 01:49:56','2025-07-05 02:28:27',1,'2025-07-05 02:28:27','Mozilla/5.0 (Windows NT 10.0; Win64; x64) AppleWebKit/537.36 (KHTML, like Gecko) Chrome/138.0.0.0 Safari/537.36 Edg/138.0.0.0','2025-07-05 02:27:04'),(614,9,'EFrWCyRT7MbN9BpMLY7DoFgV56/RdgNNRMREk7gsRos=','2025-07-05 02:28:29','2025-07-12 02:28:29','2025-07-05 03:10:37',1,'2025-07-05 03:10:37','Mozilla/5.0 (Windows NT 10.0; Win64; x64) AppleWebKit/537.36 (KHTML, like Gecko) Chrome/138.0.0.0 Safari/537.36 Edg/138.0.0.0','2025-07-05 03:09:04'),(615,9,'Dv5fFrahey5R9qF9NSmcXkHSEvl63X99BCudPnPY4Hg=','2025-07-05 03:10:41','2025-07-12 03:10:41','2025-07-05 03:16:22',1,'2025-07-05 03:16:22','Mozilla/5.0 (Windows NT 10.0; Win64; x64) AppleWebKit/537.36 (KHTML, like Gecko) Chrome/138.0.0.0 Safari/537.36 Edg/138.0.0.0','2025-07-05 03:16:14'),(616,9,'T6RTHH7zKOaPhSfzl0PSKmhKYh6VqOCvJ/FUifM992A=','2025-07-05 03:18:26','2025-07-12 03:18:26','2025-07-05 03:26:58',1,'2025-07-05 03:26:58','Mozilla/5.0 (Windows NT 10.0; Win64; x64) AppleWebKit/537.36 (KHTML, like Gecko) Chrome/138.0.0.0 Safari/537.36 Edg/138.0.0.0',NULL),(617,9,'xCzlzvTfH1yWusVkLH86F9TDm+gYff/0X4NKZ6sSGqU=','2025-07-05 03:27:01','2025-07-12 03:27:01','2025-07-05 03:27:01',0,NULL,'Mozilla/5.0 (Windows NT 10.0; Win64; x64) AppleWebKit/537.36 (KHTML, like Gecko) Chrome/138.0.0.0 Safari/537.36 Edg/138.0.0.0',NULL),(618,9,'/S0HNa1V3fsD2pabi/KupocafJK0GVuxkn5oHwJrs+Y=','2025-07-05 03:35:12','2025-07-12 03:35:12','2025-07-05 03:47:40',1,'2025-07-05 03:47:40','Mozilla/5.0 (Windows NT 10.0; Win64; x64) AppleWebKit/537.36 (KHTML, like Gecko) Chrome/138.0.0.0 Safari/537.36 Edg/138.0.0.0','2025-07-05 03:40:43'),(619,9,'ZDfvKA8ocQrQ1sJ4syE55/qKD28rQzo3TFKZA5HaG3k=','2025-07-05 03:47:43','2025-07-12 03:47:43','2025-07-05 03:53:27',1,'2025-07-05 03:53:27','Mozilla/5.0 (Windows NT 10.0; Win64; x64) AppleWebKit/537.36 (KHTML, like Gecko) Chrome/138.0.0.0 Safari/537.36 Edg/138.0.0.0',NULL),(620,6,'14vEHwH29OlISZj5UqNcd8gsgy8sGFdPKBsW4vPCcZE=','2025-07-05 03:53:32','2025-07-12 03:53:32','2025-07-05 04:02:15',1,'2025-07-05 04:02:15','Mozilla/5.0 (Windows NT 10.0; Win64; x64) AppleWebKit/537.36 (KHTML, like Gecko) Chrome/138.0.0.0 Safari/537.36 Edg/138.0.0.0',NULL),(621,9,'FQqsMsR8XNiwW75otmeWOHZIXqoEonMeO//CIXUkHWY=','2025-07-07 00:53:28','2025-07-14 00:53:28','2025-07-07 00:53:36',1,'2025-07-07 00:53:36','Mozilla/5.0 (Windows NT 10.0; Win64; x64) AppleWebKit/537.36 (KHTML, like Gecko) Chrome/138.0.0.0 Safari/537.36 Edg/138.0.0.0',NULL),(622,6,'Dxj64ISW9mYjT06a5rWv+42AEaxdHTFSAWjuuO0K/H0=','2025-07-07 00:53:44','2025-07-14 00:53:44','2025-07-07 00:54:18',1,'2025-07-07 00:54:18','Mozilla/5.0 (Windows NT 10.0; Win64; x64) AppleWebKit/537.36 (KHTML, like Gecko) Chrome/138.0.0.0 Safari/537.36 Edg/138.0.0.0',NULL),(623,9,'hKL7UW0CJPFC5mDYg7eh1iHCxUtc66MAFffFuptGPfk=','2025-07-07 00:54:21','2025-07-14 00:54:21','2025-07-07 00:54:56',1,'2025-07-07 00:54:56','Mozilla/5.0 (Windows NT 10.0; Win64; x64) AppleWebKit/537.36 (KHTML, like Gecko) Chrome/138.0.0.0 Safari/537.36 Edg/138.0.0.0',NULL),(624,7,'JAf7Tdy6e/PhpavTq5pUGKnQ2fPBJbgxfNXitOjPtWk=','2025-07-07 01:10:19','2025-07-14 01:10:19','2025-07-07 01:10:35',1,'2025-07-07 01:10:35','Mozilla/5.0 (Windows NT 10.0; Win64; x64) AppleWebKit/537.36 (KHTML, like Gecko) Chrome/138.0.0.0 Safari/537.36 Edg/138.0.0.0',NULL),(625,7,'StVW+VJQkEmH0enWIuU8k/IYRu1omgbmtTKinp2kuGU=','2025-07-07 01:10:40','2025-07-14 01:10:40','2025-07-07 01:21:30',1,'2025-07-07 01:21:30','Mozilla/5.0 (Windows NT 10.0; Win64; x64) AppleWebKit/537.36 (KHTML, like Gecko) Chrome/138.0.0.0 Safari/537.36 Edg/138.0.0.0','2025-07-07 01:20:23'),(626,7,'CeXoC4obLqfHzbnsGhSV2D7EZmlkk8a0w3c9alLTUC0=','2025-07-07 01:21:38','2025-07-14 01:21:38','2025-07-07 01:33:02',1,'2025-07-07 01:33:02','Mozilla/5.0 (Windows NT 10.0; Win64; x64) AppleWebKit/537.36 (KHTML, like Gecko) Chrome/138.0.0.0 Safari/537.36 Edg/138.0.0.0','2025-07-07 01:32:52'),(627,7,'dLLX3FoBS7tHywACDUNhQRJ7Xlu4OK/yuL+0/3zT6Yk=','2025-07-07 01:33:06','2025-07-14 01:33:06','2025-07-07 01:35:48',1,'2025-07-07 01:35:48','Mozilla/5.0 (Windows NT 10.0; Win64; x64) AppleWebKit/537.36 (KHTML, like Gecko) Chrome/138.0.0.0 Safari/537.36 Edg/138.0.0.0',NULL),(628,7,'Um3ES+B2gu/2d4nMwWEaENZwhJNhf2JVEnuHeZ/Cxdg=','2025-07-07 01:35:53','2025-07-14 01:35:53','2025-07-07 02:08:26',1,'2025-07-07 02:08:26','Mozilla/5.0 (Windows NT 10.0; Win64; x64) AppleWebKit/537.36 (KHTML, like Gecko) Chrome/138.0.0.0 Safari/537.36 Edg/138.0.0.0','2025-07-07 02:06:46'),(629,7,'0pmmhCpz4Rsj9GAfrmJnSX0YKaVaoa4sVL2HXchcwsQ=','2025-07-07 02:08:31','2025-07-14 02:08:31','2025-07-07 02:18:10',1,'2025-07-07 02:18:10','Mozilla/5.0 (Windows NT 10.0; Win64; x64) AppleWebKit/537.36 (KHTML, like Gecko) Chrome/138.0.0.0 Safari/537.36 Edg/138.0.0.0','2025-07-07 02:17:02'),(630,7,'GAhzugybMtYM6l5wHf9ATdWQifxQocOWu/J7/VH9zFg=','2025-07-07 02:18:15','2025-07-14 02:18:15','2025-07-07 02:21:41',1,'2025-07-07 02:21:41','Mozilla/5.0 (Windows NT 10.0; Win64; x64) AppleWebKit/537.36 (KHTML, like Gecko) Chrome/138.0.0.0 Safari/537.36 Edg/138.0.0.0',NULL),(631,7,'5c2JjNeaql1K7W/lWumLQv2TpSQKpbONa+uvRd2NL8o=','2025-07-07 02:21:46','2025-07-14 02:21:46','2025-07-07 02:40:09',1,'2025-07-07 02:40:09','Mozilla/5.0 (Windows NT 10.0; Win64; x64) AppleWebKit/537.36 (KHTML, like Gecko) Chrome/138.0.0.0 Safari/537.36 Edg/138.0.0.0','2025-07-07 02:40:08'),(632,7,'SJIGVTXLEd85wLY1KD3XvtSx8eVP0ZwsI4YK+FUz5ZU=','2025-07-07 02:40:18','2025-07-14 02:40:18','2025-07-07 02:42:38',1,'2025-07-07 02:42:38','Mozilla/5.0 (Windows NT 10.0; Win64; x64) AppleWebKit/537.36 (KHTML, like Gecko) Chrome/138.0.0.0 Safari/537.36 Edg/138.0.0.0',NULL),(633,7,'+RDjKi1RhheLCNnE8ea16+/37YGA+XUxNpsl29BRZsI=','2025-07-07 02:42:43','2025-07-14 02:42:43','2025-07-07 03:00:12',1,'2025-07-07 03:00:12','Mozilla/5.0 (Windows NT 10.0; Win64; x64) AppleWebKit/537.36 (KHTML, like Gecko) Chrome/138.0.0.0 Safari/537.36 Edg/138.0.0.0','2025-07-07 02:58:13'),(634,7,'zvZfFm4PqnrE+5Q8s4opngwk7XF7r3ybaIiCLU/RpJY=','2025-07-07 03:00:16','2025-07-14 03:00:16','2025-07-07 04:54:31',1,'2025-07-07 04:54:31','Mozilla/5.0 (Windows NT 10.0; Win64; x64) AppleWebKit/537.36 (KHTML, like Gecko) Chrome/138.0.0.0 Safari/537.36 Edg/138.0.0.0','2025-07-07 03:18:55'),(635,9,'tOecVRchA8ujOb20Ftbwquto6hnIMuG8LWnV30NRnKE=','2025-07-07 03:04:26','2025-07-14 03:04:26','2025-07-07 03:04:26',0,NULL,'PostmanRuntime/7.44.1',NULL),(636,7,'CWulWiTl9lcno51pBwScvqADr74h1srg+D6K6RG5LLo=','2025-07-07 03:04:56','2025-07-14 03:04:56','2025-07-07 03:04:56',0,NULL,'PostmanRuntime/7.44.1',NULL),(637,7,'74+OV9uZjGj2Hj6TFZL3oBI0nwautF5KEHe4dFHypAc=','2025-07-07 04:54:38','2025-07-14 04:54:38','2025-07-07 05:06:15',1,'2025-07-07 05:06:15','Mozilla/5.0 (Windows NT 10.0; Win64; x64) AppleWebKit/537.36 (KHTML, like Gecko) Chrome/138.0.0.0 Safari/537.36 Edg/138.0.0.0','2025-07-07 05:06:11'),(638,7,'7evaf52g494F0cNnemd0xNymSlW46VlmswMMPQqopr4=','2025-07-07 05:06:20','2025-07-14 05:06:20','2025-07-07 06:11:22',1,'2025-07-07 06:11:22','Mozilla/5.0 (Windows NT 10.0; Win64; x64) AppleWebKit/537.36 (KHTML, like Gecko) Chrome/138.0.0.0 Safari/537.36 Edg/138.0.0.0','2025-07-07 06:05:23'),(639,7,'gFHPCpva0VAic6B/fOpgCDc3FhijS2VhY29IVmqxiro=','2025-07-07 06:11:26','2025-07-14 06:11:26','2025-07-07 07:13:53',1,'2025-07-07 07:13:53','Mozilla/5.0 (Windows NT 10.0; Win64; x64) AppleWebKit/537.36 (KHTML, like Gecko) Chrome/138.0.0.0 Safari/537.36 Edg/138.0.0.0','2025-07-07 07:08:39'),(640,7,'NahQc4g3O06UhRgBvU14AU4lyPIAaP1IyTtlT5C1ncI=','2025-07-07 07:14:12','2025-07-14 07:14:12','2025-07-07 07:37:10',1,'2025-07-07 07:37:10','Mozilla/5.0 (Windows NT 10.0; Win64; x64) AppleWebKit/537.36 (KHTML, like Gecko) Chrome/138.0.0.0 Safari/537.36 Edg/138.0.0.0','2025-07-07 07:36:42'),(641,7,'n3ynk2iw8IlausXkV25tmoyp48KX2jCDIfD6HTvyL5g=','2025-07-07 07:37:14','2025-07-14 07:37:14','2025-07-07 07:37:14',0,NULL,'Mozilla/5.0 (Windows NT 10.0; Win64; x64) AppleWebKit/537.36 (KHTML, like Gecko) Chrome/138.0.0.0 Safari/537.36 Edg/138.0.0.0',NULL),(642,7,'0spLMJqTaapQkcvYtP1WJ/Aj1GXark4fKuIXaZ/RzE8=','2025-07-07 07:40:26','2025-07-14 07:40:26','2025-07-07 07:57:01',1,'2025-07-07 07:57:01','Mozilla/5.0 (Windows NT 10.0; Win64; x64) AppleWebKit/537.36 (KHTML, like Gecko) Chrome/138.0.0.0 Safari/537.36 Edg/138.0.0.0','2025-07-07 07:51:29'),(643,7,'+GOIFFbv3IB0fq2vJzETwYsX2DsD9auo9Ljjo2rs8hk=','2025-07-07 08:01:38','2025-07-14 08:01:38','2025-07-07 08:01:40',1,'2025-07-07 08:01:40','Mozilla/5.0 (Windows NT 10.0; Win64; x64) AppleWebKit/537.36 (KHTML, like Gecko) Chrome/138.0.0.0 Safari/537.36 Edg/138.0.0.0',NULL),(644,7,'K4DdZ0Z6OkvPVXzzOHSMbWlFZAgqkTOE5GGR2jKeo4Y=','2025-07-07 23:40:01','2025-07-14 23:40:01','2025-07-07 23:40:27',1,'2025-07-07 23:40:27','Mozilla/5.0 (Windows NT 10.0; Win64; x64) AppleWebKit/537.36 (KHTML, like Gecko) Chrome/138.0.0.0 Safari/537.36 Edg/138.0.0.0',NULL),(645,9,'aWRyzEsxvzRwQusyd+uHaSPHcGe9VD5s2pPfyce2TGk=','2025-07-07 23:41:31','2025-07-14 23:41:31','2025-07-07 23:42:28',1,'2025-07-07 23:42:28','Mozilla/5.0 (Windows NT 10.0; Win64; x64) AppleWebKit/537.36 (KHTML, like Gecko) Chrome/138.0.0.0 Safari/537.36 Edg/138.0.0.0',NULL),(646,7,'jQssJw1wOTMWS/4x34ttG6W/C8XbmfdxoAm6QhZ/mP0=','2025-07-07 23:43:00','2025-07-14 23:43:00','2025-07-07 23:43:02',1,'2025-07-07 23:43:02','Mozilla/5.0 (Windows NT 10.0; Win64; x64) AppleWebKit/537.36 (KHTML, like Gecko) Chrome/138.0.0.0 Safari/537.36 Edg/138.0.0.0',NULL),(647,2,'racuKFqVfMCFs0xpj5JJpK75FD2i3chTIawgD3SVijs=','2025-07-07 23:43:08','2025-07-14 23:43:08','2025-07-07 23:43:40',1,'2025-07-07 23:43:40','Mozilla/5.0 (Windows NT 10.0; Win64; x64) AppleWebKit/537.36 (KHTML, like Gecko) Chrome/138.0.0.0 Safari/537.36 Edg/138.0.0.0',NULL),(648,7,'ZzKEYCPIEGnNXXf7FBOU76T+KoEaN0aax8oYJMlSMEI=','2025-07-08 00:15:45','2025-07-15 00:15:45','2025-07-08 00:17:04',1,'2025-07-08 00:17:04','Mozilla/5.0 (Windows NT 10.0; Win64; x64) AppleWebKit/537.36 (KHTML, like Gecko) Chrome/138.0.0.0 Safari/537.36 Edg/138.0.0.0',NULL),(649,7,'LT7XXQshXs12ibBHajDvG2cgx6xMMxy+xA2zbrlZkDc=','2025-07-08 00:57:32','2025-07-15 00:57:32','2025-07-08 00:57:32',0,NULL,'Mozilla/5.0 (Windows NT 10.0; Win64; x64) AppleWebKit/537.36 (KHTML, like Gecko) Chrome/138.0.0.0 Safari/537.36 Edg/138.0.0.0',NULL),(650,7,'30SoDwNzOb7nj4AtVzN6PIg2AnNwktqoCGiSlMZ9Mns=','2025-07-08 00:59:36','2025-07-15 00:59:36','2025-07-08 01:00:37',1,'2025-07-08 01:00:37','Mozilla/5.0 (Windows NT 10.0; Win64; x64) AppleWebKit/537.36 (KHTML, like Gecko) Chrome/138.0.0.0 Safari/537.36 Edg/138.0.0.0',NULL),(651,7,'TAD3LJOt4EX6HZSlsYIL4fyalOgxics+uhKNxoUhm6Q=','2025-07-08 02:08:12','2025-07-15 02:08:12','2025-07-08 02:12:02',1,'2025-07-08 02:12:02','Mozilla/5.0 (Windows NT 10.0; Win64; x64) AppleWebKit/537.36 (KHTML, like Gecko) Chrome/138.0.0.0 Safari/537.36 Edg/138.0.0.0',NULL),(652,7,'zFz7RPrQ+vofk1RJtNZz8z3aB+aBuGAflnifsdj1G6I=','2025-07-08 05:07:04','2025-07-15 05:07:04','2025-07-08 05:19:06',1,'2025-07-08 05:19:06','Mozilla/5.0 (Windows NT 10.0; Win64; x64) AppleWebKit/537.36 (KHTML, like Gecko) Chrome/138.0.0.0 Safari/537.36 Edg/138.0.0.0','2025-07-08 05:19:03'),(653,7,'EXHqdubM1T1/NUBqVRzjrO6PowYOSWgFWiGLOPRYWiQ=','2025-07-08 05:19:19','2025-07-15 05:19:19','2025-07-08 05:19:19',0,NULL,'Mozilla/5.0 (Windows NT 10.0; Win64; x64) AppleWebKit/537.36 (KHTML, like Gecko) Chrome/138.0.0.0 Safari/537.36 Edg/138.0.0.0',NULL),(654,7,'cQX6wMwcLf32gaTaPCxUCJDP23asYOQUv7z99VHDh6g=','2025-07-08 05:21:58','2025-07-15 05:21:58','2025-07-08 05:42:58',1,'2025-07-08 05:42:58','Mozilla/5.0 (Windows NT 10.0; Win64; x64) AppleWebKit/537.36 (KHTML, like Gecko) Chrome/138.0.0.0 Safari/537.36 Edg/138.0.0.0','2025-07-08 05:42:05'),(655,7,'4OXoW4Xmfv2eN7mPQ+lUWCLNzXraD4Fb4VndTzY8HzI=','2025-07-08 05:43:14','2025-07-15 05:43:14','2025-07-08 06:01:31',1,'2025-07-08 06:01:31','Mozilla/5.0 (Windows NT 10.0; Win64; x64) AppleWebKit/537.36 (KHTML, like Gecko) Chrome/138.0.0.0 Safari/537.36 Edg/138.0.0.0','2025-07-08 06:01:14'),(656,7,'+NS93xtOO6loRYm79YnN/2O3MBMzZCdiW8P47h6grdQ=','2025-07-08 06:01:35','2025-07-15 06:01:35','2025-07-08 06:01:50',1,'2025-07-08 06:01:50','Mozilla/5.0 (Windows NT 10.0; Win64; x64) AppleWebKit/537.36 (KHTML, like Gecko) Chrome/138.0.0.0 Safari/537.36 Edg/138.0.0.0',NULL),(657,7,'4LXaI0QTgWjj3uhV6r5MZmUbDlhC1C398trW8+7T6go=','2025-07-08 06:01:53','2025-07-15 06:01:53','2025-07-08 06:17:48',1,'2025-07-08 06:17:48','Mozilla/5.0 (Windows NT 10.0; Win64; x64) AppleWebKit/537.36 (KHTML, like Gecko) Chrome/138.0.0.0 Safari/537.36 Edg/138.0.0.0','2025-07-08 06:09:55'),(658,7,'8SNvLJ9w6KGGdRVta9XPRHTZbZ7QNJDH7vyfS9xox/k=','2025-07-08 06:17:53','2025-07-15 06:17:53','2025-07-08 06:25:23',0,NULL,'Mozilla/5.0 (Windows NT 10.0; Win64; x64) AppleWebKit/537.36 (KHTML, like Gecko) Chrome/138.0.0.0 Safari/537.36 Edg/138.0.0.0','2025-07-08 06:25:23'),(659,7,'UPQgEO+qzs7rKNzYgE9wpAK8/+NUFHq1gcUsHGWArzc=','2025-07-08 06:44:00','2025-07-15 06:43:59','2025-07-08 06:49:44',1,'2025-07-08 06:49:44','Mozilla/5.0 (Windows NT 10.0; Win64; x64) AppleWebKit/537.36 (KHTML, like Gecko) Chrome/138.0.0.0 Safari/537.36 Edg/138.0.0.0','2025-07-08 06:49:36'),(660,7,'x02yfOvWmvE2eYrFJTF+8cYOQpUKrAcWHeynPMfKAaY=','2025-07-08 06:49:51','2025-07-15 06:49:51','2025-07-08 06:50:06',1,'2025-07-08 06:50:06','Mozilla/5.0 (Windows NT 10.0; Win64; x64) AppleWebKit/537.36 (KHTML, like Gecko) Chrome/138.0.0.0 Safari/537.36 Edg/138.0.0.0',NULL),(661,7,'D+GxzP2yhz3jeFTGUdRZNVGUwlrEVKuf0yXuxHppmjA=','2025-07-08 06:50:15','2025-07-15 06:50:15','2025-07-08 07:26:36',1,'2025-07-08 07:26:36','Mozilla/5.0 (Windows NT 10.0; Win64; x64) AppleWebKit/537.36 (KHTML, like Gecko) Chrome/138.0.0.0 Safari/537.36 Edg/138.0.0.0','2025-07-08 07:25:18'),(662,7,'13g7rkFuTcq58mtTo6QJqw+31fBa6byaktYKDOTN9Mg=','2025-07-08 07:26:43','2025-07-15 07:26:43','2025-07-08 07:26:43',0,NULL,'Mozilla/5.0 (Windows NT 10.0; Win64; x64) AppleWebKit/537.36 (KHTML, like Gecko) Chrome/138.0.0.0 Safari/537.36 Edg/138.0.0.0',NULL),(663,7,'+ehRPjK/sUcr6tNcVguUvDPMWWeX3wU+xW5YO9/rjsQ=','2025-07-08 07:27:04','2025-07-15 07:27:04','2025-07-08 07:31:03',1,'2025-07-08 07:31:03','Mozilla/5.0 (Windows NT 10.0; Win64; x64) AppleWebKit/537.36 (KHTML, like Gecko) Chrome/138.0.0.0 Safari/537.36 Edg/138.0.0.0',NULL),(664,7,'rhX6U2Ir1jsHoD0Ya8643wlJVTOR++DGIjEWlfnc8VY=','2025-07-08 07:31:09','2025-07-15 07:31:09','2025-07-08 07:56:50',0,NULL,'Mozilla/5.0 (Windows NT 10.0; Win64; x64) AppleWebKit/537.36 (KHTML, like Gecko) Chrome/138.0.0.0 Safari/537.36 Edg/138.0.0.0','2025-07-08 07:56:50'),(665,7,'UhoNMapHc2UG/K6aaKosBXWasYwdAW/HnB4HBF6wczA=','2025-07-08 07:57:33','2025-07-15 07:57:33','2025-07-08 08:01:27',1,'2025-07-08 08:01:27','Mozilla/5.0 (Windows NT 10.0; Win64; x64) AppleWebKit/537.36 (KHTML, like Gecko) Chrome/138.0.0.0 Safari/537.36 Edg/138.0.0.0',NULL),(666,3,'Hm8tS4Kcrb/rsUQinLUrS3JX3I3Dl3PRRlPGfLX8jd4=','2025-07-08 23:28:36','2025-07-15 23:28:36','2025-07-08 23:37:38',1,'2025-07-08 23:37:38','Mozilla/5.0 (Windows NT 10.0; Win64; x64) AppleWebKit/537.36 (KHTML, like Gecko) Chrome/138.0.0.0 Safari/537.36 Edg/138.0.0.0','2025-07-08 23:33:31'),(667,7,'RbQLbz7LDkbDn4zG7AwLYcuzL1GP5xr0XFqZBONrnes=','2025-07-08 23:37:41','2025-07-15 23:37:41','2025-07-08 23:38:21',1,'2025-07-08 23:38:21','Mozilla/5.0 (Windows NT 10.0; Win64; x64) AppleWebKit/537.36 (KHTML, like Gecko) Chrome/138.0.0.0 Safari/537.36 Edg/138.0.0.0',NULL),(668,3,'pubMZiuoMbpHxxiuELGLCluZWnOgRK8531qZmaMHS1U=','2025-07-08 23:38:31','2025-07-15 23:38:31','2025-07-08 23:43:58',1,'2025-07-08 23:43:58','Mozilla/5.0 (Windows NT 10.0; Win64; x64) AppleWebKit/537.36 (KHTML, like Gecko) Chrome/138.0.0.0 Safari/537.36 Edg/138.0.0.0',NULL),(669,7,'gvtAZ2ebgCtyzL+Rxu7lVhh/jIZmC89YWGhPnVXMcGk=','2025-07-08 23:44:01','2025-07-15 23:44:01','2025-07-08 23:44:01',0,NULL,'Mozilla/5.0 (Windows NT 10.0; Win64; x64) AppleWebKit/537.36 (KHTML, like Gecko) Chrome/138.0.0.0 Safari/537.36 Edg/138.0.0.0',NULL),(670,3,'tExY/kbs79c6pdLknvHkPyoHBXlu7oAvdKl9MeH3XPQ=','2025-07-08 23:50:26','2025-07-15 23:50:26','2025-07-08 23:51:38',1,'2025-07-08 23:51:38','Mozilla/5.0 (Windows NT 10.0; Win64; x64) AppleWebKit/537.36 (KHTML, like Gecko) Chrome/138.0.0.0 Safari/537.36 Edg/138.0.0.0',NULL),(671,3,'aZS/TCBosE82o0zrme8d4uT/bHM0Rc7zY2/6O+Luehc=','2025-07-09 00:15:53','2025-07-16 00:15:53','2025-07-09 01:02:19',1,'2025-07-09 01:02:19','Mozilla/5.0 (Windows NT 10.0; Win64; x64) AppleWebKit/537.36 (KHTML, like Gecko) Chrome/138.0.0.0 Safari/537.36 Edg/138.0.0.0','2025-07-09 01:00:06'),(672,2,'EX+mVT4/oyQR77NjEAVuDPNQKtwTvuQsGHF9THXh87U=','2025-07-09 01:02:26','2025-07-16 01:02:26','2025-07-09 01:12:19',1,'2025-07-09 01:12:19','Mozilla/5.0 (Windows NT 10.0; Win64; x64) AppleWebKit/537.36 (KHTML, like Gecko) Chrome/138.0.0.0 Safari/537.36 Edg/138.0.0.0','2025-07-09 01:11:32'),(673,3,'+ao92hoZC15RfTsJNn2mYD9WVJ12WP9mPMXXzTfZdmA=','2025-07-09 01:12:26','2025-07-16 01:12:26','2025-07-09 02:20:38',1,'2025-07-09 02:20:38','Mozilla/5.0 (Windows NT 10.0; Win64; x64) AppleWebKit/537.36 (KHTML, like Gecko) Chrome/138.0.0.0 Safari/537.36 Edg/138.0.0.0','2025-07-09 01:50:23'),(674,3,'y5nT5DVzq2v2sEiiJZWG6UtQonviP9mnMSlFGbl7PNk=','2025-07-09 02:20:44','2025-07-16 02:20:44','2025-07-09 03:00:57',1,'2025-07-09 03:00:57','Mozilla/5.0 (Windows NT 10.0; Win64; x64) AppleWebKit/537.36 (KHTML, like Gecko) Chrome/138.0.0.0 Safari/537.36 Edg/138.0.0.0','2025-07-09 02:54:52'),(675,7,'2TQjpGf07F2IBJu13nwaqAFaBngvpTYBOPA2ns5XCtg=','2025-07-09 03:03:37','2025-07-16 03:03:37','2025-07-09 03:04:01',1,'2025-07-09 03:04:01','Mozilla/5.0 (Windows NT 10.0; Win64; x64) AppleWebKit/537.36 (KHTML, like Gecko) Chrome/138.0.0.0 Safari/537.36 Edg/138.0.0.0',NULL),(676,3,'E3fmPHd4ERi8aXLiJ8qxLkeBQzKBRjXsMUZhgfPpWgw=','2025-07-09 03:06:31','2025-07-16 03:06:31','2025-07-09 03:24:47',1,'2025-07-09 03:24:47','Mozilla/5.0 (Windows NT 10.0; Win64; x64) AppleWebKit/537.36 (KHTML, like Gecko) Chrome/138.0.0.0 Safari/537.36 Edg/138.0.0.0','2025-07-09 03:20:15'),(677,2,'eHWkZa5RCm0ac2m4uUAxA5sd6j/kRkZCl4ODSLU4XOE=','2025-07-09 03:25:03','2025-07-16 03:25:03','2025-07-09 03:52:48',1,'2025-07-09 03:52:48','Mozilla/5.0 (Windows NT 10.0; Win64; x64) AppleWebKit/537.36 (KHTML, like Gecko) Chrome/138.0.0.0 Safari/537.36 Edg/138.0.0.0','2025-07-09 03:50:14'),(678,7,'etKu1GEli2LICvPWtsGtFrShJAAvrO27XU/042cQG40=','2025-07-09 03:52:54','2025-07-16 03:52:54','2025-07-09 03:55:30',1,'2025-07-09 03:55:30','Mozilla/5.0 (Windows NT 10.0; Win64; x64) AppleWebKit/537.36 (KHTML, like Gecko) Chrome/138.0.0.0 Safari/537.36 Edg/138.0.0.0',NULL),(679,7,'r762ZxzSVCBPYDTpI1JZbmp0N/h7tUGD6EcNbqj5f0Q=','2025-07-09 03:55:33','2025-07-16 03:55:33','2025-07-09 04:05:44',1,'2025-07-09 04:05:44','Mozilla/5.0 (Windows NT 10.0; Win64; x64) AppleWebKit/537.36 (KHTML, like Gecko) Chrome/138.0.0.0 Safari/537.36 Edg/138.0.0.0','2025-07-09 04:05:37'),(680,7,'AiVxR8vZ8rrM6ok/sIkXAf1bol8c17xL8GIMwqMbf7U=','2025-07-09 04:05:47','2025-07-16 04:05:47','2025-07-09 04:07:32',1,'2025-07-09 04:07:32','Mozilla/5.0 (Windows NT 10.0; Win64; x64) AppleWebKit/537.36 (KHTML, like Gecko) Chrome/138.0.0.0 Safari/537.36 Edg/138.0.0.0',NULL),(681,2,'27AcpKdsROMdOXqsLiwS8pHNsbfObWN5+QmjufCTaws=','2025-07-09 04:23:07','2025-07-16 04:23:07','2025-07-09 04:23:36',1,'2025-07-09 04:23:36','Mozilla/5.0 (Windows NT 10.0; Win64; x64) AppleWebKit/537.36 (KHTML, like Gecko) Chrome/138.0.0.0 Safari/537.36 Edg/138.0.0.0',NULL),(682,3,'xIYaLVCjFNsT3VgFyk3gZ5iNtxDBraQDe2cdTU3GniA=','2025-07-09 04:23:39','2025-07-16 04:23:39','2025-07-09 04:24:52',1,'2025-07-09 04:24:52','Mozilla/5.0 (Windows NT 10.0; Win64; x64) AppleWebKit/537.36 (KHTML, like Gecko) Chrome/138.0.0.0 Safari/537.36 Edg/138.0.0.0',NULL),(683,7,'3/cvyGyg/+sWp1BI0T+HWcqd4MktHPxEqhag+wp1pVA=','2025-07-09 05:30:09','2025-07-16 05:30:09','2025-07-09 06:03:06',1,'2025-07-09 06:03:06','Mozilla/5.0 (Windows NT 10.0; Win64; x64) AppleWebKit/537.36 (KHTML, like Gecko) Chrome/138.0.0.0 Safari/537.36 Edg/138.0.0.0','2025-07-09 06:00:22'),(684,7,'zcKaOlNSPZTrLP8/fc5/V0EjowlzXWGXfOo83mbbue8=','2025-07-09 06:03:13','2025-07-16 06:03:13','2025-07-09 06:38:58',1,'2025-07-09 06:38:58','Mozilla/5.0 (Windows NT 10.0; Win64; x64) AppleWebKit/537.36 (KHTML, like Gecko) Chrome/138.0.0.0 Safari/537.36 Edg/138.0.0.0','2025-07-09 06:36:35'),(685,9,'pKKSq6KOXYmJwFGwBvZyiuUar28QwlwO6eS7mUGyZ9Q=','2025-07-09 06:40:02','2025-07-16 06:40:02','2025-07-09 06:40:32',1,'2025-07-09 06:40:32','Mozilla/5.0 (Windows NT 10.0; Win64; x64) AppleWebKit/537.36 (KHTML, like Gecko) Chrome/138.0.0.0 Safari/537.36 Edg/138.0.0.0',NULL),(686,9,'6NDZyEFPcw2q07Ha04bREgichJf7IgkLaKinKL5v8Wg=','2025-07-09 06:41:01','2025-07-16 06:41:01','2025-07-09 07:00:01',1,'2025-07-09 07:00:01','Mozilla/5.0 (Windows NT 10.0; Win64; x64) AppleWebKit/537.36 (KHTML, like Gecko) Chrome/138.0.0.0 Safari/537.36 Edg/138.0.0.0','2025-07-09 06:55:48'),(687,10,'0TXU+eOogqHPBas4rEVQq5tzSpL0AN46NoimjSmfmiA=','2025-07-09 07:01:03','2025-07-16 07:01:03','2025-07-09 07:19:21',1,'2025-07-09 07:19:21','Mozilla/5.0 (Windows NT 10.0; Win64; x64) AppleWebKit/537.36 (KHTML, like Gecko) Chrome/138.0.0.0 Safari/537.36 Edg/138.0.0.0','2025-07-09 07:10:05'),(688,10,'85xNxzUr1UFyUevcZlh+3n4Y5HyyopMKByR5Nb5MWp4=','2025-07-09 07:21:01','2025-07-16 07:21:01','2025-07-09 07:35:24',1,'2025-07-09 07:35:24','Mozilla/5.0 (Windows NT 10.0; Win64; x64) AppleWebKit/537.36 (KHTML, like Gecko) Chrome/138.0.0.0 Safari/537.36 Edg/138.0.0.0','2025-07-09 07:35:10'),(689,2,'8zK6LwTzdGUq1c/LVwLGT+5cCEfa7bQSTm6yGnT2l+A=','2025-07-09 07:35:38','2025-07-16 07:35:38','2025-07-09 07:37:16',1,'2025-07-09 07:37:16','Mozilla/5.0 (Windows NT 10.0; Win64; x64) AppleWebKit/537.36 (KHTML, like Gecko) Chrome/138.0.0.0 Safari/537.36 Edg/138.0.0.0',NULL),(690,3,'W7XwlHExm6J/yUkF7SCReOseNQ6dnawyduGhM/qTJao=','2025-07-09 07:37:30','2025-07-16 07:37:30','2025-07-09 07:57:10',0,NULL,'Mozilla/5.0 (Windows NT 10.0; Win64; x64) AppleWebKit/537.36 (KHTML, like Gecko) Chrome/138.0.0.0 Safari/537.36 Edg/138.0.0.0','2025-07-09 07:57:10'),(691,7,'xvweeuCTq7fWabv7+VmxcjbGBUEQBuvGVdi2lsYpag0=','2025-07-10 00:05:45','2025-07-17 00:05:45','2025-07-10 01:06:13',1,'2025-07-10 01:06:13','Mozilla/5.0 (Windows NT 10.0; Win64; x64) AppleWebKit/537.36 (KHTML, like Gecko) Chrome/138.0.0.0 Safari/537.36 Edg/138.0.0.0','2025-07-10 00:51:03'),(692,7,'3DEkqtRraqcTjoRLtbh/b5lHX8UlZpRJZ0JD9H1gsz4=','2025-07-10 01:06:16','2025-07-17 01:06:16','2025-07-10 02:17:22',1,'2025-07-10 02:17:22','Mozilla/5.0 (Windows NT 10.0; Win64; x64) AppleWebKit/537.36 (KHTML, like Gecko) Chrome/138.0.0.0 Safari/537.36 Edg/138.0.0.0','2025-07-10 01:49:44'),(693,7,'q0jPboU0wNCcW3h1UYf9G7GySW+ExLX9U2IZDZc27QU=','2025-07-10 02:17:27','2025-07-17 02:17:27','2025-07-10 02:36:11',1,'2025-07-10 02:36:11','Mozilla/5.0 (Windows NT 10.0; Win64; x64) AppleWebKit/537.36 (KHTML, like Gecko) Chrome/138.0.0.0 Safari/537.36 Edg/138.0.0.0','2025-07-10 02:32:10'),(694,7,'bhn7IYER03IzMSFRtsdxgoghxgtm2Tnx+5LjIEpMkBk=','2025-07-10 02:36:18','2025-07-17 02:36:18','2025-07-10 03:24:54',1,'2025-07-10 03:24:54','Mozilla/5.0 (Windows NT 10.0; Win64; x64) AppleWebKit/537.36 (KHTML, like Gecko) Chrome/138.0.0.0 Safari/537.36 Edg/138.0.0.0','2025-07-10 03:24:26'),(695,9,'U3TN7SWF3aDxNcA+vbJcDNgZ62dmuIXHjnpQqNTLPQ8=','2025-07-10 03:24:58','2025-07-17 03:24:58','2025-07-10 03:28:12',1,'2025-07-10 03:28:12','Mozilla/5.0 (Windows NT 10.0; Win64; x64) AppleWebKit/537.36 (KHTML, like Gecko) Chrome/138.0.0.0 Safari/537.36 Edg/138.0.0.0',NULL),(696,7,'51CSUUtOoJ4ggl5WKbrXuiYQqoEwUvwjDSQMBdR3wiI=','2025-07-10 04:57:03','2025-07-17 04:57:03','2025-07-10 05:01:28',1,'2025-07-10 05:01:28','Mozilla/5.0 (Windows NT 10.0; Win64; x64) AppleWebKit/537.36 (KHTML, like Gecko) Chrome/138.0.0.0 Safari/537.36 Edg/138.0.0.0',NULL),(697,3,'XvO5O1nfo26zdf3tX0Q99wUVHjk9cT+DC3WfnjVMosk=','2025-07-10 05:01:34','2025-07-17 05:01:34','2025-07-10 05:30:00',1,'2025-07-10 05:30:00','Mozilla/5.0 (Windows NT 10.0; Win64; x64) AppleWebKit/537.36 (KHTML, like Gecko) Chrome/138.0.0.0 Safari/537.36 Edg/138.0.0.0','2025-07-10 05:26:57'),(698,2,'Q2vJ79TXgboNYj1mlerTGQkqeqv5mAj80yTKVcTgzr0=','2025-07-10 05:30:15','2025-07-17 05:30:15','2025-07-10 06:47:40',1,'2025-07-10 06:47:40','Mozilla/5.0 (Windows NT 10.0; Win64; x64) AppleWebKit/537.36 (KHTML, like Gecko) Chrome/138.0.0.0 Safari/537.36 Edg/138.0.0.0','2025-07-10 06:12:32'),(699,2,'Ag0sge9JJzoof6ijgy7rOdCjnyL5Hk9CO/+P5iBkUI4=','2025-07-10 06:47:45','2025-07-17 06:47:45','2025-07-10 06:53:34',1,'2025-07-10 06:53:34','Mozilla/5.0 (Windows NT 10.0; Win64; x64) AppleWebKit/537.36 (KHTML, like Gecko) Chrome/138.0.0.0 Safari/537.36 Edg/138.0.0.0','2025-07-10 06:52:57'),(700,7,'kkkMPBiov4XDVOACpfcRd5nKkh/Qt/pf1MpFOma3WUY=','2025-07-10 06:53:37','2025-07-17 06:53:37','2025-07-10 06:55:15',1,'2025-07-10 06:55:15','Mozilla/5.0 (Windows NT 10.0; Win64; x64) AppleWebKit/537.36 (KHTML, like Gecko) Chrome/138.0.0.0 Safari/537.36 Edg/138.0.0.0',NULL),(701,3,'0s0gOnM3GUZGhrB4K7Zphp8oqSL0TlvrCE9VfKlAUC8=','2025-07-10 06:55:32','2025-07-17 06:55:32','2025-07-10 07:01:35',1,'2025-07-10 07:01:35','Mozilla/5.0 (Windows NT 10.0; Win64; x64) AppleWebKit/537.36 (KHTML, like Gecko) Chrome/138.0.0.0 Safari/537.36 Edg/138.0.0.0',NULL),(702,7,'67t0aXwU2U4zOzvNH6/piGvOcqVQdlq79e9qpDr3tjQ=','2025-07-10 07:01:39','2025-07-17 07:01:39','2025-07-10 07:54:05',1,'2025-07-10 07:54:05','Mozilla/5.0 (Windows NT 10.0; Win64; x64) AppleWebKit/537.36 (KHTML, like Gecko) Chrome/138.0.0.0 Safari/537.36 Edg/138.0.0.0','2025-07-10 07:51:57'),(703,7,'Wk0j9Pnn+7G+FCIgqmvhKQSO1L1lJK9gBKbTuivnHuc=','2025-07-11 00:13:34','2025-07-18 00:13:34','2025-07-11 00:15:50',1,'2025-07-11 00:15:50','Mozilla/5.0 (Windows NT 10.0; Win64; x64) AppleWebKit/537.36 (KHTML, like Gecko) Chrome/138.0.0.0 Safari/537.36 Edg/138.0.0.0',NULL),(704,4,'4ENCmkh+TgD79lgLvphqca4i1A18oMp5dh2GmJJv5hs=','2025-07-11 00:16:02','2025-07-18 00:16:02','2025-07-11 01:21:49',1,'2025-07-11 01:21:49','Mozilla/5.0 (Windows NT 10.0; Win64; x64) AppleWebKit/537.36 (KHTML, like Gecko) Chrome/138.0.0.0 Safari/537.36 Edg/138.0.0.0',NULL),(705,3,'/7sHvNe5GFaXQCW5TbANKTL6cm+bJTk1XlHDcmMESv0=','2025-07-11 03:10:40','2025-07-18 03:10:40','2025-07-11 05:35:29',1,'2025-07-11 05:35:29','Mozilla/5.0 (Windows NT 10.0; Win64; x64) AppleWebKit/537.36 (KHTML, like Gecko) Chrome/138.0.0.0 Safari/537.36 Edg/138.0.0.0','2025-07-11 04:01:34'),(706,7,'2ryRfy8ohFyUZCQJRnIMbBGRZEmQZARVeLNfq5XiLwM=','2025-07-11 05:40:28','2025-07-18 05:40:28','2025-07-11 06:02:42',1,'2025-07-11 06:02:42','Mozilla/5.0 (Windows NT 10.0; Win64; x64) AppleWebKit/537.36 (KHTML, like Gecko) Chrome/138.0.0.0 Safari/537.36 Edg/138.0.0.0','2025-07-11 06:02:40'),(707,3,'cWYBuNXUIw3o/Ec1YUu96FNyXSb+sMGyEYFrb6ccL0w=','2025-07-11 06:10:50','2025-07-18 06:10:50','2025-07-11 07:25:41',1,'2025-07-11 07:25:41','Mozilla/5.0 (Windows NT 10.0; Win64; x64) AppleWebKit/537.36 (KHTML, like Gecko) Chrome/138.0.0.0 Safari/537.36 Edg/138.0.0.0','2025-07-11 07:08:03'),(708,3,'Rg6G8KqPfFZbW4nSugyaIe7FUD2kB8ibTfDR8GY9Nzs=','2025-07-11 07:28:19','2025-07-18 07:28:19','2025-07-11 07:57:11',0,NULL,'Mozilla/5.0 (Windows NT 10.0; Win64; x64) AppleWebKit/537.36 (KHTML, like Gecko) Chrome/138.0.0.0 Safari/537.36 Edg/138.0.0.0','2025-07-11 07:57:11'),(709,3,'SqaY8SHkdfn47WJMioN+EHPjJThfX9CypdHNlD4VE7s=','2025-07-11 23:37:48','2025-07-18 23:37:47','2025-07-12 00:54:52',1,'2025-07-12 00:54:52','Mozilla/5.0 (Windows NT 10.0; Win64; x64) AppleWebKit/537.36 (KHTML, like Gecko) Chrome/138.0.0.0 Safari/537.36 Edg/138.0.0.0','2025-07-12 00:35:52'),(710,2,'q+RJIQ0k37y4Ha80X+Gz4Z07r4J536zrOCkujMD616M=','2025-07-12 03:23:47','2025-07-19 03:23:47','2025-07-12 03:25:23',1,'2025-07-12 03:25:23','Mozilla/5.0 (Windows NT 10.0; Win64; x64) AppleWebKit/537.36 (KHTML, like Gecko) Chrome/138.0.0.0 Safari/537.36 Edg/138.0.0.0',NULL),(711,3,'LthpAL7++uVXie/wqmXzlqC5YEs0hZppmy7uCPAyicA=','2025-07-12 03:25:29','2025-07-19 03:25:29','2025-07-12 04:45:32',1,'2025-07-12 04:45:32','Mozilla/5.0 (Windows NT 10.0; Win64; x64) AppleWebKit/537.36 (KHTML, like Gecko) Chrome/138.0.0.0 Safari/537.36 Edg/138.0.0.0','2025-07-12 04:17:22'),(712,3,'UqFvGxgzWZKAIl7CtM+p2dsNES+QdgsdxKYfIiyy3Ug=','2025-07-12 06:01:36','2025-07-19 06:01:36','2025-07-12 07:07:05',1,'2025-07-12 07:07:05','Mozilla/5.0 (Windows NT 10.0; Win64; x64) AppleWebKit/537.36 (KHTML, like Gecko) Chrome/138.0.0.0 Safari/537.36 Edg/138.0.0.0','2025-07-12 06:32:12'),(713,3,'XN4Kg3olyOtLCyYzvAcSEaEjx+J8KMQeGyTqwe+2i2g=','2025-07-12 07:10:58','2025-07-19 07:10:58','2025-07-12 07:27:55',1,'2025-07-12 07:27:55','Mozilla/5.0 (Windows NT 10.0; Win64; x64) AppleWebKit/537.36 (KHTML, like Gecko) Chrome/138.0.0.0 Safari/537.36 Edg/138.0.0.0','2025-07-12 07:23:35'),(714,7,'Y0bR/ZiCiG1ce8NaMA9qYHK0yVdYaNeSxj3I1AfN7K8=','2025-07-12 07:27:59','2025-07-19 07:27:59','2025-07-12 08:01:01',1,'2025-07-12 08:01:01','Mozilla/5.0 (Windows NT 10.0; Win64; x64) AppleWebKit/537.36 (KHTML, like Gecko) Chrome/138.0.0.0 Safari/537.36 Edg/138.0.0.0','2025-07-12 07:32:57'),(715,7,'mUVMhVg4RhvqIr1C9vGVtN6S30wvoumS5dXPqNOSI00=','2025-07-13 23:42:35','2025-07-20 23:42:35','2025-07-14 00:09:10',1,'2025-07-14 00:09:10','Mozilla/5.0 (Windows NT 10.0; Win64; x64) AppleWebKit/537.36 (KHTML, like Gecko) Chrome/138.0.0.0 Safari/537.36 Edg/138.0.0.0','2025-07-14 00:07:09'),(716,7,'pfUUpX3pqE1Q2iVmH+GsNpVYQqeeVpEly/z/L3osBLM=','2025-07-14 00:26:06','2025-07-21 00:26:06','2025-07-14 00:45:49',1,'2025-07-14 00:45:49','Mozilla/5.0 (Windows NT 10.0; Win64; x64) AppleWebKit/537.36 (KHTML, like Gecko) Chrome/138.0.0.0 Safari/537.36 Edg/138.0.0.0','2025-07-14 00:36:41'),(717,2,'15vr89JsJgdKuQtyuiYDw+x1nBNEyN08k92oNiHEcGE=','2025-07-14 00:45:59','2025-07-21 00:45:59','2025-07-14 00:46:42',1,'2025-07-14 00:46:42','Mozilla/5.0 (Windows NT 10.0; Win64; x64) AppleWebKit/537.36 (KHTML, like Gecko) Chrome/138.0.0.0 Safari/537.36 Edg/138.0.0.0',NULL),(718,3,'uaKxhDnnTla7ryx3t6ih1xacK3oJS1t0F+lFNR+06Ss=','2025-07-14 00:46:51','2025-07-21 00:46:51','2025-07-14 00:55:17',1,'2025-07-14 00:55:17','Mozilla/5.0 (Windows NT 10.0; Win64; x64) AppleWebKit/537.36 (KHTML, like Gecko) Chrome/138.0.0.0 Safari/537.36 Edg/138.0.0.0',NULL),(719,4,'7n0iN9MmHqIf1P6tAHAdqiKA3g5z3pTudY1SwwDrs44=','2025-07-14 00:55:26','2025-07-21 00:55:26','2025-07-14 01:29:21',1,'2025-07-14 01:29:21','Mozilla/5.0 (Windows NT 10.0; Win64; x64) AppleWebKit/537.36 (KHTML, like Gecko) Chrome/138.0.0.0 Safari/537.36 Edg/138.0.0.0','2025-07-14 01:29:14'),(720,3,'DFeK52aB0EliJ8WhSYr7OKoGcqjYdviO/dxJfU/Zc1o=','2025-07-14 01:29:24','2025-07-21 01:29:24','2025-07-14 01:31:43',1,'2025-07-14 01:31:43','Mozilla/5.0 (Windows NT 10.0; Win64; x64) AppleWebKit/537.36 (KHTML, like Gecko) Chrome/138.0.0.0 Safari/537.36 Edg/138.0.0.0',NULL),(721,4,'q9ALpvxfsSqy1k08lvNoqD/ue/VgNxMvhGY7w90+tjk=','2025-07-14 01:31:47','2025-07-21 01:31:47','2025-07-14 02:36:32',1,'2025-07-14 02:36:32','Mozilla/5.0 (Windows NT 10.0; Win64; x64) AppleWebKit/537.36 (KHTML, like Gecko) Chrome/138.0.0.0 Safari/537.36 Edg/138.0.0.0','2025-07-14 02:18:26'),(722,4,'82KBZXKd/zsZEUCYeF91Sn7bp7xBFA82Yr9aSTkwBTs=','2025-07-14 02:35:00','2025-07-21 02:35:00','2025-07-14 02:36:21',1,'2025-07-14 02:36:21','Mozilla/5.0 (Windows NT 10.0; Win64; x64) AppleWebKit/537.36 (KHTML, like Gecko) Chrome/138.0.0.0 Safari/537.36',NULL),(723,4,'cQyZp16A8U1IxFRmQF2cP2/6scC9jqov1aXyLXfSlVg=','2025-07-14 02:36:36','2025-07-21 02:36:36','2025-07-14 03:38:02',1,'2025-07-14 03:38:02','Mozilla/5.0 (Windows NT 10.0; Win64; x64) AppleWebKit/537.36 (KHTML, like Gecko) Chrome/138.0.0.0 Safari/537.36 Edg/138.0.0.0','2025-07-14 03:35:06'),(724,4,'Ggr8zSX/B88X0g1It3scd0Aai/3HC6X7WguGc+vlr6U=','2025-07-14 14:24:16','2025-07-21 14:24:16','2025-07-14 15:28:23',1,'2025-07-14 15:28:23','Mozilla/5.0 (Windows NT 10.0; Win64; x64) AppleWebKit/537.36 (KHTML, like Gecko) Chrome/138.0.0.0 Safari/537.36 Edg/138.0.0.0','2025-07-14 15:17:02'),(725,4,'vzbvTIC7w0ZgAwXCIG0H9deBGDqN7eBgKuSGUk0jk14=','2025-07-14 15:28:30','2025-07-21 15:28:30','2025-07-14 16:42:00',1,'2025-07-14 16:42:00','Mozilla/5.0 (Windows NT 10.0; Win64; x64) AppleWebKit/537.36 (KHTML, like Gecko) Chrome/138.0.0.0 Safari/537.36 Edg/138.0.0.0','2025-07-14 16:17:14'),(726,4,'rqQasCImro/9iD8IBvM4DaO/O0xoCH+OyDzGtYs2wb0=','2025-07-14 16:47:50','2025-07-21 16:47:50','2025-07-14 16:48:27',1,'2025-07-14 16:48:27','Mozilla/5.0 (Windows NT 10.0; Win64; x64) AppleWebKit/537.36 (KHTML, like Gecko) Chrome/138.0.0.0 Safari/537.36 Edg/138.0.0.0',NULL),(727,7,'4k3ITKwXnXFZmRrbd6tVWuAUErokhwD2Da2qbZkKNKA=','2025-07-14 16:48:30','2025-07-21 16:48:30','2025-07-14 17:02:29',1,'2025-07-14 17:02:29','Mozilla/5.0 (Windows NT 10.0; Win64; x64) AppleWebKit/537.36 (KHTML, like Gecko) Chrome/138.0.0.0 Safari/537.36 Edg/138.0.0.0','2025-07-14 17:01:38'),(728,4,'5iboZSKWdIoY/TFUCPSNtz2w1RnTaYmIcF4721Rcwn4=','2025-07-14 17:02:35','2025-07-21 17:02:35','2025-07-14 17:38:40',0,NULL,'Mozilla/5.0 (Windows NT 10.0; Win64; x64) AppleWebKit/537.36 (KHTML, like Gecko) Chrome/138.0.0.0 Safari/537.36 Edg/138.0.0.0','2025-07-14 17:38:40');
/*!40000 ALTER TABLE `refresh_tokens` ENABLE KEYS */;
UNLOCK TABLES;

--
-- Table structure for table `role`
--

DROP TABLE IF EXISTS `role`;
/*!40101 SET @saved_cs_client     = @@character_set_client */;
/*!50503 SET character_set_client = utf8mb4 */;
CREATE TABLE `role` (
  `role_id` int NOT NULL AUTO_INCREMENT,
  `role_name` varchar(255) DEFAULT NULL,
  PRIMARY KEY (`role_id`)
) ENGINE=InnoDB AUTO_INCREMENT=5 DEFAULT CHARSET=utf8mb4 COLLATE=utf8mb4_0900_ai_ci;
/*!40101 SET character_set_client = @saved_cs_client */;

--
-- Dumping data for table `role`
--

LOCK TABLES `role` WRITE;
/*!40000 ALTER TABLE `role` DISABLE KEYS */;
INSERT INTO `role` VALUES (1,'ADMIN'),(2,'EXAMINER'),(3,'STUDENT'),(4,'USER');
/*!40000 ALTER TABLE `role` ENABLE KEYS */;
UNLOCK TABLES;

--
-- Table structure for table `role_menu`
--

DROP TABLE IF EXISTS `role_menu`;
/*!40101 SET @saved_cs_client     = @@character_set_client */;
/*!50503 SET character_set_client = utf8mb4 */;
CREATE TABLE `role_menu` (
  `id` int NOT NULL AUTO_INCREMENT,
  `role_id` int DEFAULT NULL,
  `submenu_id` int DEFAULT NULL,
  `access_type` enum('READ','WRITE','EDIT') DEFAULT NULL,
  PRIMARY KEY (`id`),
  KEY `FKqyvxw2gg2qk0wld3bqfcb58vq` (`role_id`),
  KEY `FK41k8gmnqtp3j4kh6hcan26et4` (`submenu_id`),
  CONSTRAINT `FK41k8gmnqtp3j4kh6hcan26et4` FOREIGN KEY (`submenu_id`) REFERENCES `sub_menu` (`submenu_id`),
  CONSTRAINT `FKqyvxw2gg2qk0wld3bqfcb58vq` FOREIGN KEY (`role_id`) REFERENCES `role` (`role_id`)
) ENGINE=InnoDB AUTO_INCREMENT=13 DEFAULT CHARSET=utf8mb4 COLLATE=utf8mb4_0900_ai_ci;
/*!40101 SET character_set_client = @saved_cs_client */;

--
-- Dumping data for table `role_menu`
--

LOCK TABLES `role_menu` WRITE;
/*!40000 ALTER TABLE `role_menu` DISABLE KEYS */;
INSERT INTO `role_menu` VALUES (1,1,1,'EDIT'),(2,1,2,'WRITE'),(3,1,3,'EDIT'),(4,1,4,'READ'),(5,2,5,'READ'),(6,2,6,'WRITE'),(7,2,7,'READ'),(8,2,8,'EDIT'),(9,3,9,'EDIT'),(10,3,10,'READ'),(11,3,11,'READ'),(12,3,12,'READ');
/*!40000 ALTER TABLE `role_menu` ENABLE KEYS */;
UNLOCK TABLES;

--
-- Table structure for table `student_attempts`
--

DROP TABLE IF EXISTS `student_attempts`;
/*!40101 SET @saved_cs_client     = @@character_set_client */;
/*!50503 SET character_set_client = utf8mb4 */;
CREATE TABLE `student_attempts` (
  `attempt_id` int NOT NULL AUTO_INCREMENT,
  `user_id` int DEFAULT NULL,
  `attempt_count` int DEFAULT NULL,
  `exam_id` int DEFAULT NULL,
  `created_at` timestamp NULL DEFAULT NULL,
  `status` enum('ON_GOING','COMPLETED','VOILATED') DEFAULT 'ON_GOING',
  PRIMARY KEY (`attempt_id`),
  KEY `user_id` (`user_id`),
  KEY `exam_id` (`exam_id`),
  CONSTRAINT `student_attempts_ibfk_1` FOREIGN KEY (`user_id`) REFERENCES `users` (`user_id`) ON DELETE CASCADE,
  CONSTRAINT `student_attempts_ibfk_2` FOREIGN KEY (`exam_id`) REFERENCES `exams` (`exam_id`) ON DELETE CASCADE
) ENGINE=InnoDB AUTO_INCREMENT=11 DEFAULT CHARSET=utf8mb4 COLLATE=utf8mb4_0900_ai_ci;
/*!40101 SET character_set_client = @saved_cs_client */;

--
-- Dumping data for table `student_attempts`
--

LOCK TABLES `student_attempts` WRITE;
/*!40000 ALTER TABLE `student_attempts` DISABLE KEYS */;
INSERT INTO `student_attempts` VALUES (1,7,1,4,'2025-07-10 04:06:31','COMPLETED'),(2,7,1,3,'2025-07-10 04:07:38','COMPLETED'),(3,7,1,2,'2025-07-10 06:43:36','COMPLETED'),(4,9,1,2,'2025-07-10 07:25:10','COMPLETED'),(5,4,1,1,'2025-07-14 04:55:57','COMPLETED'),(6,4,2,1,'2025-07-14 04:58:13','VOILATED'),(7,4,3,1,'2025-07-14 04:58:57','COMPLETED'),(8,4,1,3,'2025-07-14 05:14:31','VOILATED'),(9,4,1,5,'2025-07-14 05:32:22','VOILATED'),(10,4,2,3,'2025-07-14 06:36:05','COMPLETED');
/*!40000 ALTER TABLE `student_attempts` ENABLE KEYS */;
UNLOCK TABLES;

--
-- Table structure for table `student_certificates`
--

DROP TABLE IF EXISTS `student_certificates`;
/*!40101 SET @saved_cs_client     = @@character_set_client */;
/*!50503 SET character_set_client = utf8mb4 */;
CREATE TABLE `student_certificates` (
  `certificate_id` int NOT NULL AUTO_INCREMENT,
  `user_id` int NOT NULL,
  `exam_id` int NOT NULL,
  `certificate_path` varchar(255) NOT NULL,
  `issued_at` date DEFAULT NULL,
  PRIMARY KEY (`certificate_id`),
  KEY `user_id` (`user_id`),
  KEY `exam_id` (`exam_id`),
  CONSTRAINT `student_certificates_ibfk_1` FOREIGN KEY (`user_id`) REFERENCES `users` (`user_id`),
  CONSTRAINT `student_certificates_ibfk_2` FOREIGN KEY (`exam_id`) REFERENCES `exams` (`exam_id`)
) ENGINE=InnoDB AUTO_INCREMENT=4 DEFAULT CHARSET=utf8mb4 COLLATE=utf8mb4_0900_ai_ci;
/*!40101 SET character_set_client = @saved_cs_client */;

--
-- Dumping data for table `student_certificates`
--

LOCK TABLES `student_certificates` WRITE;
/*!40000 ALTER TABLE `student_certificates` DISABLE KEYS */;
INSERT INTO `student_certificates` VALUES (1,7,3,'certificates/Certificate_Manohar_Java_Core_Concepts_Exam.pdf','2025-07-10'),(2,7,2,'certificates/Certificate_Manohar_Python_Fundamentals_Exam.pdf','2025-07-10'),(3,9,2,'certificates/Certificate_Venkat_Ramayya_Python_Fundamentals_Exam.pdf','2025-07-10');
/*!40000 ALTER TABLE `student_certificates` ENABLE KEYS */;
UNLOCK TABLES;

--
-- Table structure for table `student_responses`
--

DROP TABLE IF EXISTS `student_responses`;
/*!40101 SET @saved_cs_client     = @@character_set_client */;
/*!50503 SET character_set_client = utf8mb4 */;
CREATE TABLE `student_responses` (
  `response_id` int NOT NULL AUTO_INCREMENT,
  `question_id` int DEFAULT NULL,
  `selected_option_id` int DEFAULT NULL,
  `submitted_at` datetime DEFAULT CURRENT_TIMESTAMP,
  `attempt_count` int DEFAULT '0',
  `attempt_id` int DEFAULT NULL,
  PRIMARY KEY (`response_id`),
  KEY `question_id` (`question_id`),
  KEY `selected_option_id` (`selected_option_id`),
  KEY `attempt_id` (`attempt_id`),
  CONSTRAINT `student_responses_ibfk_2` FOREIGN KEY (`question_id`) REFERENCES `questions` (`question_id`) ON DELETE CASCADE,
  CONSTRAINT `student_responses_ibfk_3` FOREIGN KEY (`selected_option_id`) REFERENCES `question_options` (`option_id`) ON DELETE CASCADE,
  CONSTRAINT `student_responses_ibfk_4` FOREIGN KEY (`attempt_id`) REFERENCES `student_attempts` (`attempt_id`)
) ENGINE=InnoDB AUTO_INCREMENT=213 DEFAULT CHARSET=utf8mb4 COLLATE=utf8mb4_0900_ai_ci;
/*!40101 SET character_set_client = @saved_cs_client */;

--
-- Dumping data for table `student_responses`
--

LOCK TABLES `student_responses` WRITE;
/*!40000 ALTER TABLE `student_responses` DISABLE KEYS */;
INSERT INTO `student_responses` VALUES (1,152,NULL,'2025-07-10 00:06:46',0,1),(2,153,NULL,'2025-07-10 00:06:46',0,1),(3,155,NULL,'2025-07-10 00:06:46',0,1),(4,158,NULL,'2025-07-10 00:06:46',0,1),(5,162,NULL,'2025-07-10 00:06:46',0,1),(6,165,NULL,'2025-07-10 00:06:46',0,1),(7,168,NULL,'2025-07-10 00:06:46',0,1),(8,169,NULL,'2025-07-10 00:06:46',0,1),(9,170,NULL,'2025-07-10 00:06:46',0,1),(10,171,NULL,'2025-07-10 00:06:46',0,1),(11,173,NULL,'2025-07-10 00:06:46',0,1),(12,176,NULL,'2025-07-10 00:06:46',0,1),(13,179,NULL,'2025-07-10 00:06:46',0,1),(14,180,NULL,'2025-07-10 00:06:46',0,1),(15,181,NULL,'2025-07-10 00:06:46',0,1),(16,184,NULL,'2025-07-10 00:06:46',0,1),(17,188,NULL,'2025-07-10 00:06:47',0,1),(18,189,NULL,'2025-07-10 00:06:47',0,1),(19,199,792,'2025-07-10 00:06:47',0,1),(20,200,NULL,'2025-07-10 00:06:47',0,1),(21,102,407,'2025-07-10 00:12:01',0,2),(22,103,409,'2025-07-10 00:12:01',0,2),(23,105,419,'2025-07-10 00:12:01',0,2),(24,105,420,'2025-07-10 00:12:01',0,2),(25,106,421,'2025-07-10 00:12:01',0,2),(26,109,433,'2025-07-10 00:12:01',0,2),(27,110,437,'2025-07-10 00:12:01',0,2),(28,115,456,'2025-07-10 00:12:01',0,2),(29,118,469,'2025-07-10 00:12:01',0,2),(30,121,480,'2025-07-10 00:12:01',0,2),(31,123,488,'2025-07-10 00:12:01',0,2),(32,124,493,'2025-07-10 00:12:01',0,2),(33,127,504,'2025-07-10 00:12:01',0,2),(34,129,513,'2025-07-10 00:12:01',0,2),(35,131,520,'2025-07-10 00:12:01',0,2),(36,138,548,'2025-07-10 00:12:01',0,2),(37,139,553,'2025-07-10 00:12:01',0,2),(38,143,570,'2025-07-10 00:12:01',0,2),(39,147,584,'2025-07-10 00:12:02',0,2),(40,149,592,'2025-07-10 00:12:02',0,2),(41,150,596,'2025-07-10 00:12:02',0,2),(42,53,210,'2025-07-10 02:44:44',0,3),(43,58,230,'2025-07-10 02:44:44',0,3),(44,59,233,'2025-07-10 02:44:44',0,3),(45,60,238,'2025-07-10 02:44:44',0,3),(46,61,241,'2025-07-10 02:44:44',0,3),(47,64,253,'2025-07-10 02:44:44',0,3),(48,64,255,'2025-07-10 02:44:44',0,3),(49,68,272,'2025-07-10 02:44:44',0,3),(50,69,273,'2025-07-10 02:44:44',0,3),(51,79,315,'2025-07-10 02:44:44',0,3),(52,80,318,'2025-07-10 02:44:44',0,3),(53,81,322,'2025-07-10 02:44:44',0,3),(54,82,326,'2025-07-10 02:44:44',0,3),(55,88,351,'2025-07-10 02:44:45',0,3),(56,91,361,'2025-07-10 02:44:45',0,3),(57,92,365,'2025-07-10 02:44:45',0,3),(58,93,369,'2025-07-10 02:44:45',0,3),(59,94,373,'2025-07-10 02:44:45',0,3),(60,94,374,'2025-07-10 02:44:45',0,3),(61,94,376,'2025-07-10 02:44:45',0,3),(62,98,391,'2025-07-10 02:44:45',0,3),(63,99,393,'2025-07-10 02:44:45',0,3),(64,100,397,'2025-07-10 02:44:45',0,3),(65,54,214,'2025-07-10 03:26:47',0,4),(66,54,215,'2025-07-10 03:26:47',0,4),(67,56,221,'2025-07-10 03:26:47',0,4),(68,56,222,'2025-07-10 03:26:47',0,4),(69,56,224,'2025-07-10 03:26:47',0,4),(70,59,233,'2025-07-10 03:26:47',0,4),(71,60,238,'2025-07-10 03:26:47',0,4),(72,61,241,'2025-07-10 03:26:47',0,4),(73,62,245,'2025-07-10 03:26:47',0,4),(74,64,253,'2025-07-10 03:26:47',0,4),(75,64,255,'2025-07-10 03:26:47',0,4),(76,65,257,'2025-07-10 03:26:47',0,4),(77,65,258,'2025-07-10 03:26:47',0,4),(78,67,265,'2025-07-10 03:26:47',0,4),(79,70,279,'2025-07-10 03:26:47',0,4),(80,79,315,'2025-07-10 03:26:47',0,4),(81,80,318,'2025-07-10 03:26:47',0,4),(82,81,323,'2025-07-10 03:26:47',0,4),(83,85,338,'2025-07-10 03:26:47',0,4),(84,85,340,'2025-07-10 03:26:47',0,4),(85,91,361,'2025-07-10 03:26:47',0,4),(86,92,365,'2025-07-10 03:26:47',0,4),(87,94,373,'2025-07-10 03:26:47',0,4),(88,94,374,'2025-07-10 03:26:47',0,4),(89,94,376,'2025-07-10 03:26:47',0,4),(90,98,389,'2025-07-10 03:26:47',0,4),(91,99,393,'2025-07-10 03:26:47',0,4),(92,100,397,'2025-07-10 03:26:47',0,4),(93,4,NULL,'2025-07-14 00:57:24',0,5),(94,7,NULL,'2025-07-14 00:57:24',0,5),(95,9,NULL,'2025-07-14 00:57:24',0,5),(96,10,NULL,'2025-07-14 00:57:24',0,5),(97,12,NULL,'2025-07-14 00:57:24',0,5),(98,13,NULL,'2025-07-14 00:57:24',0,5),(99,15,NULL,'2025-07-14 00:57:24',0,5),(100,17,NULL,'2025-07-14 00:57:24',0,5),(101,19,NULL,'2025-07-14 00:57:24',0,5),(102,20,NULL,'2025-07-14 00:57:24',0,5),(103,22,NULL,'2025-07-14 00:57:24',0,5),(104,23,NULL,'2025-07-14 00:57:24',0,5),(105,25,NULL,'2025-07-14 00:57:24',0,5),(106,30,NULL,'2025-07-14 00:57:24',0,5),(107,32,NULL,'2025-07-14 00:57:24',0,5),(108,34,NULL,'2025-07-14 00:57:24',0,5),(109,37,NULL,'2025-07-14 00:57:24',0,5),(110,38,NULL,'2025-07-14 00:57:24',0,5),(111,49,NULL,'2025-07-14 00:57:24',0,5),(112,50,NULL,'2025-07-14 00:57:24',0,5),(113,4,NULL,'2025-07-14 00:58:37',0,6),(114,8,NULL,'2025-07-14 00:58:37',0,6),(115,9,NULL,'2025-07-14 00:58:37',0,6),(116,10,NULL,'2025-07-14 00:58:37',0,6),(117,11,NULL,'2025-07-14 00:58:37',0,6),(118,13,NULL,'2025-07-14 00:58:37',0,6),(119,15,NULL,'2025-07-14 00:58:37',0,6),(120,16,NULL,'2025-07-14 00:58:37',0,6),(121,19,NULL,'2025-07-14 00:58:37',0,6),(122,20,NULL,'2025-07-14 00:58:37',0,6),(123,22,NULL,'2025-07-14 00:58:37',0,6),(124,24,NULL,'2025-07-14 00:58:37',0,6),(125,25,NULL,'2025-07-14 00:58:37',0,6),(126,29,NULL,'2025-07-14 00:58:37',0,6),(127,30,NULL,'2025-07-14 00:58:37',0,6),(128,32,NULL,'2025-07-14 00:58:37',0,6),(129,36,NULL,'2025-07-14 00:58:37',0,6),(130,44,NULL,'2025-07-14 00:58:37',0,6),(131,49,NULL,'2025-07-14 00:58:37',0,6),(132,50,NULL,'2025-07-14 00:58:37',0,6),(133,1,NULL,'2025-07-14 00:59:41',0,7),(134,7,NULL,'2025-07-14 00:59:41',0,7),(135,9,NULL,'2025-07-14 00:59:41',0,7),(136,10,NULL,'2025-07-14 00:59:41',0,7),(137,13,NULL,'2025-07-14 00:59:41',0,7),(138,14,NULL,'2025-07-14 00:59:41',0,7),(139,17,NULL,'2025-07-14 00:59:41',0,7),(140,18,NULL,'2025-07-14 00:59:42',0,7),(141,19,NULL,'2025-07-14 00:59:42',0,7),(142,20,NULL,'2025-07-14 00:59:42',0,7),(143,22,NULL,'2025-07-14 00:59:42',0,7),(144,24,NULL,'2025-07-14 00:59:42',0,7),(145,25,NULL,'2025-07-14 00:59:42',0,7),(146,27,NULL,'2025-07-14 00:59:42',0,7),(147,29,NULL,'2025-07-14 00:59:42',0,7),(148,31,NULL,'2025-07-14 00:59:42',0,7),(149,38,NULL,'2025-07-14 00:59:42',0,7),(150,43,NULL,'2025-07-14 00:59:42',0,7),(151,49,NULL,'2025-07-14 00:59:42',0,7),(152,50,NULL,'2025-07-14 00:59:42',0,7),(153,104,NULL,'2025-07-14 01:14:51',0,8),(154,106,NULL,'2025-07-14 01:14:51',0,8),(155,109,NULL,'2025-07-14 01:14:51',0,8),(156,131,NULL,'2025-07-14 01:14:51',0,8),(157,136,NULL,'2025-07-14 01:14:51',0,8),(158,139,NULL,'2025-07-14 01:14:51',0,8),(159,142,NULL,'2025-07-14 01:14:51',0,8),(160,148,NULL,'2025-07-14 01:14:51',0,8),(161,149,592,'2025-07-14 01:14:51',0,8),(162,150,NULL,'2025-07-14 01:14:51',0,8),(163,113,NULL,'2025-07-14 01:14:51',0,8),(164,105,NULL,'2025-07-14 01:14:51',0,8),(165,114,NULL,'2025-07-14 01:14:51',0,8),(166,128,NULL,'2025-07-14 01:14:51',0,8),(167,146,NULL,'2025-07-14 01:14:51',0,8),(168,124,NULL,'2025-07-14 01:14:51',0,8),(169,117,NULL,'2025-07-14 01:14:51',0,8),(170,110,NULL,'2025-07-14 01:14:51',0,8),(171,129,NULL,'2025-07-14 01:14:51',0,8),(172,116,NULL,'2025-07-14 01:14:51',0,8),(173,204,NULL,'2025-07-14 01:33:17',0,9),(174,206,NULL,'2025-07-14 01:33:17',0,9),(175,207,NULL,'2025-07-14 01:33:17',0,9),(176,210,NULL,'2025-07-14 01:33:17',0,9),(177,212,NULL,'2025-07-14 01:33:17',0,9),(178,217,NULL,'2025-07-14 01:33:17',0,9),(179,221,NULL,'2025-07-14 01:33:17',0,9),(180,229,NULL,'2025-07-14 01:33:17',0,9),(181,234,NULL,'2025-07-14 01:33:17',0,9),(182,238,NULL,'2025-07-14 01:33:17',0,9),(183,239,NULL,'2025-07-14 01:33:17',0,9),(184,240,NULL,'2025-07-14 01:33:17',0,9),(185,248,NULL,'2025-07-14 01:33:17',0,9),(186,250,NULL,'2025-07-14 01:33:17',0,9),(187,230,NULL,'2025-07-14 01:33:17',0,9),(188,227,NULL,'2025-07-14 01:33:17',0,9),(189,242,NULL,'2025-07-14 01:33:17',0,9),(190,201,NULL,'2025-07-14 01:33:17',0,9),(191,208,NULL,'2025-07-14 01:33:17',0,9),(192,243,NULL,'2025-07-14 01:33:17',0,9),(193,104,NULL,'2025-07-14 02:36:18',0,10),(194,106,NULL,'2025-07-14 02:36:18',0,10),(195,107,NULL,'2025-07-14 02:36:18',0,10),(196,109,NULL,'2025-07-14 02:36:18',0,10),(197,110,NULL,'2025-07-14 02:36:18',0,10),(198,115,NULL,'2025-07-14 02:36:18',0,10),(199,118,NULL,'2025-07-14 02:36:18',0,10),(200,121,NULL,'2025-07-14 02:36:18',0,10),(201,122,NULL,'2025-07-14 02:36:18',0,10),(202,124,NULL,'2025-07-14 02:36:18',0,10),(203,127,NULL,'2025-07-14 02:36:18',0,10),(204,130,NULL,'2025-07-14 02:36:18',0,10),(205,131,NULL,'2025-07-14 02:36:18',0,10),(206,136,NULL,'2025-07-14 02:36:18',0,10),(207,137,NULL,'2025-07-14 02:36:18',0,10),(208,140,NULL,'2025-07-14 02:36:18',0,10),(209,144,NULL,'2025-07-14 02:36:18',0,10),(210,146,NULL,'2025-07-14 02:36:18',0,10),(211,149,NULL,'2025-07-14 02:36:18',0,10),(212,150,NULL,'2025-07-14 02:36:18',0,10);
/*!40000 ALTER TABLE `student_responses` ENABLE KEYS */;
UNLOCK TABLES;

--
-- Table structure for table `sub_menu`
--

DROP TABLE IF EXISTS `sub_menu`;
/*!40101 SET @saved_cs_client     = @@character_set_client */;
/*!50503 SET character_set_client = utf8mb4 */;
CREATE TABLE `sub_menu` (
  `submenu_id` int NOT NULL AUTO_INCREMENT,
  `name` varchar(255) DEFAULT NULL,
  `url` varchar(255) DEFAULT NULL,
  `style` varchar(255) DEFAULT NULL,
  `menu_id` int DEFAULT NULL,
  PRIMARY KEY (`submenu_id`),
  KEY `menu_id` (`menu_id`),
  CONSTRAINT `sub_menu_ibfk_1` FOREIGN KEY (`menu_id`) REFERENCES `menu` (`menu_id`)
) ENGINE=InnoDB AUTO_INCREMENT=13 DEFAULT CHARSET=utf8mb4 COLLATE=utf8mb4_0900_ai_ci;
/*!40101 SET character_set_client = @saved_cs_client */;

--
-- Dumping data for table `sub_menu`
--

LOCK TABLES `sub_menu` WRITE;
/*!40000 ALTER TABLE `sub_menu` DISABLE KEYS */;
INSERT INTO `sub_menu` VALUES (1,'','','',1),(2,'Create Subjects','createSubject','',2),(3,'Edit Subjects','viewSubjects','',2),(4,'','','',3),(5,'','','',4),(6,'','','',5),(7,'','','',6),(8,'','','',7),(9,'','','',8),(10,'','','',9),(11,'','','',10),(12,'','','',11);
/*!40000 ALTER TABLE `sub_menu` ENABLE KEYS */;
UNLOCK TABLES;

--
-- Table structure for table `subjects`
--

DROP TABLE IF EXISTS `subjects`;
/*!40101 SET @saved_cs_client     = @@character_set_client */;
/*!50503 SET character_set_client = utf8mb4 */;
CREATE TABLE `subjects` (
  `subject_id` int NOT NULL AUTO_INCREMENT,
  `subject_name` varchar(255) NOT NULL,
  `description` text,
  `created_date` datetime DEFAULT CURRENT_TIMESTAMP,
  `created_by` int NOT NULL,
  `status` enum('ACTIVE','INACTIVE') DEFAULT 'ACTIVE',
  PRIMARY KEY (`subject_id`),
  KEY `created_by` (`created_by`),
  CONSTRAINT `subjects_ibfk_1` FOREIGN KEY (`created_by`) REFERENCES `users` (`user_id`) ON DELETE CASCADE
) ENGINE=InnoDB AUTO_INCREMENT=7 DEFAULT CHARSET=utf8mb4 COLLATE=utf8mb4_0900_ai_ci;
/*!40101 SET character_set_client = @saved_cs_client */;

--
-- Dumping data for table `subjects`
--

LOCK TABLES `subjects` WRITE;
/*!40000 ALTER TABLE `subjects` DISABLE KEYS */;
INSERT INTO `subjects` VALUES (1,'C Programming','C is a foundational, procedural programming language widely used for system-level programming, embedded systems, and OS development. It emphasizes performance and memory control.','2025-06-17 00:29:13',2,'ACTIVE'),(2,'Python Programming','Python is a high-level, versatile programming language known for its readability and vast library support. It is widely used for web development, data science, automation, AI/ML, and scripting.','2025-06-18 01:40:07',2,'ACTIVE'),(3,'Java Programming','Java is an object-oriented, class-based programming language designed for portability and performance. It is heavily used in enterprise software, Android development, and backend systems.Java is an object-oriented, class-based programming language designed for portability and performance. It is heavily used in enterprise software, Android development, and backend systems.','2025-06-27 05:44:59',2,'ACTIVE'),(4,'Devops Fundamentals','DevOps is a set of practices that combines software development (Dev) and IT operations (Ops).This subject covers foundational tools, principles, and automation techniques that enable continuous integration, delivery, and deployment.','2025-07-09 07:36:43',2,'ACTIVE'),(5,'Aptitude','This exam covers all the topics of Quantitative Aptitude, Logical Reasoning, and Verbal Ability.','2025-07-12 03:25:02',2,'ACTIVE'),(6,'Web Development','This subject covers the core principles and practical applications involved in building websites and web applications using modern front-end and back-end technologies.','2025-07-14 00:46:34',2,'ACTIVE');
/*!40000 ALTER TABLE `subjects` ENABLE KEYS */;
UNLOCK TABLES;

--
-- Table structure for table `subtopic_results`
--

DROP TABLE IF EXISTS `subtopic_results`;
/*!40101 SET @saved_cs_client     = @@character_set_client */;
/*!50503 SET character_set_client = utf8mb4 */;
CREATE TABLE `subtopic_results` (
  `subtopic_result_id` int NOT NULL AUTO_INCREMENT,
  `exam_result_id` int NOT NULL,
  `subtopic_id` int NOT NULL,
  `total_marks` int NOT NULL,
  `percentage` double NOT NULL,
  `passed` tinyint(1) DEFAULT NULL,
  `created_at` timestamp NULL DEFAULT CURRENT_TIMESTAMP,
  PRIMARY KEY (`subtopic_result_id`),
  KEY `exam_result_id` (`exam_result_id`),
  KEY `subtopic_id` (`subtopic_id`),
  CONSTRAINT `subtopic_results_ibfk_1` FOREIGN KEY (`exam_result_id`) REFERENCES `exam_results` (`result_id`),
  CONSTRAINT `subtopic_results_ibfk_2` FOREIGN KEY (`subtopic_id`) REFERENCES `subtopics` (`subtopic_id`)
) ENGINE=InnoDB AUTO_INCREMENT=51 DEFAULT CHARSET=utf8mb4 COLLATE=utf8mb4_0900_ai_ci;
/*!40101 SET character_set_client = @saved_cs_client */;

--
-- Dumping data for table `subtopic_results`
--

LOCK TABLES `subtopic_results` WRITE;
/*!40000 ALTER TABLE `subtopic_results` DISABLE KEYS */;
INSERT INTO `subtopic_results` VALUES (1,1,18,5,0,0,'2025-07-10 04:06:47'),(2,1,19,4,0,0,'2025-07-10 04:06:47'),(3,1,17,5,0,0,'2025-07-10 04:06:47'),(4,1,20,2,50,1,'2025-07-10 04:06:47'),(5,1,16,4,0,0,'2025-07-10 04:06:47'),(6,2,15,4,75,1,'2025-07-10 04:12:19'),(7,2,11,6,66.67,1,'2025-07-10 04:12:19'),(8,2,12,4,75,1,'2025-07-10 04:12:19'),(9,2,14,3,100,1,'2025-07-10 04:12:19'),(10,2,13,3,33.33,0,'2025-07-10 04:12:19'),(11,3,10,7,85.71,1,'2025-07-10 06:45:02'),(12,3,7,4,75,1,'2025-07-10 06:45:02'),(13,3,9,3,66.67,1,'2025-07-10 06:45:02'),(14,3,6,4,50,1,'2025-07-10 06:45:02'),(15,3,8,2,50,1,'2025-07-10 06:45:02'),(16,4,10,6,100,1,'2025-07-10 07:27:04'),(17,4,7,6,100,1,'2025-07-10 07:27:04'),(18,4,9,2,0,0,'2025-07-10 07:27:04'),(19,4,6,4,50,1,'2025-07-10 07:27:04'),(20,4,8,2,50,1,'2025-07-10 07:27:04'),(21,5,1,4,0,0,'2025-07-14 04:57:24'),(22,5,2,6,0,0,'2025-07-14 04:57:24'),(23,5,4,4,0,0,'2025-07-14 04:57:24'),(24,5,3,4,0,0,'2025-07-14 04:57:24'),(25,5,5,2,0,0,'2025-07-14 04:57:24'),(26,6,1,4,0,0,'2025-07-14 04:58:37'),(27,6,2,6,0,0,'2025-07-14 04:58:37'),(28,6,4,2,0,0,'2025-07-14 04:58:37'),(29,6,3,5,0,0,'2025-07-14 04:58:37'),(30,6,5,3,0,0,'2025-07-14 04:58:37'),(31,7,1,4,0,0,'2025-07-14 04:59:42'),(32,7,2,6,0,0,'2025-07-14 04:59:42'),(33,7,4,2,0,0,'2025-07-14 04:59:42'),(34,7,3,5,0,0,'2025-07-14 04:59:42'),(35,7,5,3,0,0,'2025-07-14 04:59:42'),(36,8,15,5,20,0,'2025-07-14 05:14:51'),(37,8,11,5,0,0,'2025-07-14 05:14:51'),(38,8,12,4,0,0,'2025-07-14 05:14:51'),(39,8,14,3,0,0,'2025-07-14 05:14:51'),(40,8,13,3,0,0,'2025-07-14 05:14:51'),(41,9,1,6,0,0,'2025-07-14 05:33:17'),(42,9,2,2,0,0,'2025-07-14 05:33:17'),(43,9,4,4,0,0,'2025-07-14 05:33:17'),(44,9,3,4,0,0,'2025-07-14 05:33:17'),(45,9,5,4,0,0,'2025-07-14 05:33:17'),(46,10,15,4,0,0,'2025-07-14 06:36:18'),(47,10,11,5,0,0,'2025-07-14 06:36:18'),(48,10,12,4,0,0,'2025-07-14 06:36:18'),(49,10,14,4,0,0,'2025-07-14 06:36:18'),(50,10,13,3,0,0,'2025-07-14 06:36:18');
/*!40000 ALTER TABLE `subtopic_results` ENABLE KEYS */;
UNLOCK TABLES;

--
-- Table structure for table `subtopics`
--

DROP TABLE IF EXISTS `subtopics`;
/*!40101 SET @saved_cs_client     = @@character_set_client */;
/*!50503 SET character_set_client = utf8mb4 */;
CREATE TABLE `subtopics` (
  `subtopic_id` int NOT NULL AUTO_INCREMENT,
  `subject_id` int NOT NULL,
  `name` varchar(100) NOT NULL,
  PRIMARY KEY (`subtopic_id`),
  KEY `subject_id` (`subject_id`),
  CONSTRAINT `subtopics_ibfk_1` FOREIGN KEY (`subject_id`) REFERENCES `subjects` (`subject_id`) ON DELETE CASCADE
) ENGINE=InnoDB AUTO_INCREMENT=37 DEFAULT CHARSET=utf8mb4 COLLATE=utf8mb4_0900_ai_ci;
/*!40101 SET character_set_client = @saved_cs_client */;

--
-- Dumping data for table `subtopics`
--

LOCK TABLES `subtopics` WRITE;
/*!40000 ALTER TABLE `subtopics` DISABLE KEYS */;
INSERT INTO `subtopics` VALUES (1,1,'Data Types and Operators'),(2,1,'Control Flow Statements'),(3,1,'Functions'),(4,1,'Pointers and Memory Management'),(5,1,'Structures and Unions'),(6,2,'Python Basics'),(7,2,'Control Structures'),(8,2,'Functions and Modules'),(9,2,'Object-Oriented Programming (OOP)'),(10,2,'File Handling'),(11,3,'Java Basics'),(12,3,'Control Flow & Loops'),(13,3,'Classes and Objects'),(14,3,'Exception Handling'),(15,3,'Collections Framework'),(16,4,'DevOps Fundamentals'),(17,4,'Version Control with Git'),(18,4,'CI/CD Pipelines (Jenkins/GitHub Actions)'),(19,4,'Containerization with Docker'),(20,4,'Infrastructure as Code (IaC) using Terraform'),(21,5,'Averages'),(22,5,'Blood Relations'),(23,5,'Coding-Decoding'),(24,5,'Compound Interest'),(25,5,'Data Interpretation'),(26,5,'Direction Sense'),(27,5,'Flowchart & Pseudocode'),(28,5,'Logical Puzzles'),(29,5,'Number Systems'),(30,5,'Percentages'),(31,5,'Profit and Loss'),(32,5,'Ratio & Proportion'),(33,5,'Reading Comprehension'),(34,5,' Simple & Compound Interest '),(35,5,' Time and Work           '),(36,5,' Time, Speed, Distance   ');
/*!40000 ALTER TABLE `subtopics` ENABLE KEYS */;
UNLOCK TABLES;

--
-- Table structure for table `users`
--

DROP TABLE IF EXISTS `users`;
/*!40101 SET @saved_cs_client     = @@character_set_client */;
/*!50503 SET character_set_client = utf8mb4 */;
CREATE TABLE `users` (
  `user_id` int NOT NULL AUTO_INCREMENT,
  `name` varchar(255) NOT NULL,
  `email` varchar(255) NOT NULL,
  `password` varchar(255) NOT NULL,
  `date_of_birth` datetime(6) DEFAULT NULL,
  `phone` varchar(10) DEFAULT NULL,
  `status` enum('PENDING','APPROVED','REJECTED') DEFAULT 'PENDING',
  `created_at` datetime DEFAULT CURRENT_TIMESTAMP,
  `role_id` int DEFAULT NULL,
  `is_active` tinyint(1) DEFAULT '0',
  `is_locked` tinyint(1) DEFAULT '0',
  PRIMARY KEY (`user_id`),
  UNIQUE KEY `email` (`email`),
  KEY `role_id` (`role_id`),
  CONSTRAINT `users_ibfk_1` FOREIGN KEY (`role_id`) REFERENCES `role` (`role_id`) ON DELETE CASCADE
) ENGINE=InnoDB AUTO_INCREMENT=11 DEFAULT CHARSET=utf8mb4 COLLATE=utf8mb4_0900_ai_ci;
/*!40101 SET character_set_client = @saved_cs_client */;

--
-- Dumping data for table `users`
--

LOCK TABLES `users` WRITE;
/*!40000 ALTER TABLE `users` DISABLE KEYS */;
INSERT INTO `users` VALUES (2,'Kavya Kollareddy','kavya@gmail.com','$2a$12$Rf7GEap0pCh3ugRWZiMuC.r48cvAfdC.XMi7u7DA4NfP7RkUnThpm','2003-01-14 00:00:00.000000','9876543210','APPROVED','2025-05-19 01:58:58',1,0,0),(3,'Suresh','suresh@gmail.com','$2a$10$7NljrHrHv6airwrDY0UdSOjWFJ2iincSundawRhw51wzxmdou6vMW',NULL,NULL,'PENDING','2025-05-19 02:41:16',2,1,0),(4,'Pavan','pavan@gmail.com','$2a$10$8fTInYmoWQeo01NZPqEDIuEmg6.U.EUdagcZSUB5qdiNoD2ccnIDS',NULL,NULL,'PENDING','2025-05-19 02:43:27',3,0,0),(5,'Venkat','venkat@gmail.com','$2a$10$axnT7ul7psTbKHXw.TaReeYV9Gy.X6JiiKLMleZa1I7lme1C1Frui',NULL,NULL,'PENDING','2025-05-19 02:47:20',2,1,0),(6,'Hardhik','hardhikreddy1@gmail.com','$2a$10$5wsmCeINqk3Y27irtJZ5mOFtHoYLLFS1rrbyEqZpeNZXiymPdkrBO',NULL,NULL,'PENDING','2025-05-19 06:46:58',3,1,0),(7,'Manohar','kavya.chitti2003@gmail.com','$2a$10$dxeXN6VFctkZ00aC54iZ6.oN/VGimAiWilKKC0Unm8TBX6FDJ/7VO',NULL,NULL,'PENDING','2025-05-19 07:14:24',3,1,0),(8,'Swarupa','swarupa@gmail.com','$2a$10$tk6NVz1nUSN3B/UXb4jruewfh4/Qe59T50SzJzlrryqbzZJKyrEoO',NULL,NULL,'PENDING','2025-06-25 00:14:23',2,0,0),(9,'Venkat Ramayya','avr280903@gmail.com','$2a$10$F6kPULrFgFStZMEFWUGVVeq8flPOpTnCcnOq6USRzxuqhOcaDY/l.',NULL,NULL,'PENDING','2025-07-03 01:29:30',3,1,0),(10,'Kavya','kavyakollareddy141@gmail.com','$2a$10$.tqiUH/0gyLbSGX0WeiGq.8FfHRIj57E24L3k2Og0sW8..JmIAY0y',NULL,NULL,'PENDING','2025-07-09 07:00:46',3,1,0);
/*!40000 ALTER TABLE `users` ENABLE KEYS */;
UNLOCK TABLES;
/*!40103 SET TIME_ZONE=@OLD_TIME_ZONE */;

/*!40101 SET SQL_MODE=@OLD_SQL_MODE */;
/*!40014 SET FOREIGN_KEY_CHECKS=@OLD_FOREIGN_KEY_CHECKS */;
/*!40014 SET UNIQUE_CHECKS=@OLD_UNIQUE_CHECKS */;
/*!40101 SET CHARACTER_SET_CLIENT=@OLD_CHARACTER_SET_CLIENT */;
/*!40101 SET CHARACTER_SET_RESULTS=@OLD_CHARACTER_SET_RESULTS */;
/*!40101 SET COLLATION_CONNECTION=@OLD_COLLATION_CONNECTION */;
/*!40111 SET SQL_NOTES=@OLD_SQL_NOTES */;

-- Dump completed on 2025-07-15 12:10:01
