-- MySQL dump 10.13  Distrib 8.0.41, for Win64 (x86_64)
--
-- Host: localhost    Database: examapplication
-- ------------------------------------------------------
-- Server version	8.0.41

/*!40101 SET @OLD_CHARACTER_SET_CLIENT=@@CHARACTER_SET_CLIENT */;
/*!40101 SET @OLD_CHARACTER_SET_RESULTS=@@CHARACTER_SET_RESULTS */;
/*!40101 SET @OLD_COLLATION_CONNECTION=@@COLLATION_CONNECTION */;
/*!50503 SET NAMES utf8 */;
/*!40103 SET @OLD_TIME_ZONE=@@TIME_ZONE */;
/*!40103 SET TIME_ZONE='+00:00' */;
/*!40014 SET @OLD_UNIQUE_CHECKS=@@UNIQUE_CHECKS, UNIQUE_CHECKS=0 */;
/*!40014 SET @OLD_FOREIGN_KEY_CHECKS=@@FOREIGN_KEY_CHECKS, FOREIGN_KEY_CHECKS=0 */;
/*!40101 SET @OLD_SQL_MODE=@@SQL_MODE, SQL_MODE='NO_AUTO_VALUE_ON_ZERO' */;
/*!40111 SET @OLD_SQL_NOTES=@@SQL_NOTES, SQL_NOTES=0 */;

--
-- Table structure for table `exam_results`
--

DROP TABLE IF EXISTS `exam_results`;
/*!40101 SET @saved_cs_client     = @@character_set_client */;
/*!50503 SET character_set_client = utf8mb4 */;
CREATE TABLE `exam_results` (
  `result_id` int NOT NULL AUTO_INCREMENT,
  `exam_id` int DEFAULT NULL,
  `user_id` int DEFAULT NULL,
  `total_marks` int NOT NULL,
  `obtained_marks` double NOT NULL,
  `percentage` double NOT NULL,
  `passed` tinyint(1) DEFAULT NULL,
  `completed_at` datetime DEFAULT CURRENT_TIMESTAMP,
  PRIMARY KEY (`result_id`),
  KEY `exam_id` (`exam_id`),
  KEY `user_id` (`user_id`),
  CONSTRAINT `exam_results_ibfk_1` FOREIGN KEY (`exam_id`) REFERENCES `exams` (`exam_id`) ON DELETE CASCADE,
  CONSTRAINT `exam_results_ibfk_2` FOREIGN KEY (`user_id`) REFERENCES `users` (`user_id`) ON DELETE CASCADE
) ENGINE=InnoDB AUTO_INCREMENT=13 DEFAULT CHARSET=utf8mb4 COLLATE=utf8mb4_0900_ai_ci;
/*!40101 SET character_set_client = @saved_cs_client */;

--
-- Dumping data for table `exam_results`
--

LOCK TABLES `exam_results` WRITE;
/*!40000 ALTER TABLE `exam_results` DISABLE KEYS */;
INSERT INTO `exam_results` VALUES (1,1,4,20,2,10,0,'2025-08-07 12:51:41'),(2,1,4,20,16,80,1,'2025-08-07 12:53:15'),(3,1,7,20,1,5,0,'2025-08-07 16:14:42'),(4,2,7,20,14,70,1,'2025-08-07 16:15:52'),(5,4,10,20,0,0,0,'2025-08-07 16:16:53'),(6,14,7,20,7,35,0,'2025-08-08 12:06:22'),(7,14,7,20,9,45,1,'2025-08-08 12:11:38'),(8,2,11,20,13,65,1,'2025-08-08 17:10:43'),(9,4,10,20,9,45,1,'2025-08-13 11:50:05'),(10,2,10,20,0,0,0,'2025-08-13 12:50:26'),(11,2,10,20,15,75,1,'2025-08-13 12:51:46'),(12,4,4,20,15,75,1,'2025-08-18 09:58:14');
/*!40000 ALTER TABLE `exam_results` ENABLE KEYS */;
UNLOCK TABLES;

--
-- Table structure for table `exam_subtopic_distribution`
--

DROP TABLE IF EXISTS `exam_subtopic_distribution`;
/*!40101 SET @saved_cs_client     = @@character_set_client */;
/*!50503 SET character_set_client = utf8mb4 */;
CREATE TABLE `exam_subtopic_distribution` (
  `id` int NOT NULL AUTO_INCREMENT,
  `exam_id` int NOT NULL,
  `subtopic_id` int NOT NULL,
  `subtopic_percentage` double NOT NULL,
  `basic_percentage` double NOT NULL,
  `intermediate_percentage` double NOT NULL,
  `advance_percentage` double NOT NULL,
  PRIMARY KEY (`id`),
  KEY `exam_id` (`exam_id`),
  KEY `subtopic_id` (`subtopic_id`),
  CONSTRAINT `exam_subtopic_distribution_ibfk_1` FOREIGN KEY (`exam_id`) REFERENCES `exams` (`exam_id`),
  CONSTRAINT `exam_subtopic_distribution_ibfk_2` FOREIGN KEY (`subtopic_id`) REFERENCES `subtopics` (`subtopic_id`)
) ENGINE=InnoDB AUTO_INCREMENT=31 DEFAULT CHARSET=utf8mb4 COLLATE=utf8mb4_0900_ai_ci;
/*!40101 SET character_set_client = @saved_cs_client */;

--
-- Dumping data for table `exam_subtopic_distribution`
--

LOCK TABLES `exam_subtopic_distribution` WRITE;
/*!40000 ALTER TABLE `exam_subtopic_distribution` DISABLE KEYS */;
INSERT INTO `exam_subtopic_distribution` VALUES (1,1,1,30,40,40,20),(2,1,2,20,20,20,60),(3,1,3,20,30,30,40),(4,1,4,15,40,20,40),(5,1,5,15,15,15,70),(6,2,6,20,40,20,40),(7,2,7,25,30,20,50),(8,2,8,25,15,30,55),(9,2,9,15,25,25,50),(10,2,10,15,30,30,40),(11,4,11,15,40,40,20),(12,4,12,20,35,25,40),(13,4,13,20,25,25,50),(14,4,14,25,20,30,50),(15,4,15,20,30,30,40),(16,14,16,10,40,40,20),(17,14,17,7,20,30,30),(18,14,18,13,40,20,40),(19,14,19,6,15,15,70),(20,14,20,8,40,20,40),(21,14,21,6,10,30,60),(22,14,22,5,10,60,30),(23,14,23,5,20,20,60),(24,14,24,4,30,30,40),(25,14,25,6,20,20,60),(26,14,26,9,10,10,80),(27,14,27,6,40,40,20),(28,14,28,5,20,30,50),(29,14,29,5,20,20,60),(30,14,30,5,40,40,20);
/*!40000 ALTER TABLE `exam_subtopic_distribution` ENABLE KEYS */;
UNLOCK TABLES;

--
-- Table structure for table `exams`
--

DROP TABLE IF EXISTS `exams`;
/*!40101 SET @saved_cs_client     = @@character_set_client */;
/*!50503 SET character_set_client = utf8mb4 */;
CREATE TABLE `exams` (
  `exam_id` int NOT NULL AUTO_INCREMENT,
  `title` varchar(255) NOT NULL,
  `description` text,
  `start_time` date DEFAULT NULL,
  `end_time` date DEFAULT NULL,
  `duration` int DEFAULT NULL,
  `subject_id` int DEFAULT NULL,
  `exam_status` enum('SCHEDULED','ONGOING','COMPLETED') DEFAULT 'SCHEDULED',
  `created_at` datetime DEFAULT CURRENT_TIMESTAMP,
  `total_questions` int DEFAULT NULL,
  `created_by` int DEFAULT NULL,
  `exam_type` enum('Programming','Quantitative') DEFAULT 'Programming',
  PRIMARY KEY (`exam_id`),
  KEY `subject_id` (`subject_id`),
  KEY `created_by` (`created_by`),
  CONSTRAINT `exams_ibfk_1` FOREIGN KEY (`subject_id`) REFERENCES `subjects` (`subject_id`) ON DELETE CASCADE,
  CONSTRAINT `exams_ibfk_2` FOREIGN KEY (`created_by`) REFERENCES `users` (`user_id`) ON DELETE CASCADE
) ENGINE=InnoDB AUTO_INCREMENT=16 DEFAULT CHARSET=utf8mb4 COLLATE=utf8mb4_0900_ai_ci;
/*!40101 SET character_set_client = @saved_cs_client */;

--
-- Dumping data for table `exams`
--

LOCK TABLES `exams` WRITE;
/*!40000 ALTER TABLE `exams` DISABLE KEYS */;
INSERT INTO `exams` VALUES (1,'C','This exam is intended to assess knowledge of procedural programming using C. It includes hands-on problems involving pointers, recursion, and memory access. Questions range from basic syntax to memory layout and file operations in C.','2025-07-15','2025-08-30',20,1,'ONGOING','2025-07-15 14:58:50',20,3,'Programming'),(2,'Python','This exam evaluates your understanding of core Python syntax and problem-solving using Python. It includes MCQs, coding snippets, and case-based questions on real-world Python applications. Topics include OOP, functions, file handling, and control flow.','2025-07-15','2025-08-30',20,2,'ONGOING','2025-07-15 15:03:06',20,3,'Programming'),(4,'Java','This exam assesses the proficiency in Java programming fundamentals, including exception handling, OOP principles, and usage of collection APIs. It includes scenario-based coding questions and conceptual MCQs.','2025-07-15','2025-08-30',20,3,'ONGOING','2025-07-15 15:07:13',20,3,'Quantitative'),(5,'Aptitude','This exam assesses your potential to learn and perform specific tasks or skills. It measures cognitive abilities like logical reasoning, numerical ability, and verbal comprehension. Aptitude tests are often used in educational and employment settings to evaluate strengths, weaknesses, and suitability for various roles or fields.','2025-08-08','2025-09-06',20,4,'ONGOING','2025-08-08 11:20:59',NULL,3,'Programming'),(6,'Aptitude','Aptitude exam assesses your potential to learn and perform specific tasks or skills. It measures cognitive abilities like logical reasoning, numerical ability, and verbal comprehension. Aptitude tests are often used in educational and employment settings to evaluate strengths, weaknesses, and suitability for various roles or fields.','2025-08-08','2025-09-06',20,4,'ONGOING','2025-08-08 11:22:56',NULL,3,'Programming'),(7,'Aptitude','This exam assesses your potential to learn and perform specific tasks or skills. It measures cognitive abilities like logical reasoning, numerical ability, and verbal comprehension. Aptitude tests are often used in educational and employment settings to evaluate strengths, weaknesses, and suitability for various roles or fields.','2025-08-08','2025-09-06',20,4,'ONGOING','2025-08-08 11:24:51',NULL,3,'Programming'),(8,'Aptitude','This exam assesses your potential to learn and perform specific tasks or skills. It measures cognitive abilities like logical reasoning, numerical ability, and verbal comprehension. Aptitude tests are often used in educational and employment settings to evaluate strengths, weaknesses, and suitability for various roles or fields.','2025-08-08','2025-09-06',20,4,'ONGOING','2025-08-08 11:25:41',NULL,3,'Programming'),(9,'Aptitude','This exam assesses your potential to learn and perform specific tasks or skills. It measures cognitive abilities like logical reasoning, numerical ability, and verbal comprehension. Aptitude tests are often used in educational and employment settings to evaluate strengths, weaknesses, and suitability for various roles or fields.','2025-08-08','2025-09-06',20,4,'ONGOING','2025-08-08 11:26:58',NULL,3,'Programming'),(10,'Aptitude','This exam assesses your potential to learn and perform specific tasks or skills. It measures cognitive abilities like logical reasoning, numerical ability, and verbal comprehension. Aptitude tests are often used in educational and employment settings to evaluate strengths, weaknesses, and suitability for various roles or fields.','2025-08-08','2025-09-06',20,4,'ONGOING','2025-08-08 11:28:03',NULL,3,'Programming'),(11,'Aptitude','This exam assesses your potential to learn and perform specific tasks or skills. It measures cognitive abilities like logical reasoning, numerical ability, and verbal comprehension. Aptitude tests are often used in educational and employment settings to evaluate strengths, weaknesses, and suitability for various roles or fields.','2025-08-08','2025-09-06',20,4,'ONGOING','2025-08-08 11:29:01',NULL,3,'Programming'),(12,'Aptitude','This exam assesses your potential to learn and perform specific tasks or skills. It measures cognitive abilities like logical reasoning, numerical ability, and verbal comprehension. Aptitude tests are often used in educational and employment settings to evaluate strengths, weaknesses, and suitability for various roles or fields.','2025-08-08','2025-09-06',20,4,'ONGOING','2025-08-08 11:30:33',NULL,3,'Programming'),(13,'Aptitude','This exam assesses your potential to learn and perform specific tasks or skills. It measures cognitive abilities like logical reasoning, numerical ability, and verbal comprehension. Aptitude tests are often used in educational and employment settings to evaluate strengths, weaknesses, and suitability for various roles or fields.','2025-08-08','2025-09-06',20,4,'ONGOING','2025-08-08 11:31:26',NULL,3,'Programming'),(14,'Aptitude','This exam assesses your potential to learn and perform specific tasks or skills. It measures cognitive abilities like logical reasoning, numerical ability, and verbal comprehension. Aptitude tests are often used in educational and employment settings to evaluate strengths, weaknesses, and suitability for various roles or fields.','2025-08-08','2025-09-06',20,4,'ONGOING','2025-08-08 11:32:14',20,3,'Quantitative'),(15,'Aptituude','This exam assess your quantitative skills','2025-08-08','2025-09-06',20,4,'ONGOING','2025-08-08 11:56:02',NULL,3,'Programming');
/*!40000 ALTER TABLE `exams` ENABLE KEYS */;
UNLOCK TABLES;

--
-- Table structure for table `menu`
--

DROP TABLE IF EXISTS `menu`;
/*!40101 SET @saved_cs_client     = @@character_set_client */;
/*!50503 SET character_set_client = utf8mb4 */;
CREATE TABLE `menu` (
  `menu_id` int NOT NULL AUTO_INCREMENT,
  `name` varchar(255) DEFAULT NULL,
  `url` varchar(255) DEFAULT NULL,
  `style` varchar(255) DEFAULT NULL,
  PRIMARY KEY (`menu_id`)
) ENGINE=InnoDB AUTO_INCREMENT=12 DEFAULT CHARSET=utf8mb4 COLLATE=utf8mb4_0900_ai_ci;
/*!40101 SET character_set_client = @saved_cs_client */;

--
-- Dumping data for table `menu`
--

LOCK TABLES `menu` WRITE;
/*!40000 ALTER TABLE `menu` DISABLE KEYS */;
INSERT INTO `menu` VALUES (1,'Manage Users','manageUsers',''),(2,'Subjects Management','',''),(3,'Manage Exams','manageExams',''),(4,'Manage Subjects','viewSubjects',''),(5,'Manage SubTopics','subTopics',''),(6,'Manage Exams','manageExams',''),(7,'Track Exam Results','trackExam',''),(8,'Dashboard','studentDashboard',''),(9,'All Exams','exams',''),(10,'My Exams','myExams',''),(11,'My Certificates','myCertificates','');
/*!40000 ALTER TABLE `menu` ENABLE KEYS */;
UNLOCK TABLES;

--
-- Table structure for table `question_options`
--

DROP TABLE IF EXISTS `question_options`;
/*!40101 SET @saved_cs_client     = @@character_set_client */;
/*!50503 SET character_set_client = utf8mb4 */;
CREATE TABLE `question_options` (
  `option_id` int NOT NULL AUTO_INCREMENT,
  `question_id` int DEFAULT NULL,
  `option_text` varchar(255) NOT NULL,
  `is_correct` tinyint(1) DEFAULT '0',
  PRIMARY KEY (`option_id`),
  KEY `question_id` (`question_id`),
  CONSTRAINT `question_options_ibfk_1` FOREIGN KEY (`question_id`) REFERENCES `questions` (`question_id`) ON DELETE CASCADE
) ENGINE=InnoDB AUTO_INCREMENT=2192 DEFAULT CHARSET=utf8mb4 COLLATE=utf8mb4_0900_ai_ci;
/*!40101 SET character_set_client = @saved_cs_client */;

--
-- Dumping data for table `question_options`
--

LOCK TABLES `question_options` WRITE;
/*!40000 ALTER TABLE `question_options` DISABLE KEYS */;
INSERT INTO `question_options` VALUES (1,1,'int',1),(2,1,'float',0),(3,1,'string',0),(4,1,'decimal',0),(5,2,'Returns the value of a variable',0),(6,2,'Returns the size of a variable',1),(7,2,'Returns the address of a variable',0),(8,2,'Returns the length of a string',0),(9,3,'4.0',0),(10,3,'4.5',0),(11,3,'Error',1),(12,3,'5.0',0),(13,4,'==',1),(14,4,'!=',1),(15,4,'>=',0),(16,4,'>',0),(17,5,'Division',1),(18,5,'Modulus',1),(19,5,'Multiplication',0),(20,5,'Addition',0),(21,6,'*',0),(22,6,'+',0),(23,6,'/',0),(24,6,'=',1),(25,7,'5.0',0),(26,7,'6.0',1),(27,7,'4.0',0),(28,7,'Error',0),(29,8,'14.0',1),(30,8,'20.0',0),(31,8,'10.0',0),(32,8,'12.0',0),(33,9,'5.0',0),(34,9,'6.0',1),(35,9,'2.0',0),(36,9,'1.0',0),(37,10,'4.0',1),(38,10,'2.0',0),(39,10,'8.0',0),(40,10,'16.0',0),(41,11,'switch',1),(42,11,'case',0),(43,11,'continue',0),(44,11,'break',0),(45,12,'To exit the loop',0),(46,12,'To skip the current iteration',1),(47,12,'To jump to the next iteration',0),(48,12,'To stop the program',0),(49,13,'for',0),(50,13,'while',0),(51,13,'loop',1),(52,13,'do-while',0),(53,14,'0, 1, 2, 3, 4',1),(54,14,'1, 2, 3, 4, 5',1),(55,14,'0, 1, 2, 3, 4, 5',0),(56,14,'1, 2, 3, 4',0),(57,15,'Loop will terminate early',1),(58,15,'Code after loop will execute',1),(59,15,'Next iteration will run',0),(60,15,'Compiler error',0),(61,16,'for(;;)',1),(62,16,'while(1)',1),(63,16,'while(0)',0),(64,16,'do-while(0)',0),(65,17,'12.0',0),(66,17,'123.0',0),(67,17,'0, 1, 2',1),(68,17,'1, 2, 3',0),(69,18,'10, 9, 8, 7...1',1),(70,18,'10, 9, 8, 7, 6',0),(71,18,'9, 8, 7, 6, 5',0),(72,18,'Error',0),(73,19,'0 1 2 3 4',1),(74,19,'1 2 3 4 5',0),(75,19,'1 2 3 4',0),(76,19,'0 1 2 3',0),(77,20,'Yes',1),(78,20,'No',0),(79,20,'Error',0),(80,20,'None',0),(81,21,'void function()',0),(82,21,'int function(void)',1),(83,21,'function int()',0),(84,21,'void func(int)',0),(85,22,'call function()',0),(86,22,'function()',1),(87,22,'call() function',0),(88,22,'function call()',0),(89,23,'Terminates a program',0),(90,23,'Exits a function',0),(91,23,'Returns a value from the function',1),(92,23,'Returns a string',0),(93,24,'void func()',0),(94,24,'void func(int a)',1),(95,24,'int func(void)',0),(96,24,'void func(int, int)',1),(97,25,'int',1),(98,25,'void',0),(99,25,'float',0),(100,25,'double',0),(101,26,'void func();',1),(102,26,'void func(int, int);',1),(103,26,'void func(int);',0),(104,26,'int add(int, int);',0),(105,27,'Product of a and b',1),(106,27,'Error',0),(107,27,'Sum of a and b',0),(108,27,'Incorrect',0),(109,28,'void function()',1),(110,28,'int function()',0),(111,28,'function(void)',0),(112,28,'function()',0),(113,29,'10.0',0),(114,29,'15.0',1),(115,29,'5.0',0),(116,29,'Error',0),(117,30,'7.0',1),(118,30,'3.0',0),(119,30,'4.0',0),(120,30,'Error',0),(121,31,'Declares a pointer',0),(122,31,'Dereferences a pointer',1),(123,31,'Defines a variable',0),(124,31,'Creates an array',0),(125,32,'Declares a pointer',0),(126,32,'Returns address of variable',1),(127,32,'Assigns value to variable',0),(128,32,'Points to a memory address',0),(129,33,'A pointer can be assigned a value',0),(130,33,'A pointer points to a variable\'s address',1),(131,33,'Pointers can only store integers',0),(132,33,'Pointers cannot be dereferenced',0),(133,34,'10.0',1),(134,34,'a',0),(135,34,'Address of a',0),(136,34,'Error',0),(137,35,'It gives a runtime error',1),(138,35,'It prints NULL',0),(139,35,'It points to the first memory address',0),(140,35,'It has no effect',0),(141,36,'malloc()',1),(142,36,'alloc()',0),(143,36,'calloc()',1),(144,36,'new()',0),(145,37,'Allocates memory for an int',1),(146,37,'Allocates memory for an array',0),(147,37,'Allocates memory for a pointer',0),(148,37,'Free memory',0),(149,38,'5.0',0),(150,38,'10.0',1),(151,38,'Error',0),(152,38,'None',0),(153,39,'100.0',0),(154,39,'A memory address',1),(155,39,'0x0',0),(156,39,'Error',0),(157,40,'free()',1),(158,40,'deallocate()',0),(159,40,'delete()',0),(160,40,'dispose()',0),(161,41,'Groups related variables',1),(162,41,'Declares a new variable',0),(163,41,'Defines an array',0),(164,41,'None of the above',0),(165,42,'Using the dot operator',1),(166,42,'Using the arrow operator',0),(167,42,'Using the index operator',0),(168,42,'Using the underscore operator',0),(169,43,'A type that can store different data types',0),(170,43,'A pointer to a data structure',0),(171,43,'A type that can store only one data type at a time',1),(172,43,'An array of structs',0),(173,44,'Declares a struct with ID and name',1),(174,44,'Allocates memory for Student',0),(175,44,'Accesses the members directly',1),(176,44,'Error',0),(177,45,'25.0',1),(178,45,'0.0',0),(179,45,'Error',0),(180,45,'None',0),(181,46,'struct Person {int age;};',1),(182,46,'Person structure {int age;}',0),(183,46,'struct Person;',0),(184,46,'type Person;',0),(185,47,'1 2',1),(186,47,'2 1',0),(187,47,'Error',0),(188,47,'None',0),(189,48,'20 A',0),(190,48,'65 A',1),(191,48,'10 65',0),(192,48,'Error',0),(193,49,'Previous value is overwritten',1),(194,49,'Previous value is retained',0),(195,49,'Value is lost',0),(196,49,'None',0),(197,50,'Structures hold multiple data types, unions hold one at a time',1),(198,50,'Unions hold multiple data types, structures hold one at a time',0),(199,50,'Both hold the same data',0),(200,50,'None',0),(201,51,'2.0',1),(202,51,'2.5',0),(203,51,'3.0',0),(204,51,'5.0',0),(205,52,'1st_var',0),(206,52,'1var',0),(207,52,'var_1',1),(208,52,'var!',0),(209,53,'size()',0),(210,53,'length()',0),(211,53,'len()',1),(212,53,'count()',0),(213,54,'my_list = [1, 2, 3]',1),(214,54,'my_list = list(1, 2, 3)',0),(215,54,'my_list = (1, 2, 3)',0),(216,54,'my_list = [1, 2, 3]',1),(217,55,'t = (1, 2, 3)',1),(218,55,'t = [1, 2, 3]',0),(219,55,'t = (1, 2)',1),(220,55,'t = (1, 2, 3, )',1),(221,56,'for key in dict:',1),(222,56,'for value in dict:',0),(223,56,'for item in dict.items():',1),(224,56,'for key, value in dict.items():',1),(225,57,'[1, 2, 3, 4, 5]',1),(226,57,'[1, 2, 3, 5]',0),(227,57,'[1, 2, 3, 4]',0),(228,57,'Error',0),(229,58,'sum([1, 2, 3])',0),(230,58,'reduce(sum, [1, 2, 3])',0),(231,58,'sum([1, 2, 3], 0)',1),(232,58,'sum(1, 2, 3)',0),(233,59,'d = {\"key\": \"value\"}',1),(234,59,'d = (key=\"value\")',0),(235,59,'d = {key: value}',0),(236,59,'d = [key=\"value\"]',0),(237,60,'set(list)',0),(238,60,'list(set(list))',1),(239,60,'list(list)',0),(240,60,'list.sort()',0),(241,61,'Hello',1),(242,61,'None',0),(243,61,'Error',0),(244,61,'true',0),(245,62,'elif',1),(246,62,'else if',0),(247,62,'else',0),(248,62,'elseif',0),(249,63,'true',1),(250,63,'false',0),(251,63,'None',0),(252,63,'Error',0),(253,64,'for',1),(254,64,'foreach',0),(255,64,'while',1),(256,64,'do while',0),(257,65,'break terminates the loop',1),(258,65,'continue skips the loop iteration',1),(259,65,'continue breaks the loop',0),(260,65,'break skips the loop iteration',0),(261,66,'==',1),(262,66,'!=',1),(263,66,'<=',1),(264,66,'++',0),(265,67,'1 2 3 4',1),(266,67,'1 2 3 4 5',0),(267,67,'1 2 3',0),(268,67,'Error',0),(269,68,'while i < 10: print(i)',0),(270,68,'while i <= 10: print(i)',1),(271,68,'for i in range(1, 10): print(i)',0),(272,68,'for i in range(1, 11): print(i)',0),(273,69,'if num % 2 == 0: print(\"Even\")',1),(274,69,'if num % 2 != 0: print(\"Odd\")',0),(275,69,'if num / 2 == 0: print(\"Even\")',0),(276,69,'if num % 2 == 1: print(\"Odd\")',0),(277,70,'while x < 10: x += 1',0),(278,70,'while x <= 10: x += 1',0),(279,70,'while x < 11: x += 1',1),(280,70,'while x == 10: x += 1',0),(281,71,'It can have a return value',1),(282,71,'It does not require arguments',0),(283,71,'It can only be called once',0),(284,71,'It cannot have default arguments',0),(285,72,'None',1),(286,72,'0.0',0),(287,72,'false',0),(288,72,'undefined',0),(289,73,'function func()',0),(290,73,'def func()',1),(291,73,'func()',0),(292,73,'def function()',0),(293,74,'Positional arguments',1),(294,74,'Default arguments',1),(295,74,'Variable-length arguments',1),(296,74,'Global variables',0),(297,75,'*args',1),(298,75,'**kwargs',1),(299,75,'*kwargs',0),(300,75,'**args',0),(301,76,'Integer',1),(302,76,'String',1),(303,76,'List',1),(304,76,'Dictionary',1),(305,77,'5.0',1),(306,77,'23.0',0),(307,77,'None',0),(308,77,'2 3',0),(309,78,'def square(x): return x ** 2',1),(310,78,'def square(x): return x * x',0),(311,78,'def square(x): x ** 2',0),(312,78,'def square(x): x = x ** 2',0),(313,79,'def factorial(n): return n * factorial(n - 1)',0),(314,79,'def factorial(n): return n!',0),(315,79,'def factorial(n): return n * factorial(n-1) if n > 1 else 1',1),(316,79,'def factorial(n): return n * factorial(n + 1)',0),(317,80,'def is_prime(n): for i in range(2, n): if n % i == 0: return False; return True',1),(318,80,'def is_prime(n): for i in range(2, n+1): if n % i == 0: return False; return True',0),(319,80,'def is_prime(n): return True if n % 2 == 0',0),(320,80,'def is_prime(n): return n > 1',0),(321,81,'Classes define the blueprint of objects',1),(322,81,'Python supports multiple inheritance',1),(323,81,'Python doesn\'t support encapsulation',0),(324,81,'Python doesn\'t support polymorphism',0),(325,82,'To define a class method',0),(326,82,'To initialize an object',1),(327,82,'To create class variables',0),(328,82,'To inherit class properties',0),(329,83,'class SubClass(BaseClass):',1),(330,83,'class SubClass inherits BaseClass:',0),(331,83,'class SubClass(BaseClass){}',0),(332,83,'class SubClass(BaseClass): pass',0),(333,84,'Inheritance',1),(334,84,'Encapsulation',1),(335,84,'Polymorphism',1),(336,84,'Overloading',0),(337,85,'A subclass inherits properties from a superclass',1),(338,85,'A subclass can only inherit one superclass',0),(339,85,'A subclass can override superclass methods',1),(340,85,'A subclass cannot add new methods',0),(341,86,'Toyota',1),(342,86,'Car',0),(343,86,'None',0),(344,86,'Error',0),(345,87,'class Person: def __init__(self, name, age): self.name = name; self.age = age; def greet(self): print(f\"Hello, {self.name}\")',1),(346,87,'class Person: def __init__(self, name, age): self.name = name; self.age = age; def greet(self): return f\"Hello, {self.name}\"',0),(347,87,'class Person: def __init__(self, name, age): self.name = name; self.age = age; def greet(self): print(\"Hello, {name}\")',0),(348,87,'class Person: def __init__(self, name, age): self.name = name; self.age = age',0),(349,88,'class Circle: def __init__(self, radius): self.radius = radius; def area(self): return 3.14 * self.radius ** 2',1),(350,88,'class Circle: def __init__(self, radius): self.radius = radius; def area(self): return pi * self.radius ** 2',0),(351,88,'class Circle: def __init__(self, radius): self.radius = radius; def area(self): return 2 * 3.14 * self.radius',0),(352,88,'class Circle: def __init__(self, radius): self.radius = radius; def area(self): return 4 * 3.14 * self.radius',0),(353,89,'class Employee: def __init__(self, name, salary): self.name = name; self.salary = salary; def get_salary(self): return self.salary',1),(354,89,'class Employee: def __init__(self, name, salary): self.name = name; self.salary = salary; def get_name(self): return self.name',0),(355,89,'class Employee: def __init__(self, name, salary): self.name = name; def get_salary(self): return self.salary',0),(356,89,'class Employee: def __init__(self, name, salary): self.salary = salary; def get_name(self): return self.name',0),(357,90,'class Book: def __init__(self, title, author, price): self.title = title; self.author = author; self.price = price',1),(358,90,'class Book: def __init__(self, title, author, price): self.title = title; self.author = author',0),(359,90,'class Book: def __init__(self, title, price): self.title = title; self.price = price',0),(360,90,'class Book: def __init__(self, title, author): self.title = title; self.author = author',0),(361,91,'w',1),(362,91,'r',0),(363,91,'a',0),(364,91,'rb',0),(365,92,'Raises FileNotFoundError',1),(366,92,'Raises IOError',0),(367,92,'Returns an empty string',0),(368,92,'Raises EOFError',0),(369,93,'\"Hello\"',1),(370,93,'None',0),(371,93,'Error',0),(372,93,'\"test.txt\"',0),(373,94,'r',1),(374,94,'w',1),(375,94,'rw',0),(376,94,'a',1),(377,95,'Files are opened using open() function',1),(378,95,'File objects are closed using close() method',1),(379,95,'Files can only be opened in read-only mode',0),(380,95,'File mode must always be r',0),(381,96,'It opens the file for writing',1),(382,96,'It creates a new file if it doesn\'t exist',1),(383,96,'It truncates the file to zero length',1),(384,96,'It reads the file\'s content',0),(385,97,'with open(\"file.txt\", \"r\") as f: print(f.read())',1),(386,97,'open(\"file.txt\", \"r\") print(f.read())',0),(387,97,'with open(\"file.txt\") as f: print(f)',0),(388,97,'open(\"file.txt\") print(f.read())',0),(389,98,'with open(\"file.txt\", \"a\") as f: f.write(\"new line\")',1),(390,98,'open(\"file.txt\", \"w\") as f: f.write(\"new line\")',0),(391,98,'with open(\"file.txt\", \"r\") as f: f.append(\"new line\")',0),(392,98,'open(\"file.txt\", \"a\") f.write(\"new line\")',0),(393,99,'with open(\"file.txt\", \"r\") as f: for line in f: print(line)',1),(394,99,'with open(\"file.txt\") as f: for line in f: print(line)',0),(395,99,'open(\"file.txt\", \"r\") as f: for line in f: print(line)',0),(396,99,'open(\"file.txt\", \"r\") as f: print(f.readline())',0),(397,100,'import os; if os.path.exists(\"file.txt\"): open(\"file.txt\", \"r\")',1),(398,100,'if file.txt.exists(): open(file.txt, \"r\")',0),(399,100,'if file.exists(\"file.txt\"): open(\"file.txt\", \"r\")',0),(400,100,'import os; open(\"file.txt\", \"r\")',0),(401,101,'0.0',1),(402,101,'null',0),(403,101,'false',0),(404,101,'0.0',0),(405,102,'int',0),(406,102,'float',0),(407,102,'bool',1),(408,102,'double',0),(409,103,'const',0),(410,103,'final',1),(411,103,'constant',0),(412,103,'static',0),(413,104,'15Hello',1),(414,104,'Hello15',1),(415,104,'510Hello',0),(416,104,'5Hello10',0),(417,105,'It compares values of primitives',1),(418,105,'It compares references of objects',1),(419,105,'It checks if two objects are identical',0),(420,105,'It compares both value and reference',0),(421,106,'//',1),(422,106,'/* */',0),(423,106,'#',0),(424,107,'4.0',0),(425,107,'5.0',1),(426,107,'6.0',0),(427,107,'7.0',0),(428,108,'10.0',0),(429,108,'55.0',1),(430,108,'5.0',0),(431,108,'Error',0),(432,109,'&',0),(433,109,'+',1),(434,109,'*',0),(435,109,'.',0),(436,110,'const int MAX = 100;',0),(437,110,'final int MAX = 100;',1),(438,110,'int MAX = 100;',0),(439,110,'MAX = 100;',0),(440,111,'if a > b then {}',0),(441,111,'if a > b { }',0),(442,111,'if a > b',0),(443,111,'if (a > b) {}',1),(444,112,'Hello',1),(445,112,'Bye',0),(446,112,'Error',0),(447,112,'Nothing',0),(448,113,'for loop',0),(449,113,'while loop',0),(450,113,'do-while loop',1),(451,113,'none of the above',0),(452,114,'It terminates the loop immediately',1),(453,114,'It skips the remaining code in the loop',0),(454,114,'It skips the current iteration',0),(455,114,'It is used to terminate switch statements',1),(456,115,'i becomes 10',1),(457,115,'The loop executes 5 times',0),(458,115,'The loop runs indefinitely',0),(459,115,'i becomes 9',0),(460,116,'0 1 2',1),(461,116,'1 2 3',0),(462,116,'5 6 7',0),(463,116,'Error',0),(464,117,'0 1 2',1),(465,117,'1 2 3',0),(466,117,'Error',0),(467,117,'Infinite loop',0),(468,118,'It stops the loop',0),(469,118,'It skips the current iteration and continues with the next iteration',1),(470,118,'It terminates the loop',0),(471,118,'It causes an infinite loop',0),(472,119,'0 1 2',1),(473,119,'0 1 2 3',0),(474,119,'0 1 2 3 4',0),(475,119,'Error',0),(476,120,'1 2 3',1),(477,120,'2 3 4',0),(478,120,'0 1 2',0),(479,120,'Error',0),(480,121,'class ClassName {}',1),(481,121,'class: ClassName {}',0),(482,121,'Class className() {}',0),(483,121,'class: className;',0),(484,122,'It refers to the current object',1),(485,122,'It refers to the superclass object',0),(486,122,'It is used to initialize variables',0),(487,122,'It references static variables',0),(488,123,'size()',0),(489,123,'length()',1),(490,123,'getLength()',0),(491,123,'getSize()',0),(492,124,'It compiles successfully',1),(493,124,'It will throw a compilation error',0),(494,124,'It needs a constructor with no arguments',0),(495,124,'It creates a reference variable',0),(496,125,'The value of x becomes 20',1),(497,125,'The value of x remains 10',0),(498,125,'The constructor will not execute',0),(499,125,'Compilation error',0),(500,126,'10.0',0),(501,126,'Error',0),(502,126,'It creates a local variable',0),(503,126,'It sets the instance variable x',1),(504,127,'ClassName obj = new ClassName();',1),(505,127,'obj = new ClassName();',0),(506,127,'ClassName obj = ClassName();',0),(507,127,'new ClassName obj();',0),(508,128,'Red',1),(509,128,'Error',0),(510,128,'null',0),(511,128,'nothing',0),(512,129,'It refers to the parent class constructor',1),(513,129,'It refers to the parent class instance variable',0),(514,129,'It is used to initialize class variables',0),(515,129,'It calls the current class constructor',0),(516,130,'Animal Sound',0),(517,130,'Bark',1),(518,130,'Error',0),(519,130,'Compilation issue',0),(520,131,'An exception is an object in Java',1),(521,131,'Exceptions are not handled in Java',0),(522,131,'Runtime exceptions must be declared',0),(523,131,'Java doesn\'t support Exception Handling',0),(524,132,'Exception caught',1),(525,132,'ArithmeticException',0),(526,132,'Error',0),(527,132,'Compilation error',0),(528,133,'RuntimeException',1),(529,133,'Checked Exception',0),(530,133,'Compile-Time Exception',0),(531,133,'AssertionError',0),(532,134,'Hello',1),(533,134,'Exception caught',0),(534,134,'Error',0),(535,134,'Null',0),(536,135,'Arithmetic Exception',1),(537,135,'Exception',0),(538,135,'Nothing',0),(539,135,'Error',0),(540,136,'It is executed always',1),(541,136,'It is used to catch exceptions',0),(542,136,'It is used to throw exceptions',0),(543,136,'It is optional',0),(544,137,'Try Block Finally Block',1),(545,137,'Nothing',0),(546,137,'Compilation error',0),(547,137,'Runtime error',0),(548,138,'`catch (Exception e)`',1),(549,138,'catch (Exception, Error e)',0),(550,138,'catch (Exception & Error e)',0),(551,138,'`catch (ExceptionError)`',0),(552,139,'Error',0),(553,139,'ArrayIndexOutOfBoundsException',1),(554,139,'Exception',0),(555,139,'NullPointerException',0),(556,140,'throw new Exception();',1),(557,140,'throw Exception();',0),(558,140,'throw Exception;',0),(559,140,'new Exception();',0),(560,141,'List interface',1),(561,141,'Set interface',0),(562,141,'Map interface',0),(563,141,'Queue interface',0),(564,142,'add()',1),(565,142,'insert()',0),(566,142,'push()',0),(567,142,'put()',0),(568,143,'It throws an exception',0),(569,143,'It adds the null element',1),(570,143,'It ignores the null element',0),(571,143,'It causes an error',0),(572,144,'HashMap',1),(573,144,'TreeMap',1),(574,144,'ArrayList',0),(575,144,'HashSet',0),(576,145,'remove()',1),(577,145,'delete()',0),(578,145,'pop()',0),(579,145,'clear()',1),(580,146,'get()',1),(581,146,'fetch()',0),(582,146,'retrieve()',0),(583,146,'find()',0),(584,147,'Hello',1),(585,147,'Error',0),(586,147,'null',0),(587,147,'Compilation error',0),(588,148,'One',1),(589,148,'1.0',0),(590,148,'Error',0),(591,148,'null',0),(592,149,'2.0',1),(593,149,'1.0',0),(594,149,'3.0',0),(595,149,'Error',0),(596,150,'true',1),(597,150,'false',0),(598,150,'Error',0),(599,150,'null',0),(600,151,'1.0',0),(601,151,'2.0',0),(602,151,'3.0',1),(603,151,'4.0',0),(604,152,'132.0',1),(605,152,'198.0',1),(606,152,'273.0',1),(607,152,'121.0',0),(608,153,'No change',0),(609,153,'Increase by 4%',0),(610,153,'Decrease by 4%',1),(611,153,'Increase by 2%',0),(612,154,'1/4',1),(613,154,'0.25',1),(614,154,'25/100',1),(615,154,'2/5',0),(616,155,'8:15',1),(617,155,'2:5',0),(618,155,'3:4',0),(619,155,'5:8',0),(620,156,'6:8',1),(621,156,'9:12',1),(622,156,'12:15',0),(623,156,'15:20',1),(624,157,'6.0',1),(625,157,'5.0',0),(626,157,'7.0',0),(627,157,'8.0',0),(628,158,'(10+30)/2',1),(629,158,'(15+25)/2',1),(630,158,'(5+15)/2',0),(631,158,'(20+20)/2',1),(632,159,'6 sec',0),(633,159,'9 sec',1),(634,159,'12 sec',0),(635,159,'15 sec',0),(636,160,'1000 m/min',1),(637,160,'16.67 m/s',1),(638,160,'1 km/min',1),(639,160,'1080 m/min',0),(640,161,'12.0',0),(641,161,'15.0',1),(642,161,'18.0',0),(643,161,'10.0',0),(644,162,'A',1),(645,162,'B',0),(646,162,'Both same',0),(647,162,'Can\'t say',0),(648,163,'0.1',0),(649,163,'0.15',0),(650,163,'0.2',1),(651,163,'0.25',0),(652,164,'CP=80, SP=70',1),(653,164,'CP=200, SP=190',1),(654,164,'CP=300, SP=310',0),(655,164,'CP=120, SP=120',0),(656,165,'₹100',0),(657,165,'₹200',0),(658,165,'₹210',1),(659,165,'₹220',0),(660,166,'Yearly CI',1),(661,166,'Half-yearly CI',1),(662,166,'Quarterly SI',0),(663,166,'Monthly CI',1),(664,167,'10.0',0),(665,167,'20.0',1),(666,167,'25.0',0),(667,167,'30.0',0),(668,168,'A',1),(669,168,'B',1),(670,168,'C',1),(671,168,'A & B',0),(672,169,'Tom',0),(673,169,'Jack',1),(674,169,'Harry',0),(675,169,'Can\'t say',0),(676,170,'Some cats are animals',1),(677,170,'All cats are animals',0),(678,170,'Some dogs are animals',1),(679,170,'All dogs are cats',0),(680,171,'Brother',1),(681,171,'Sister',0),(682,171,'Cousin',0),(683,171,'Can\'t say',0),(684,172,'Father',1),(685,172,'Uncle',0),(686,172,'Brother',0),(687,172,'Grandfather',0),(688,173,'EPH',1),(689,173,'EOF',0),(690,173,'EPF',0),(691,173,'DPF',0),(692,174,'TMFFQ',0),(693,174,'TMEEQ',0),(694,174,'TMFDQ',0),(695,174,'TMFEQ',1),(696,175,'North',1),(697,175,'South',0),(698,175,'East',0),(699,175,'West',0),(700,176,'5km NE',1),(701,176,'5km SE',0),(702,176,'5km',1),(703,176,'Cannot say',0),(704,177,'Healthcare',0),(705,177,'Agriculture',0),(706,177,'Technology',1),(707,177,'Education',0),(708,178,'Read more',0),(709,178,'Use AI wisely',1),(710,178,'Avoid all AI',0),(711,178,'Ignore AI',0),(712,179,'2.0',0),(713,179,'3.0',1),(714,179,'5.0',0),(715,179,'0.0',0),(716,180,'3.0',0),(717,180,'6.0',1),(718,180,'7.0',0),(719,180,'5.0',0),(720,181,'100.0',0),(721,181,'81.0',0),(722,181,'121.0',1),(723,181,'49.0',0),(724,182,'729.0',1),(725,182,'1008.0',1),(726,182,'372.0',1),(727,182,'109.0',0),(728,183,'100.0',0),(729,183,'200.0',1),(730,183,'300.0',0),(731,183,'400.0',0),(732,184,'20% = 1/5',1),(733,184,'10% = 1/10',1),(734,184,'40% = 2/3',0),(735,184,'25% = 1/4',1),(736,185,'₹90',0),(737,185,'₹100',0),(738,185,'₹120',1),(739,185,'₹150',0),(740,186,'10:16',1),(741,186,'15:24',1),(742,186,'20:32',1),(743,186,'25:30',0),(744,187,'25.0',0),(745,187,'30.0',1),(746,187,'35.0',0),(747,187,'40.0',0),(748,188,'10,20,30',1),(749,188,'15,25,20',1),(750,188,'5,15,20',0),(751,188,'10,20,25',1),(752,189,'50 km/h',0),(753,189,'60 km/h',1),(754,189,'70 km/h',0),(755,189,'80 km/h',0),(756,190,'20 m/s',0),(757,190,'1200 m/min',1),(758,190,'18 m/s',1),(759,190,'1260 m/min',0),(760,191,'8.57 days',1),(761,191,'10 days',0),(762,191,'12 days',0),(763,191,'16 days',0),(764,192,'A',1),(765,192,'B',0),(766,192,'Both same',0),(767,192,'Can’t determine',0),(768,193,'0.2',0),(769,193,'0.25',1),(770,193,'0.3',0),(771,193,'0.35',0),(772,194,'CP=90, SP=100',1),(773,194,'CP=200, SP=180',0),(774,194,'CP=120, SP=120',0),(775,194,'CP=50, SP=60',1),(776,195,'₹400',0),(777,195,'₹450',1),(778,195,'₹500',0),(779,195,'₹550',0),(780,196,'Investment apps',1),(781,196,'Fixed deposit',1),(782,196,'Daily wage calc',0),(783,196,'Loan EMIs',1),(784,197,'45.0',0),(785,197,'50.0',1),(786,197,'55.0',0),(787,197,'60.0',0),(788,198,'A in Jan',1),(789,198,'A in Mar',1),(790,198,'B consistently',1),(791,198,'A overall',1),(792,199,'A',0),(793,199,'B',1),(794,199,'C',0),(795,199,'Can’t say',0),(796,200,'All apples are tasty',0),(797,200,'Some apples are red',1),(798,200,'Some tasty are apples',0),(799,200,'Some red are apples',1),(800,201,'Sister',1),(801,201,'Mother',0),(802,201,'Cousin',0),(803,201,'Aunt',0),(804,202,'Brother–Sister',1),(805,202,'Father–Son',1),(806,202,'Aunt–Nephew',1),(807,202,'Cousin–Uncle',0),(808,203,'UFB',1),(809,203,'UEB',0),(810,203,'UFA',0),(811,203,'UEC',0),(812,204,'NPPQ',1),(813,204,'NPPM',0),(814,204,'NPPN',1),(815,204,'NPPK',0),(816,205,'10 km',0),(817,205,'12 km',0),(818,205,'14 km',1),(819,205,'15 km',0),(820,206,'South',1),(821,206,'North',0),(822,206,'West',0),(823,206,'East',0),(824,207,'Low cost',0),(825,207,'Accessibility',0),(826,207,'COVID-19',1),(827,207,'Skill demand',0),(828,208,'Flexibility',1),(829,208,'Scalability',1),(830,208,'Everyone',1),(831,208,'Not recommended',0),(832,209,'9.0',0),(833,209,'12.0',0),(834,209,'16.0',1),(835,209,'25.0',0),(836,210,'3.0',1),(837,210,'4.0',1),(838,210,'5.0',1),(839,210,'6.0',0),(840,211,'All engineers are thinkers',1),(841,211,'All thinkers are engineers',0),(842,211,'No conclusion',0),(843,211,'Some engineers are not thinkers',0),(844,212,'Some boys are girls',0),(845,212,'All boys are girls',0),(846,212,'Some students are boys',1),(847,212,'All girls are students',0),(848,213,'Father',1),(849,213,'Uncle',0),(850,213,'Brother',0),(851,213,'Grandfather',0),(852,214,'Aunt–Nephew',1),(853,214,'Brother–Sister',1),(854,214,'Father–Daughter',1),(855,214,'Uncle–Niece',1),(856,215,'SPPU',0),(857,215,'SPPU',1),(858,215,'SPQT',0),(859,215,'SQQT',0),(860,216,'QFO = PEN',1),(861,216,'QBO = PAN',1),(862,216,'QJO = PIN',1),(863,216,'QMO = PAN',0),(864,217,'SE direction',1),(865,217,'SW direction',0),(866,217,'NE direction',0),(867,217,'NW direction',0),(868,218,'West',1),(869,218,'South',1),(870,218,'East',1),(871,218,'North',0),(872,219,'Strict',0),(873,219,'Rigid',0),(874,219,'Adaptable',1),(875,219,'Complicated',0),(876,220,'Ban cars',0),(877,220,'Encourage trees',1),(878,220,'Use green energy',1),(879,220,'Stay indoors',0),(880,221,'7.0',0),(881,221,'12.0',1),(882,221,'9.0',0),(883,221,'0.0',0),(884,222,'2.0',1),(885,222,'3.0',0),(886,222,'4.0',1),(887,222,'5.0',0),(888,223,'2.0',0),(889,223,'3.0',0),(890,223,'9.0',1),(891,223,'5.0',0),(892,224,'33.0',1),(893,224,'55.0',1),(894,224,'66.0',1),(895,224,'67.0',0),(896,225,'350.0',0),(897,225,'450.0',0),(898,225,'500.0',1),(899,225,'550.0',0),(900,226,'20% = 0.2',1),(901,226,'30% = 0.3',1),(902,226,'50% = 0.4',0),(903,226,'60% = 0.6',1),(904,227,'₹400, ₹200',1),(905,227,'₹300, ₹300',0),(906,227,'₹500, ₹100',0),(907,227,'₹450, ₹150',0),(908,228,'8:10',1),(909,228,'12:15',1),(910,228,'16:20',1),(911,228,'9:11',0),(912,229,'15.0',0),(913,229,'16.0',1),(914,229,'17.0',0),(915,229,'18.0',0),(916,230,'5,10,15',1),(917,230,'8,10,12',1),(918,230,'9,10,11',1),(919,230,'7,11,12',0),(920,231,'50 km/h',1),(921,231,'60 km/h',0),(922,231,'65 km/h',0),(923,231,'70 km/h',0),(924,232,'27.8 m/s',1),(925,232,'1666.7 m/min',1),(926,232,'25 m/s',0),(927,232,'1500 m/min',0),(928,233,'3 days',0),(929,233,'4 days',1),(930,233,'5 days',0),(931,233,'6 days',0),(932,234,'A',1),(933,234,'B',1),(934,234,'C',0),(935,234,'None',0),(936,235,'₹900',0),(937,235,'₹950',0),(938,235,'₹1000',1),(939,235,'₹1050',0),(940,236,'CP=100, SP=120',1),(941,236,'CP=150, SP=130',0),(942,236,'CP=200, SP=250',1),(943,236,'CP=300, SP=270',0),(944,237,'₹500',0),(945,237,'₹510',1),(946,237,'₹520',0),(947,237,'₹530',0),(948,238,'Bank deposits',1),(949,238,'Recurring deposits',1),(950,238,'Salary',0),(951,238,'Loans',1),(952,239,'150.0',0),(953,239,'175.0',0),(954,239,'200.0',0),(955,239,'160.0',1),(956,240,'A max',0),(957,240,'B min',1),(958,240,'C max',1),(959,240,'A min',0),(960,241,'All pens are ink pens',0),(961,241,'Some pens are ink pens',0),(962,241,'Some ink pens are pens',1),(963,241,'None of these',0),(964,242,'Some cats are wild',0),(965,242,'Some animals are cats',1),(966,242,'All wild are cats',0),(967,242,'Some animals are not wild',0),(968,243,'Grandfather',1),(969,243,'Father',0),(970,243,'Brother',0),(971,243,'Uncle',0),(972,244,'Son–Father',1),(973,244,'Uncle–Nephew',1),(974,244,'Sister–Brother',1),(975,244,'Mother–Grandson',0),(976,245,'UFTU',1),(977,245,'UGTV',0),(978,245,'UFUV',0),(979,245,'UGUV',0),(980,246,'CPBU',1),(981,246,'CPAV',0),(982,246,'CPBV',1),(983,246,'DPBV',0),(984,247,'West',0),(985,247,'South',1),(986,247,'East',0),(987,247,'North',0),(988,248,'West',1),(989,248,'South',1),(990,248,'East',0),(991,248,'North',0),(992,249,'Stress increase',0),(993,249,'Focus decline',0),(994,249,'Stress reduction',1),(995,249,'Physical weakness',0),(996,250,'Go solar',1),(997,250,'Burn coal',0),(998,250,'Use wind energy',1),(999,250,'Avoid renewable',0),(1000,251,'10.0',0),(1001,251,'15.0',1),(1002,251,'20.0',0),(1003,251,'25.0',0),(1004,252,'2.0',1),(1005,252,'4.0',1),(1006,252,'6.0',1),(1007,252,'8.0',1),(1008,253,'6.0',0),(1009,253,'7.0',0),(1010,253,'8.0',1),(1011,253,'9.0',0),(1012,254,'12.0',1),(1013,254,'15.0',0),(1014,254,'16.0',1),(1015,254,'20.0',1),(1016,255,'30.0',0),(1017,255,'35.0',0),(1018,255,'40.0',1),(1019,255,'45.0',0),(1020,256,'12.5% = 1/8',1),(1021,256,'33.33% = 1/3',1),(1022,256,'20% = 1/4',0),(1023,256,'66.67% = 2/3',1),(1024,257,'1:3',0),(1025,257,'3:1',1),(1026,257,'3:2',0),(1027,257,'2:3',0),(1028,258,'12:10',1),(1029,258,'18:15',1),(1030,258,'24:20',1),(1031,258,'12:15',0),(1032,259,'9.0',0),(1033,259,'10.0',1),(1034,259,'11.0',0),(1035,259,'12.0',0),(1036,260,'6,8,10',1),(1037,260,'4,8,12',0),(1038,260,'7,8,9',1),(1039,260,'5,8,11',1),(1040,261,'50 km/h',0),(1041,261,'55 km/h',0),(1042,261,'60 km/h',1),(1043,261,'65 km/h',0),(1044,262,'10 m/s',0),(1045,262,'600 m/min',1),(1046,262,'720 m/min',1),(1047,262,'9.6 m/s',1),(1048,263,'1 day',0),(1049,263,'2/3 day',1),(1050,263,'2 days',0),(1051,263,'3/2 days',0),(1052,264,'A',1),(1053,264,'B',1),(1054,264,'C',0),(1055,264,'None',0),(1056,265,'0.2',1),(1057,265,'0.25',0),(1058,265,'0.3',0),(1059,265,'0.35',0),(1060,266,'CP=500, SP=450',1),(1061,266,'CP=400, SP=420',0),(1062,266,'CP=250, SP=200',1),(1063,266,'CP=300, SP=310',0),(1064,267,'₹300',0),(1065,267,'₹200',1),(1066,267,'₹250',0),(1067,267,'₹350',0),(1068,268,'Daily EMI',0),(1069,268,'Bank FD',0),(1070,268,'Annual salary',0),(1071,268,'Lending money',1),(1072,269,'400.0',0),(1073,269,'450.0',1),(1074,269,'500.0',0),(1075,269,'550.0',0),(1076,270,'A best',0),(1077,270,'B best',1),(1078,270,'C worst',1),(1079,270,'A worst',0),(1080,271,'All apples are sour',0),(1081,271,'Some fruits are apples',0),(1082,271,'Some apples are fruits',1),(1083,271,'All fruits are apples',0),(1084,272,'All lions are herbivores',0),(1085,272,'No lion is herbivore',1),(1086,272,'All cats are lions',0),(1087,272,'No cat is herbivore',1),(1088,273,'2, 4, 6',1),(1089,273,'2, 3, 4',0),(1090,273,'1, 2, 3',0),(1091,273,'3, 5, 7',0),(1092,274,'3.0',1),(1093,274,'6.0',1),(1094,274,'9.0',0),(1095,274,'1.0',0),(1096,275,'91.0',0),(1097,275,'73.0',1),(1098,275,'87.0',0),(1099,275,'99.0',0),(1100,276,'12.0',1),(1101,276,'18.0',1),(1102,276,'22.0',0),(1103,276,'30.0',1),(1104,277,'270.0',1),(1105,277,'300.0',0),(1106,277,'310.0',0),(1107,277,'330.0',0),(1108,278,'50% = 0.5',1),(1109,278,'25% = 0.25',1),(1110,278,'10% = 1.0',0),(1111,278,'75% = 0.75',1),(1112,279,'₹400:₹600',0),(1113,279,'₹600:₹400',1),(1114,279,'₹500:₹500',0),(1115,279,'₹750:₹250',0),(1116,280,'4:6',1),(1117,280,'6:9',1),(1118,280,'8:12',1),(1119,280,'10:16',0),(1120,281,'30.0',1),(1121,281,'32.0',0),(1122,281,'34.0',0),(1123,281,'36.0',0),(1124,282,'20,25,30',1),(1125,282,'10,20,30,40',0),(1126,282,'15,25,35',1),(1127,282,'25,25,25',1),(1128,283,'10 km',0),(1129,283,'12.5 km',1),(1130,283,'15 km',0),(1131,283,'17.5 km',0),(1132,284,'25 m/s',0),(1133,284,'1500 m/min',1),(1134,284,'22.5 m/s',1),(1135,284,'1600 m/min',0),(1136,285,'7.2 days',1),(1137,285,'8 days',0),(1138,285,'9 days',0),(1139,285,'10 days',0),(1140,286,'A',1),(1141,286,'B',0),(1142,286,'Both same',0),(1143,286,'Can’t say',0),(1144,287,'0.1',0),(1145,287,'0.15',0),(1146,287,'0.2',1),(1147,287,'0.25',0),(1148,288,'CP=250, SP=230',1),(1149,288,'CP=200, SP=180',1),(1150,288,'CP=300, SP=320',0),(1151,288,'CP=100, SP=90',1),(1152,289,'₹210',0),(1153,289,'₹205',0),(1154,289,'₹202.5',1),(1155,289,'₹220',0),(1156,290,'Loan interest',1),(1157,290,'Annual tax',1),(1158,290,'Salary',0),(1159,290,'EMI',0),(1160,291,'0.6',1),(1161,291,'0.25',0),(1162,291,'0.15',0),(1163,291,'All same',0),(1164,292,'A highest',0),(1165,292,'B highest',1),(1166,292,'C lowest',1),(1167,292,'A lowest',0),(1168,293,'Aunt',0),(1169,293,'Niece',0),(1170,293,'Sister',1),(1171,293,'Cousin',0),(1172,294,'R is uncle of T',1),(1173,294,'S is uncle of T',0),(1174,294,'T is nephew of R',1),(1175,294,'S is father of T',1),(1176,295,'HBSEFO',0),(1177,295,'HBSEFM',0),(1178,295,'HBSFEM',1),(1179,295,'IBTFGN',0),(1180,296,'3-1-20',1),(1181,296,'3-2-20',0),(1182,296,'3-1-21',0),(1183,296,'2-1-20',0),(1184,297,'West',0),(1185,297,'East',0),(1186,297,'South',1),(1187,297,'North',0),(1188,298,'North',1),(1189,298,'South',0),(1190,298,'East',0),(1191,298,'West',0),(1192,299,'Coal is better',0),(1193,299,'Solar is outdated',0),(1194,299,'Renewable is expensive',0),(1195,299,'Green energy is critical',1),(1196,300,'13.0',1),(1197,300,'14.0',0),(1198,300,'15.0',0),(1199,300,'12.0',0),(1200,301,'160.0',1),(1201,301,'150.0',0),(1202,301,'170.0',0),(1203,301,'180.0',0),(1204,302,'25.0',0),(1205,302,'30.0',1),(1206,302,'35.0',0),(1207,302,'40.0',0),(1208,303,'9.0',0),(1209,303,'10.0',0),(1210,303,'11.0',1),(1211,303,'12.0',0),(1212,304,'50 km/h',0),(1213,304,'60 km/h',1),(1214,304,'70 km/h',0),(1215,304,'80 km/h',0),(1216,305,'8.0',0),(1217,305,'12.0',0),(1218,305,'14.0',0),(1219,305,'16.0',1),(1220,306,'0.15',0),(1221,306,'0.2',0),(1222,306,'0.25',1),(1223,306,'0.3',0),(1224,307,'₹1000',0),(1225,307,'₹1050',1),(1226,307,'₹1100',0),(1227,307,'₹1200',0),(1228,308,'250.0',0),(1229,308,'275.0',1),(1230,308,'300.0',0),(1231,308,'325.0',0),(1232,309,'4157.0',0),(1233,309,'4156.0',1),(1234,309,'4158.0',0),(1235,309,'4160.0',0),(1236,310,'Mother',0),(1237,310,'Aunt',1),(1238,310,'Sister',0),(1239,310,'Cousin',0),(1240,311,'5 km',1),(1241,311,'6 km',0),(1242,311,'7 km',0),(1243,311,'4 km',0),(1244,312,'15.0',0),(1245,312,'17.0',0),(1246,312,'19.0',1),(1247,312,'21.0',0),(1248,313,'Importance of water',1),(1249,313,'Water scarcity',0),(1250,313,'Pollution',0),(1251,313,'Agriculture',0),(1252,314,'5.0',0),(1253,314,'10.0',0),(1254,314,'15.0',1),(1255,314,'20.0',0),(1256,315,'101011.0',0),(1257,315,'101101.0',1),(1258,315,'1011010.0',0),(1259,315,'101100.0',0),(1260,316,'0.15',0),(1261,316,'0.2',1),(1262,316,'0.25',0),(1263,316,'0.3',0),(1264,317,'48 km/h',0),(1265,317,'50 km/h',1),(1266,317,'52 km/h',0),(1267,317,'55 km/h',0),(1268,318,'0.06',0),(1269,318,'0.07',0),(1270,318,'0.08',1),(1271,318,'0.09',0),(1272,319,'10 min',0),(1273,319,'12 min',1),(1274,319,'15 min',0),(1275,319,'18 min',0),(1276,320,'45720.0',1),(1277,320,'37/100',0),(1278,320,'375/1000',0),(1279,320,'45785.0',0),(1280,321,'160.0',0),(1281,321,'180.0',1),(1282,321,'200.0',0),(1283,321,'150.0',0),(1284,322,'32, 40',0),(1285,322,'28, 44',0),(1286,322,'36, 45',1),(1287,322,'30, 42',0),(1288,323,'29.0',1),(1289,323,'31.0',0),(1290,323,'27.0',0),(1291,323,'33.0',0),(1292,324,'30.0',0),(1293,324,'35.0',0),(1294,324,'40.0',1),(1295,324,'45.0',0),(1296,325,'9.0',0),(1297,325,'8.0',1),(1298,325,'7.0',0),(1299,325,'10.0',0),(1300,326,'₹60',1),(1301,326,'₹55',0),(1302,326,'₹70',0),(1303,326,'₹65',0),(1304,327,'₹900',1),(1305,327,'₹750',0),(1306,327,'₹800',0),(1307,327,'₹850',0),(1308,328,'225.0',1),(1309,328,'225.0',0),(1310,328,'250.0',0),(1311,328,'200.0',0),(1312,329,'54.0',0),(1313,329,'72.0',0),(1314,329,'81.0',1),(1315,329,'90.0',0),(1316,330,'Sister',0),(1317,330,'Mother',1),(1318,330,'Aunt',0),(1319,330,'Grandmother',0),(1320,331,'2120.0',1),(1321,331,'2130.0',0),(1322,331,'2110.0',0),(1323,331,'2140.0',0),(1324,332,'5 km',1),(1325,332,'6 km',0),(1326,332,'7 km',0),(1327,332,'4 km',0),(1328,333,'Start a conversation',1),(1329,333,'Stop talking',0),(1330,333,'Break something',0),(1331,333,'Be quiet',0),(1332,334,'10.0',0),(1333,334,'11.0',1),(1334,334,'12.0',0),(1335,334,'13.0',0),(1336,335,'21.0',0),(1337,335,'31.0',1),(1338,335,'51.0',0),(1339,335,'91.0',0),(1340,336,'0.08',0),(1341,336,'0.0909',1),(1342,336,'0.1',0),(1343,336,'0.11',0),(1344,337,'15.0',0),(1345,337,'20.0',1),(1346,337,'21.0',0),(1347,337,'24.0',0),(1348,338,'70.0',0),(1349,338,'72.0',0),(1350,338,'74.0',1),(1351,338,'76.0',0),(1352,339,'240 km',0),(1353,339,'250 km',0),(1354,339,'260 km',1),(1355,339,'270 km',0),(1356,340,'45785.0',1),(1357,340,'45721.0',0),(1358,340,'45846.0',0),(1359,340,'45691.0',0),(1360,341,'0.08',0),(1361,341,'0.1',0),(1362,341,'0.12',0),(1363,341,'0.09',1),(1364,342,'36 and 45',1),(1365,342,'32 and 49',0),(1366,342,'40 and 41',0),(1367,342,'34 and 47',0),(1368,343,'500 m',0),(1369,343,'450 m',0),(1370,343,'600 m',1),(1371,343,'300 m',0),(1372,344,'125.0',0),(1373,344,'130.0',0),(1374,344,'135.0',1),(1375,344,'140.0',0),(1376,345,'0.16',1),(1377,345,'0.12',0),(1378,345,'0.08',0),(1379,345,'0.18',0),(1380,346,'10 km',1),(1381,346,'12 km',0),(1382,346,'14 km',0),(1383,346,'8 km',0),(1384,347,'36.0',0),(1385,347,'48.0',1),(1386,347,'30.0',0),(1387,347,'46.0',0),(1388,348,'NLGSVI',1),(1389,348,'NLOGVI',0),(1390,348,'NLFHVI',0),(1391,348,'NLOHVI',0),(1392,349,'24 hours',0),(1393,349,'48 hours',0),(1394,349,'18 hours',1),(1395,349,'32 hours',0),(1396,350,'1.0',0),(1397,350,'2.0',0),(1398,350,'3.0',1),(1399,350,'4.0',0),(1400,351,'132.0',1),(1401,351,'198.0',1),(1402,351,'273.0',1),(1403,351,'121.0',0),(1404,352,'No change',0),(1405,352,'Increase by 4%',0),(1406,352,'Decrease by 4%',1),(1407,352,'Increase by 2%',0),(1408,353,'1/4',1),(1409,353,'0.25',1),(1410,353,'25/100',1),(1411,353,'2/5',0),(1412,354,'8:15',1),(1413,354,'2:5',0),(1414,354,'3:4',0),(1415,354,'5:8',0),(1416,355,'6:8',1),(1417,355,'9:12',1),(1418,355,'12:15',0),(1419,355,'15:20',1),(1420,356,'6.0',1),(1421,356,'5.0',0),(1422,356,'7.0',0),(1423,356,'8.0',0),(1424,357,'(10+30)/2',1),(1425,357,'(15+25)/2',1),(1426,357,'(5+15)/2',0),(1427,357,'(20+20)/2',1),(1428,358,'6 sec',0),(1429,358,'9 sec',1),(1430,358,'12 sec',0),(1431,358,'15 sec',0),(1432,359,'1000 m/min',1),(1433,359,'16.67 m/s',1),(1434,359,'1 km/min',1),(1435,359,'1080 m/min',0),(1436,360,'12.0',0),(1437,360,'15.0',1),(1438,360,'18.0',0),(1439,360,'10.0',0),(1440,361,'A',1),(1441,361,'B',0),(1442,361,'Both same',0),(1443,361,'Can\'t say',0),(1444,362,'0.1',0),(1445,362,'0.15',0),(1446,362,'0.2',1),(1447,362,'0.25',0),(1448,363,'CP=80, SP=70',1),(1449,363,'CP=200, SP=190',1),(1450,363,'CP=300, SP=310',0),(1451,363,'CP=120, SP=120',0),(1452,364,'₹100',0),(1453,364,'₹200',0),(1454,364,'₹210',1),(1455,364,'₹220',0),(1456,365,'Yearly CI',1),(1457,365,'Half-yearly CI',1),(1458,365,'Quarterly SI',0),(1459,365,'Monthly CI',1),(1460,366,'10.0',0),(1461,366,'20.0',1),(1462,366,'25.0',0),(1463,366,'30.0',0),(1464,367,'A',1),(1465,367,'B',1),(1466,367,'C',1),(1467,367,'A & B',0),(1468,368,'Tom',0),(1469,368,'Jack',1),(1470,368,'Harry',0),(1471,368,'Can\'t say',0),(1472,369,'Some cats are animals',1),(1473,369,'All cats are animals',0),(1474,369,'Some dogs are animals',1),(1475,369,'All dogs are cats',0),(1476,370,'Brother',1),(1477,370,'Sister',0),(1478,370,'Cousin',0),(1479,370,'Can\'t say',0),(1480,371,'Father',1),(1481,371,'Uncle',0),(1482,371,'Brother',0),(1483,371,'Grandfather',0),(1484,372,'EPH',1),(1485,372,'EOF',0),(1486,372,'EPF',0),(1487,372,'DPF',0),(1488,373,'TMFFQ',0),(1489,373,'TMEEQ',0),(1490,373,'TMFDQ',0),(1491,373,'TMFEQ',1),(1492,374,'North',1),(1493,374,'South',0),(1494,374,'East',0),(1495,374,'West',0),(1496,375,'5km NE',1),(1497,375,'5km SE',0),(1498,375,'5km',1),(1499,375,'Cannot say',0),(1500,376,'Healthcare',0),(1501,376,'Agriculture',0),(1502,376,'Technology',1),(1503,376,'Education',0),(1504,377,'Read more',0),(1505,377,'Use AI wisely',1),(1506,377,'Avoid all AI',0),(1507,377,'Ignore AI',0),(1508,378,'2.0',0),(1509,378,'3.0',1),(1510,378,'5.0',0),(1511,378,'0.0',0),(1512,379,'3.0',0),(1513,379,'6.0',1),(1514,379,'7.0',0),(1515,379,'5.0',0),(1516,380,'100.0',0),(1517,380,'81.0',0),(1518,380,'121.0',1),(1519,380,'49.0',0),(1520,381,'729.0',1),(1521,381,'1008.0',1),(1522,381,'372.0',1),(1523,381,'109.0',0),(1524,382,'100.0',0),(1525,382,'200.0',1),(1526,382,'300.0',0),(1527,382,'400.0',0),(1528,383,'20% = 1/5',1),(1529,383,'10% = 1/10',1),(1530,383,'40% = 2/3',0),(1531,383,'25% = 1/4',1),(1532,384,'₹90',0),(1533,384,'₹100',0),(1534,384,'₹120',1),(1535,384,'₹150',0),(1536,385,'10:16',1),(1537,385,'15:24',1),(1538,385,'20:32',1),(1539,385,'25:30',0),(1540,386,'25.0',0),(1541,386,'30.0',1),(1542,386,'35.0',0),(1543,386,'40.0',0),(1544,387,'10,20,30',1),(1545,387,'15,25,20',1),(1546,387,'5,15,20',0),(1547,387,'10,20,25',1),(1548,388,'50 km/h',0),(1549,388,'60 km/h',1),(1550,388,'70 km/h',0),(1551,388,'80 km/h',0),(1552,389,'20 m/s',0),(1553,389,'1200 m/min',1),(1554,389,'18 m/s',1),(1555,389,'1260 m/min',0),(1556,390,'8.57 days',1),(1557,390,'10 days',0),(1558,390,'12 days',0),(1559,390,'16 days',0),(1560,391,'A',1),(1561,391,'B',0),(1562,391,'Both same',0),(1563,391,'Can’t determine',0),(1564,392,'0.2',0),(1565,392,'0.25',1),(1566,392,'0.3',0),(1567,392,'0.35',0),(1568,393,'CP=90, SP=100',1),(1569,393,'CP=200, SP=180',0),(1570,393,'CP=120, SP=120',0),(1571,393,'CP=50, SP=60',1),(1572,394,'₹400',0),(1573,394,'₹450',1),(1574,394,'₹500',0),(1575,394,'₹550',0),(1576,395,'Investment apps',1),(1577,395,'Fixed deposit',1),(1578,395,'Daily wage calc',0),(1579,395,'Loan EMIs',1),(1580,396,'45.0',0),(1581,396,'50.0',1),(1582,396,'55.0',0),(1583,396,'60.0',0),(1584,397,'A in Jan',1),(1585,397,'A in Mar',1),(1586,397,'B consistently',1),(1587,397,'A overall',1),(1588,398,'A',0),(1589,398,'B',1),(1590,398,'C',0),(1591,398,'Can’t say',0),(1592,399,'All apples are tasty',0),(1593,399,'Some apples are red',1),(1594,399,'Some tasty are apples',0),(1595,399,'Some red are apples',1),(1596,400,'Sister',1),(1597,400,'Mother',0),(1598,400,'Cousin',0),(1599,400,'Aunt',0),(1600,401,'Brother–Sister',1),(1601,401,'Father–Son',1),(1602,401,'Aunt–Nephew',1),(1603,401,'Cousin–Uncle',0),(1604,402,'UFB',1),(1605,402,'UEB',0),(1606,402,'UFA',0),(1607,402,'UEC',0),(1608,403,'NPPQ',1),(1609,403,'NPPM',0),(1610,403,'NPPN',1),(1611,403,'NPPK',0),(1612,404,'10 km',0),(1613,404,'12 km',0),(1614,404,'14 km',1),(1615,404,'15 km',0),(1616,405,'South',1),(1617,405,'North',0),(1618,405,'West',0),(1619,405,'East',0),(1620,406,'Low cost',0),(1621,406,'Accessibility',0),(1622,406,'COVID-19',1),(1623,406,'Skill demand',0),(1624,407,'Flexibility',1),(1625,407,'Scalability',1),(1626,407,'Everyone',1),(1627,407,'Not recommended',0),(1628,408,'9.0',0),(1629,408,'12.0',0),(1630,408,'16.0',1),(1631,408,'25.0',0),(1632,409,'3.0',1),(1633,409,'4.0',1),(1634,409,'5.0',1),(1635,409,'6.0',0),(1636,410,'All engineers are thinkers',1),(1637,410,'All thinkers are engineers',0),(1638,410,'No conclusion',0),(1639,410,'Some engineers are not thinkers',0),(1640,411,'Some boys are girls',0),(1641,411,'All boys are girls',0),(1642,411,'Some students are boys',1),(1643,411,'All girls are students',0),(1644,412,'Father',1),(1645,412,'Uncle',0),(1646,412,'Brother',0),(1647,412,'Grandfather',0),(1648,413,'Aunt–Nephew',1),(1649,413,'Brother–Sister',1),(1650,413,'Father–Daughter',1),(1651,413,'Uncle–Niece',1),(1652,414,'SPPU',0),(1653,414,'SPPU',1),(1654,414,'SPQT',0),(1655,414,'SQQT',0),(1656,415,'QFO = PEN',1),(1657,415,'QBO = PAN',1),(1658,415,'QJO = PIN',1),(1659,415,'QMO = PAN',0),(1660,416,'SE direction',1),(1661,416,'SW direction',0),(1662,416,'NE direction',0),(1663,416,'NW direction',0),(1664,417,'West',1),(1665,417,'South',1),(1666,417,'East',1),(1667,417,'North',0),(1668,418,'Strict',0),(1669,418,'Rigid',0),(1670,418,'Adaptable',1),(1671,418,'Complicated',0),(1672,419,'Ban cars',0),(1673,419,'Encourage trees',1),(1674,419,'Use green energy',1),(1675,419,'Stay indoors',0),(1676,420,'7.0',0),(1677,420,'12.0',1),(1678,420,'9.0',0),(1679,420,'0.0',0),(1680,421,'2.0',1),(1681,421,'3.0',0),(1682,421,'4.0',1),(1683,421,'5.0',0),(1684,422,'2.0',0),(1685,422,'3.0',0),(1686,422,'9.0',1),(1687,422,'5.0',0),(1688,423,'33.0',1),(1689,423,'55.0',1),(1690,423,'66.0',1),(1691,423,'67.0',0),(1692,424,'350.0',0),(1693,424,'450.0',0),(1694,424,'500.0',1),(1695,424,'550.0',0),(1696,425,'20% = 0.2',1),(1697,425,'30% = 0.3',1),(1698,425,'50% = 0.4',0),(1699,425,'60% = 0.6',1),(1700,426,'₹400, ₹200',1),(1701,426,'₹300, ₹300',0),(1702,426,'₹500, ₹100',0),(1703,426,'₹450, ₹150',0),(1704,427,'8:10',1),(1705,427,'12:15',1),(1706,427,'16:20',1),(1707,427,'9:11',0),(1708,428,'15.0',0),(1709,428,'16.0',1),(1710,428,'17.0',0),(1711,428,'18.0',0),(1712,429,'5,10,15',1),(1713,429,'8,10,12',1),(1714,429,'9,10,11',1),(1715,429,'7,11,12',0),(1716,430,'50 km/h',1),(1717,430,'60 km/h',0),(1718,430,'65 km/h',0),(1719,430,'70 km/h',0),(1720,431,'27.8 m/s',1),(1721,431,'1666.7 m/min',1),(1722,431,'25 m/s',0),(1723,431,'1500 m/min',0),(1724,432,'3 days',0),(1725,432,'4 days',1),(1726,432,'5 days',0),(1727,432,'6 days',0),(1728,433,'A',1),(1729,433,'B',1),(1730,433,'C',0),(1731,433,'None',0),(1732,434,'₹900',0),(1733,434,'₹950',0),(1734,434,'₹1000',1),(1735,434,'₹1050',0),(1736,435,'CP=100, SP=120',1),(1737,435,'CP=150, SP=130',0),(1738,435,'CP=200, SP=250',1),(1739,435,'CP=300, SP=270',0),(1740,436,'₹500',0),(1741,436,'₹510',1),(1742,436,'₹520',0),(1743,436,'₹530',0),(1744,437,'Bank deposits',1),(1745,437,'Recurring deposits',1),(1746,437,'Salary',0),(1747,437,'Loans',1),(1748,438,'150.0',0),(1749,438,'175.0',0),(1750,438,'200.0',0),(1751,438,'160.0',1),(1752,439,'A max',0),(1753,439,'B min',1),(1754,439,'C max',1),(1755,439,'A min',0),(1756,440,'All pens are ink pens',0),(1757,440,'Some pens are ink pens',0),(1758,440,'Some ink pens are pens',1),(1759,440,'None of these',0),(1760,441,'Some cats are wild',0),(1761,441,'Some animals are cats',1),(1762,441,'All wild are cats',0),(1763,441,'Some animals are not wild',0),(1764,442,'Grandfather',1),(1765,442,'Father',0),(1766,442,'Brother',0),(1767,442,'Uncle',0),(1768,443,'Son–Father',1),(1769,443,'Uncle–Nephew',1),(1770,443,'Sister–Brother',1),(1771,443,'Mother–Grandson',0),(1772,444,'UFTU',1),(1773,444,'UGTV',0),(1774,444,'UFUV',0),(1775,444,'UGUV',0),(1776,445,'CPBU',1),(1777,445,'CPAV',0),(1778,445,'CPBV',1),(1779,445,'DPBV',0),(1780,446,'West',0),(1781,446,'South',1),(1782,446,'East',0),(1783,446,'North',0),(1784,447,'West',1),(1785,447,'South',1),(1786,447,'East',0),(1787,447,'North',0),(1788,448,'Stress increase',0),(1789,448,'Focus decline',0),(1790,448,'Stress reduction',1),(1791,448,'Physical weakness',0),(1792,449,'Go solar',1),(1793,449,'Burn coal',0),(1794,449,'Use wind energy',1),(1795,449,'Avoid renewable',0),(1796,450,'10.0',0),(1797,450,'15.0',1),(1798,450,'20.0',0),(1799,450,'25.0',0),(1800,451,'2.0',1),(1801,451,'4.0',1),(1802,451,'6.0',1),(1803,451,'8.0',1),(1804,452,'6.0',0),(1805,452,'7.0',0),(1806,452,'8.0',1),(1807,452,'9.0',0),(1808,453,'12.0',1),(1809,453,'15.0',0),(1810,453,'16.0',1),(1811,453,'20.0',1),(1812,454,'30.0',0),(1813,454,'35.0',0),(1814,454,'40.0',1),(1815,454,'45.0',0),(1816,455,'12.5% = 1/8',1),(1817,455,'33.33% = 1/3',1),(1818,455,'20% = 1/4',0),(1819,455,'66.67% = 2/3',1),(1820,456,'1:3',0),(1821,456,'3:1',1),(1822,456,'3:2',0),(1823,456,'2:3',0),(1824,457,'12:10',1),(1825,457,'18:15',1),(1826,457,'24:20',1),(1827,457,'12:15',0),(1828,458,'9.0',0),(1829,458,'10.0',1),(1830,458,'11.0',0),(1831,458,'12.0',0),(1832,459,'6,8,10',1),(1833,459,'4,8,12',0),(1834,459,'7,8,9',1),(1835,459,'5,8,11',1),(1836,460,'50 km/h',0),(1837,460,'55 km/h',0),(1838,460,'60 km/h',1),(1839,460,'65 km/h',0),(1840,461,'10 m/s',0),(1841,461,'600 m/min',1),(1842,461,'720 m/min',1),(1843,461,'9.6 m/s',1),(1844,462,'1 day',0),(1845,462,'2/3 day',1),(1846,462,'2 days',0),(1847,462,'3/2 days',0),(1848,463,'A',1),(1849,463,'B',1),(1850,463,'C',0),(1851,463,'None',0),(1852,464,'0.2',1),(1853,464,'0.25',0),(1854,464,'0.3',0),(1855,464,'0.35',0),(1856,465,'CP=500, SP=450',1),(1857,465,'CP=400, SP=420',0),(1858,465,'CP=250, SP=200',1),(1859,465,'CP=300, SP=310',0),(1860,466,'₹300',0),(1861,466,'₹200',1),(1862,466,'₹250',0),(1863,466,'₹350',0),(1864,467,'Daily EMI',0),(1865,467,'Bank FD',0),(1866,467,'Annual salary',0),(1867,467,'Lending money',1),(1868,468,'400.0',0),(1869,468,'450.0',1),(1870,468,'500.0',0),(1871,468,'550.0',0),(1872,469,'A best',0),(1873,469,'B best',1),(1874,469,'C worst',1),(1875,469,'A worst',0),(1876,470,'All apples are sour',0),(1877,470,'Some fruits are apples',0),(1878,470,'Some apples are fruits',1),(1879,470,'All fruits are apples',0),(1880,471,'All lions are herbivores',0),(1881,471,'No lion is herbivore',1),(1882,471,'All cats are lions',0),(1883,471,'No cat is herbivore',1),(1884,472,'2, 4, 6',1),(1885,472,'2, 3, 4',0),(1886,472,'1, 2, 3',0),(1887,472,'3, 5, 7',0),(1888,473,'3.0',1),(1889,473,'6.0',1),(1890,473,'9.0',0),(1891,473,'1.0',0),(1892,474,'91.0',0),(1893,474,'73.0',1),(1894,474,'87.0',0),(1895,474,'99.0',0),(1896,475,'12.0',1),(1897,475,'18.0',1),(1898,475,'22.0',0),(1899,475,'30.0',1),(1900,476,'270.0',1),(1901,476,'300.0',0),(1902,476,'310.0',0),(1903,476,'330.0',0),(1904,477,'50% = 0.5',1),(1905,477,'25% = 0.25',1),(1906,477,'10% = 1.0',0),(1907,477,'75% = 0.75',1),(1908,478,'₹400:₹600',0),(1909,478,'₹600:₹400',1),(1910,478,'₹500:₹500',0),(1911,478,'₹750:₹250',0),(1912,479,'4:6',1),(1913,479,'6:9',1),(1914,479,'8:12',1),(1915,479,'10:16',0),(1916,480,'30.0',1),(1917,480,'32.0',0),(1918,480,'34.0',0),(1919,480,'36.0',0),(1920,481,'20,25,30',1),(1921,481,'10,20,30,40',0),(1922,481,'15,25,35',1),(1923,481,'25,25,25',1),(1924,482,'10 km',0),(1925,482,'12.5 km',1),(1926,482,'15 km',0),(1927,482,'17.5 km',0),(1928,483,'25 m/s',0),(1929,483,'1500 m/min',1),(1930,483,'22.5 m/s',1),(1931,483,'1600 m/min',0),(1932,484,'7.2 days',1),(1933,484,'8 days',0),(1934,484,'9 days',0),(1935,484,'10 days',0),(1936,485,'A',1),(1937,485,'B',0),(1938,485,'Both same',0),(1939,485,'Can’t say',0),(1940,486,'0.1',0),(1941,486,'0.15',0),(1942,486,'0.2',1),(1943,486,'0.25',0),(1944,487,'CP=250, SP=230',1),(1945,487,'CP=200, SP=180',1),(1946,487,'CP=300, SP=320',0),(1947,487,'CP=100, SP=90',1),(1948,488,'₹210',0),(1949,488,'₹205',0),(1950,488,'₹202.5',1),(1951,488,'₹220',0),(1952,489,'Loan interest',1),(1953,489,'Annual tax',1),(1954,489,'Salary',0),(1955,489,'EMI',0),(1956,490,'0.6',1),(1957,490,'0.25',0),(1958,490,'0.15',0),(1959,490,'All same',0),(1960,491,'A highest',0),(1961,491,'B highest',1),(1962,491,'C lowest',1),(1963,491,'A lowest',0),(1964,492,'Aunt',0),(1965,492,'Niece',0),(1966,492,'Sister',1),(1967,492,'Cousin',0),(1968,493,'R is uncle of T',1),(1969,493,'S is uncle of T',0),(1970,493,'T is nephew of R',1),(1971,493,'S is father of T',1),(1972,494,'HBSEFO',0),(1973,494,'HBSEFM',0),(1974,494,'HBSFEM',1),(1975,494,'IBTFGN',0),(1976,495,'3-1-20',1),(1977,495,'3-2-20',0),(1978,495,'3-1-21',0),(1979,495,'2-1-20',0),(1980,496,'West',0),(1981,496,'East',0),(1982,496,'South',1),(1983,496,'North',0),(1984,497,'North',1),(1985,497,'South',0),(1986,497,'East',0),(1987,497,'West',0),(1988,498,'Coal is better',0),(1989,498,'Solar is outdated',0),(1990,498,'Renewable is expensive',0),(1991,498,'Green energy is critical',1),(1992,499,'13.0',1),(1993,499,'14.0',0),(1994,499,'15.0',0),(1995,499,'12.0',0),(1996,500,'160.0',1),(1997,500,'150.0',0),(1998,500,'170.0',0),(1999,500,'180.0',0),(2000,501,'25.0',0),(2001,501,'30.0',1),(2002,501,'35.0',0),(2003,501,'40.0',0),(2004,502,'9.0',0),(2005,502,'10.0',0),(2006,502,'11.0',1),(2007,502,'12.0',0),(2008,503,'50 km/h',0),(2009,503,'60 km/h',1),(2010,503,'70 km/h',0),(2011,503,'80 km/h',0),(2012,504,'8.0',0),(2013,504,'12.0',0),(2014,504,'14.0',0),(2015,504,'16.0',1),(2016,505,'0.15',0),(2017,505,'0.2',0),(2018,505,'0.25',1),(2019,505,'0.3',0),(2020,506,'₹1000',0),(2021,506,'₹1050',1),(2022,506,'₹1100',0),(2023,506,'₹1200',0),(2024,507,'250.0',0),(2025,507,'275.0',1),(2026,507,'300.0',0),(2027,507,'325.0',0),(2028,508,'4157.0',0),(2029,508,'4156.0',1),(2030,508,'4158.0',0),(2031,508,'4160.0',0),(2032,509,'Mother',0),(2033,509,'Aunt',1),(2034,509,'Sister',0),(2035,509,'Cousin',0),(2036,510,'5 km',1),(2037,510,'6 km',0),(2038,510,'7 km',0),(2039,510,'4 km',0),(2040,511,'15.0',0),(2041,511,'17.0',0),(2042,511,'19.0',1),(2043,511,'21.0',0),(2044,512,'Importance of water',1),(2045,512,'Water scarcity',0),(2046,512,'Pollution',0),(2047,512,'Agriculture',0),(2048,513,'5.0',0),(2049,513,'10.0',0),(2050,513,'15.0',1),(2051,513,'20.0',0),(2052,514,'101011.0',0),(2053,514,'101101.0',1),(2054,514,'1011010.0',0),(2055,514,'101100.0',0),(2056,515,'0.15',0),(2057,515,'0.2',1),(2058,515,'0.25',0),(2059,515,'0.3',0),(2060,516,'48 km/h',0),(2061,516,'50 km/h',1),(2062,516,'52 km/h',0),(2063,516,'55 km/h',0),(2064,517,'0.06',0),(2065,517,'0.07',0),(2066,517,'0.08',1),(2067,517,'0.09',0),(2068,518,'10 min',0),(2069,518,'12 min',1),(2070,518,'15 min',0),(2071,518,'18 min',0),(2072,519,'45720.0',1),(2073,519,'37/100',0),(2074,519,'375/1000',0),(2075,519,'45785.0',0),(2076,520,'160.0',0),(2077,520,'180.0',1),(2078,520,'200.0',0),(2079,520,'150.0',0),(2080,521,'32, 40',0),(2081,521,'28, 44',0),(2082,521,'36, 45',1),(2083,521,'30, 42',0),(2084,522,'29.0',1),(2085,522,'31.0',0),(2086,522,'27.0',0),(2087,522,'33.0',0),(2088,523,'30.0',0),(2089,523,'35.0',0),(2090,523,'40.0',1),(2091,523,'45.0',0),(2092,524,'9.0',0),(2093,524,'8.0',1),(2094,524,'7.0',0),(2095,524,'10.0',0),(2096,525,'₹60',1),(2097,525,'₹55',0),(2098,525,'₹70',0),(2099,525,'₹65',0),(2100,526,'₹900',1),(2101,526,'₹750',0),(2102,526,'₹800',0),(2103,526,'₹850',0),(2104,527,'225.0',1),(2105,527,'225.0',0),(2106,527,'250.0',0),(2107,527,'200.0',0),(2108,528,'54.0',0),(2109,528,'72.0',0),(2110,528,'81.0',1),(2111,528,'90.0',0),(2112,529,'Sister',0),(2113,529,'Mother',1),(2114,529,'Aunt',0),(2115,529,'Grandmother',0),(2116,530,'2120.0',1),(2117,530,'2130.0',0),(2118,530,'2110.0',0),(2119,530,'2140.0',0),(2120,531,'5 km',1),(2121,531,'6 km',0),(2122,531,'7 km',0),(2123,531,'4 km',0),(2124,532,'Start a conversation',1),(2125,532,'Stop talking',0),(2126,532,'Break something',0),(2127,532,'Be quiet',0),(2128,533,'10.0',0),(2129,533,'11.0',1),(2130,533,'12.0',0),(2131,533,'13.0',0),(2132,534,'21.0',0),(2133,534,'31.0',1),(2134,534,'51.0',0),(2135,534,'91.0',0),(2136,535,'0.08',0),(2137,535,'0.0909',1),(2138,535,'0.1',0),(2139,535,'0.11',0),(2140,536,'15.0',0),(2141,536,'20.0',1),(2142,536,'21.0',0),(2143,536,'24.0',0),(2144,537,'70.0',0),(2145,537,'72.0',0),(2146,537,'74.0',1),(2147,537,'76.0',0),(2148,538,'240 km',0),(2149,538,'250 km',0),(2150,538,'260 km',1),(2151,538,'270 km',0),(2152,539,'45785.0',1),(2153,539,'45721.0',0),(2154,539,'45846.0',0),(2155,539,'45691.0',0),(2156,540,'0.08',0),(2157,540,'0.1',0),(2158,540,'0.12',0),(2159,540,'0.09',1),(2160,541,'36 and 45',1),(2161,541,'32 and 49',0),(2162,541,'40 and 41',0),(2163,541,'34 and 47',0),(2164,542,'500 m',0),(2165,542,'450 m',0),(2166,542,'600 m',1),(2167,542,'300 m',0),(2168,543,'125.0',0),(2169,543,'130.0',0),(2170,543,'135.0',1),(2171,543,'140.0',0),(2172,544,'0.16',1),(2173,544,'0.12',0),(2174,544,'0.08',0),(2175,544,'0.18',0),(2176,545,'10 km',1),(2177,545,'12 km',0),(2178,545,'14 km',0),(2179,545,'8 km',0),(2180,546,'36.0',0),(2181,546,'48.0',1),(2182,546,'30.0',0),(2183,546,'46.0',0),(2184,547,'NLGSVI',1),(2185,547,'NLOGVI',0),(2186,547,'NLFHVI',0),(2187,547,'NLOHVI',0),(2188,548,'24 hours',0),(2189,548,'48 hours',0),(2190,548,'18 hours',1),(2191,548,'32 hours',0);
/*!40000 ALTER TABLE `question_options` ENABLE KEYS */;
UNLOCK TABLES;

--
-- Table structure for table `questions`
--

DROP TABLE IF EXISTS `questions`;
/*!40101 SET @saved_cs_client     = @@character_set_client */;
/*!50503 SET character_set_client = utf8mb4 */;
CREATE TABLE `questions` (
  `question_id` int NOT NULL AUTO_INCREMENT,
  `exam_id` int DEFAULT NULL,
  `question_text` text NOT NULL,
  `question_type` enum('MCQ','MSQ','TrueFalse','CodingSnippet') NOT NULL,
  `marks` int DEFAULT '1',
  `subtopic_id` int DEFAULT NULL,
  `difficulty_level` enum('Basic','Intermediate','Advance') NOT NULL DEFAULT 'Intermediate',
  PRIMARY KEY (`question_id`),
  KEY `exam_id` (`exam_id`),
  KEY `subtopic_id` (`subtopic_id`),
  CONSTRAINT `questions_ibfk_1` FOREIGN KEY (`exam_id`) REFERENCES `exams` (`exam_id`) ON DELETE CASCADE,
  CONSTRAINT `questions_ibfk_2` FOREIGN KEY (`subtopic_id`) REFERENCES `subtopics` (`subtopic_id`) ON DELETE CASCADE
) ENGINE=InnoDB AUTO_INCREMENT=549 DEFAULT CHARSET=utf8mb4 COLLATE=utf8mb4_0900_ai_ci;
/*!40101 SET character_set_client = @saved_cs_client */;

--
-- Dumping data for table `questions`
--

LOCK TABLES `questions` WRITE;
/*!40000 ALTER TABLE `questions` DISABLE KEYS */;
INSERT INTO `questions` VALUES (1,1,'Which of the following is a valid data type in C?','MCQ',1,1,'Basic'),(2,1,'What does the \'sizeof\' operator do in C?','MCQ',1,1,'Basic'),(3,1,'What is the output of the following code: printf(\"%d\", 4.5);?','MCQ',1,1,'Basic'),(4,1,'Which of the following is the correct operator to compare equality?','MSQ',1,1,'Basic'),(5,1,'What does the operator % do in C?','MSQ',1,1,'Intermediate'),(6,1,'Which of the following is NOT an arithmetic operator in C?','MSQ',1,1,'Intermediate'),(7,1,'What will the following snippet output? \'int a = 5;a++;printf(\"%d\", a);\'','CodingSnippet',1,1,'Intermediate'),(8,1,'What is the value of  x after executing  \'x = 2 + 3 * 4;\'?','CodingSnippet',1,1,'Intermediate'),(9,1,'What will the following code print? \'int a = 2, b = 3;printf(\"%d\", a * b);\'','CodingSnippet',1,1,'Advance'),(10,1,'What is the output of this code: \'printf(\"%d\", sizeof(int));\'','CodingSnippet',1,1,'Advance'),(11,1,'Which of the following is a valid control flow statement in C?','MCQ',1,2,'Basic'),(12,1,'What is the purpose of the continue statement in C?','MCQ',1,2,'Basic'),(13,1,'Which of the following is NOT a valid loop in C?','MCQ',1,2,'Basic'),(14,1,'What is the output of the following code? for(i=0; i<5; i++) printf(\"%d\", i);','MSQ',1,2,'Basic'),(15,1,'What will happen if you use a break inside a while loop?','MSQ',1,2,'Intermediate'),(16,1,'Which of the following will cause an infinite loop?','MSQ',1,2,'Intermediate'),(17,1,'What is the output of the following code: \'int i = 0; while(i < 3) { printf(\"%d\", i); i++;}\'','CodingSnippet',1,2,'Intermediate'),(18,1,'What is the result of the code below? \'int i = 10;while(i > 0){printf(\"%d\", i);i--;}\'','CodingSnippet',1,2,'Intermediate'),(19,1,'What will this loop output: \'for(int i=0; i<5; i++) printf(\"%d \", i);\'','CodingSnippet',1,2,'Advance'),(20,1,'What will the following code print? \'int i = 3; if(i == 3) printf(\"Yes\");\'','CodingSnippet',1,2,'Advance'),(21,1,'Which of the following is used to declare a function in C?','MCQ',1,3,'Basic'),(22,1,'What is the correct way to call a function in C?','MCQ',1,3,'Basic'),(23,1,'What does the return keyword do in a C function?','MCQ',1,3,'Basic'),(24,1,'Which is the correct syntax for defining a function with parameters?','MSQ',1,3,'Basic'),(25,1,'What is the return type of the following function? int add(int a, int b) { return a + b; }','MCQ',1,3,'Intermediate'),(26,1,'Which of the following is the proper way to declare a function prototype in C?','MSQ',1,3,'Intermediate'),(27,1,'What will be the output of the following code? \'int func(int a, int b) { return a * b; }\'','CodingSnippet',1,3,'Intermediate'),(28,1,'How do you define a function in C that returns nothing?','CodingSnippet',1,3,'Intermediate'),(29,1,'What is the result of this code: \'int x = 10; x += 5; printf(\"%d\", x);\'','CodingSnippet',1,3,'Advance'),(30,1,'What will this code output?  \'int add(int a, int b) { return a + b; } int main() { printf(\"%d\", add(3, 4)); }\'','CodingSnippet',1,3,'Advance'),(31,1,'What does the * operator do in C?','MCQ',1,4,'Basic'),(32,1,'What is the purpose of the & operator in C?','MCQ',1,4,'Basic'),(33,1,'Which of the following is true about pointers in C?','MCQ',1,4,'Basic'),(34,1,'What is the output of this code? int a = 10; int *p = &a; printf(\"%d\", *p);','MSQ',1,4,'Basic'),(35,1,'What happens when you dereference a NULL pointer?','MSQ',1,4,'Intermediate'),(36,1,'Which of the following is correct for dynamic memory allocation in C?','MSQ',1,4,'Intermediate'),(37,1,'What does this code do:\' int *ptr = (int*)malloc(sizeof(int));\'','CodingSnippet',1,4,'Intermediate'),(38,1,'What will this code output?  \'int a = 5; int *p = &a; *p = 10; printf(\"%d\", a);\'','CodingSnippet',1,4,'Intermediate'),(39,1,'What is the result of the following code?  \'int x = 100; printf(\"%p\", &x);\'','CodingSnippet',1,4,'Advance'),(40,1,'How do you free dynamically allocated memory?','CodingSnippet',1,4,'Advance'),(41,1,'What is the purpose of struct in C?','MCQ',1,5,'Basic'),(42,1,'What is the correct way to access the members of a struct in C?','MCQ',1,5,'Basic'),(43,1,'What is a union in C?','MCQ',1,5,'Basic'),(44,1,'What is the result of this code? struct Student { int id; char name[50]; }; struct Student s1; s1.id = 1;','MSQ',1,5,'Basic'),(45,1,'What is the output of the following code?  \'struct Person { int age; }; struct Person p1; p1.age = 25; printf(\"%d\", p1.age);\'','CodingSnippet',1,5,'Intermediate'),(46,1,'Which of the following defines a structure in C?','MSQ',1,5,'Intermediate'),(47,1,'What will this code output?  \'struct Point { int x, y; } p = {1, 2}; printf(\"%d %d\", p.x, p.y);\'','CodingSnippet',1,5,'Intermediate'),(48,1,'What will be the output of this code:  \'union Data { int i; char c; }; union Data u; u.i = 10; u.c = \'A\'; printf(\"%d %c\", u.i, u.c);\'','CodingSnippet',1,5,'Intermediate'),(49,1,'What happens when you assign a new value to a union member in C?','CodingSnippet',1,5,'Advance'),(50,1,'What is the difference between a structure and a union in C?','CodingSnippet',1,5,'Advance'),(51,2,'What is the output of print(5 // 2)?','MCQ',1,6,'Basic'),(52,2,'Which of the following is a valid variable name in Python?','MCQ',1,6,'Basic'),(53,2,'Which of the following methods is used to get the length of a list?','MCQ',1,6,'Basic'),(54,2,'Select all the correct ways to create a list in Python.','MSQ',1,6,'Basic'),(55,2,'Choose the valid ways to declare a tuple.','MSQ',1,6,'Intermediate'),(56,2,'Select all the valid methods to iterate over a dictionary.','MSQ',1,6,'Intermediate'),(57,2,'What is the output of the following code snippet: \'a = [1, 2, 3]; a += [4, 5]\' ?','CodingSnippet',1,6,'Intermediate'),(58,2,'Write a Python code to find the sum of elements in a list.','CodingSnippet',1,6,'Intermediate'),(59,2,'What is the correct syntax to create a dictionary in Python?','CodingSnippet',1,6,'Advance'),(60,2,'Write a Python code to remove duplicates from a list.','CodingSnippet',1,6,'Advance'),(61,2,'What is the output of if True: print(\"Hello\")?','MCQ',1,7,'Basic'),(62,2,'Which of the following is correct syntax for an else if statement in Python?','MCQ',1,7,'Basic'),(63,2,'What is the output of \' x = 3; print(x > 2 and x < 5)\' ?','CodingSnippet',1,7,'Basic'),(64,2,'Select all the valid loop types in Python.','MSQ',1,7,'Basic'),(65,2,'Choose the correct statements about break and continue.','MSQ',1,7,'Intermediate'),(66,2,'Select the valid operators used in Python\'s conditional expression.','MSQ',1,7,'Intermediate'),(67,2,'What is the output of the following code: \'for i in range(1, 5): print(i)\'?','CodingSnippet',1,7,'Intermediate'),(68,2,'Write a Python code to print the numbers from 1 to 10 using while loop.','CodingSnippet',1,7,'Intermediate'),(69,2,'Write a Python program to check if a number is even or odd.','CodingSnippet',1,7,'Advance'),(70,2,'Write a Python code to create a while loop that stops at 10.','CodingSnippet',1,7,'Advance'),(71,2,'Which of the following is a feature of a function in Python?','MCQ',1,8,'Basic'),(72,2,'What is the default return value of a function that doesn\'t explicitly return anything?','MCQ',1,8,'Basic'),(73,2,'What is the syntax for creating a function in Python?','MCQ',1,8,'Basic'),(74,2,'Select all the valid ways to pass arguments to a function in Python.','MSQ',1,8,'Basic'),(75,2,'Which of the following are valid types of function arguments in Python?','MSQ',1,8,'Intermediate'),(76,2,'Which of the following can be returned from a Python function?','MSQ',1,8,'Intermediate'),(77,2,'What is the output of the following code: \'def add(a, b): return a + b; print(add(2, 3))\'?','CodingSnippet',1,8,'Intermediate'),(78,2,'Write a Python function that returns the square of a number.','CodingSnippet',1,8,'Intermediate'),(79,2,'Write a Python function to calculate the factorial of a number using recursion.','CodingSnippet',1,8,'Advance'),(80,2,'Write a Python function to check whether a number is prime or not.','CodingSnippet',1,8,'Advance'),(81,2,'Which of the following is true about OOP in Python?','MCQ',1,9,'Basic'),(82,2,'What is the purpose of the __init__ method in Python?','MCQ',1,9,'Basic'),(83,2,'Which of the following is the correct way to inherit a class in Python?','MCQ',1,9,'Basic'),(84,2,'Select all the features of Object-Oriented Programming in Python.','MSQ',1,9,'Basic'),(85,2,'Choose the correct statements about inheritance.','MSQ',1,9,'Intermediate'),(86,2,'What is the output of the following code: \'class Car: def __init__(self, brand): self.brand = brand; car = Car(\"Toyota\"); print(car.brand)\'?','CodingSnippet',1,9,'Intermediate'),(87,2,'Write a Python class Person with attributes name and age and a method greet that prints \"Hello, [name]\".','CodingSnippet',1,9,'Intermediate'),(88,2,'Write a Python class Circle with method area() to calculate the area of a circle with given radius.','CodingSnippet',1,9,'Intermediate'),(89,2,'Write a Python class Employee that includes methods to set and get employee name and salary.','CodingSnippet',1,9,'Advance'),(90,2,'Write a Python class Book with attributes title, author, and price.','CodingSnippet',1,9,'Advance'),(91,2,'Which of the following is a correct file opening mode for writing in a file?','MCQ',1,10,'Basic'),(92,2,'What happens if you try to read a file that does not exist in Python?','MCQ',1,10,'Basic'),(93,2,'What is the output of the following code: with open(\"test.txt\", \"w\") as f: f.write(\"Hello\")?','MCQ',1,10,'Basic'),(94,2,'Select all the valid file opening modes.','MSQ',1,10,'Basic'),(95,2,'Which of the following statements is true about file handling in Python?','MSQ',1,10,'Intermediate'),(96,2,'What does the w mode do when opening a file?','MSQ',1,10,'Intermediate'),(97,2,'Write a Python code to read a file and print its contents.','CodingSnippet',1,10,'Intermediate'),(98,2,'Write a Python code to append text to a file.','CodingSnippet',1,10,'Intermediate'),(99,2,'Write a Python code to read a file line by line.','CodingSnippet',1,10,'Advance'),(100,2,'Write a Python code to check if a file exists before opening it.','CodingSnippet',1,10,'Advance'),(101,4,'What is the default value of an instance variable in Java?','MCQ',1,11,'Basic'),(102,4,'Which of the following is not a valid data type in Java?','MCQ',1,11,'Basic'),(103,4,'Which keyword is used to create a constant in Java?','MCQ',1,11,'Basic'),(104,4,'What will be the output of the following code: System.out.println(5 + 10 + \"Hello\");?','MSQ',1,11,'Basic'),(105,4,'Which of the following statements is true about the == operator in Java?','MSQ',1,11,'Intermediate'),(106,4,'Which of the following is used to create a single-line comment in Java?','CodingSnippet',1,11,'Intermediate'),(107,4,'What is the output of \'String name = \"John\";  System.out.println(name.length());\'?','CodingSnippet',1,11,'Intermediate'),(108,4,'What will the following code print? \'System.out.println(\"5\" + 5);\'','CodingSnippet',1,11,'Intermediate'),(109,4,'Which operator is used to concatenate strings in Java?','CodingSnippet',1,11,'Advance'),(110,4,'How do you define a constant in Java?','CodingSnippet',1,11,'Advance'),(111,4,'Which of the following is a valid way to write an if condition in Java?','MCQ',1,12,'Basic'),(112,4,'What is the output of the following code: \'int x = 3; if (x == 3) { System.out.println(\"Hello\"); } else { System.out.println(\"Bye\"); }\'?','CodingSnippet',1,12,'Basic'),(113,4,'Which of the following loops in Java is guaranteed to execute at least once?','MCQ',1,12,'Basic'),(114,4,'Which of the following statements is correct regarding the break statement in loops?','MSQ',1,12,'Basic'),(115,4,'What is the result of the following code: \'int i = 5; while (i < 10) { i++; }\'?','CodingSnippet',1,12,'Intermediate'),(116,4,'What is the output of the following code: \'int i = 5; for (i = 0; i < 3; i++) { System.out.println(i); }\'?','CodingSnippet',1,12,'Intermediate'),(117,4,'What is the output of the following code: \'int i = 0; do { System.out.println(i); i++; } while (i < 3);\'?','CodingSnippet',1,12,'Intermediate'),(118,4,'What is the purpose of the continue statement in a loop?','CodingSnippet',1,12,'Intermediate'),(119,4,'What is the output of the following code: \'for (int i = 0; i < 5; i++) { if (i == 3) break; System.out.println(i); }\'?','CodingSnippet',1,12,'Advance'),(120,4,'What will the output of the following code be? \'int[] arr = {1, 2, 3}; for (int i : arr) { System.out.println(i); }\'','CodingSnippet',1,12,'Advance'),(121,4,'What is the correct way to declare a class in Java?','MCQ',1,12,'Basic'),(122,4,'What is the purpose of the this keyword in Java?','MCQ',1,12,'Basic'),(123,4,'Which method is used to get the length of an array in Java?','MCQ',1,12,'Basic'),(124,4,'What is the output of the following code: \'class Test { int x; Test(int x) { this.x = x; } }\'?','CodingSnippet',1,13,'Basic'),(125,4,'What is the result of the following code: class Example { int x = 10; Example() { x = 20; } }?','CodingSnippet',1,13,'Intermediate'),(126,4,'What will the following code output? \'class Example { int x = 10; void setX(int x) { this.x = x; } }\'','CodingSnippet',1,13,'Intermediate'),(127,4,'What is the correct syntax for creating an object in Java?','CodingSnippet',1,13,'Intermediate'),(128,4,'What will be the output of this code? \' class Car { String color; Car(String color) { this.color = color; } } Car c = new Car(\"Red\"); System.out.println(c.color); \'','CodingSnippet',1,13,'Intermediate'),(129,4,'What is the purpose of the super() keyword in Java?','CodingSnippet',1,13,'Advance'),(130,4,'What is the result of the following code? \' class Animal { void sound() { System.out.println(\"Animal Sound\"); } } class Dog extends Animal { void sound() { System.out.println(\"Bark\"); } }\'','CodingSnippet',1,13,'Advance'),(131,4,'Which of the following statements about exceptions is true?','MCQ',1,14,'Basic'),(132,4,'What is the output of the following code:\' try { int a = 10 / 0; } catch (Exception e) { System.out.println(\"Exception caught\"); }\'','MCQ',1,14,'Basic'),(133,4,'Which type of exception can be handled at runtime?','MCQ',1,14,'Basic'),(134,4,'What will be the output of the following code: \'try { throw new Exception(\"Hello\"); } catch (Exception e) { System.out.println(e.getMessage()); }\'?','CodingSnippet',1,14,'Basic'),(135,4,'What is the output of the following code: \'try { int x = 5 / 0; } catch (ArithmeticException e) { System.out.println(\"Arithmetic Exception\"); } catch (Exception e) { System.out.println(\"Exception\"); }\'?','CodingSnippet',1,14,'Intermediate'),(136,4,'What is the purpose of the finally block in Exception Handling?','MCQ',1,14,'Intermediate'),(137,4,'What is the result of the following code: \' try { System.out.println(\"Try Block\"); } finally { System.out.println(\"Finally Block\"); } \'?','CodingSnippet',1,14,'Intermediate'),(138,4,'How do you catch multiple exceptions in a single catch block in Java?','CodingSnippet',1,14,'Intermediate'),(139,4,'What is the output of the following code: \'int[] arr = new int[5]; System.out.println(arr[10]);\'?','CodingSnippet',1,14,'Advance'),(140,4,'How do you manually throw an exception in Java?','CodingSnippet',1,14,'Advance'),(141,4,'What does the ArrayList class in Java implement?','MCQ',1,15,'Basic'),(142,4,'Which method of the ArrayList class is used to add an element?','MCQ',1,15,'Basic'),(143,4,'What will happen if you try to add a null element to a List in Java?','MCQ',1,15,'Basic'),(144,4,'Which of the following classes implement the Map interface in Java?','MSQ',1,15,'Basic'),(145,4,'Which of the following methods removes an element from an ArrayList?','MSQ',1,15,'Intermediate'),(146,4,'Which method is used to retrieve an element from an ArrayList?','MCQ',1,15,'Intermediate'),(147,4,'What is the output of the following code: \'List<String> list = new ArrayList<>(); list.add(\"Hello\"); System.out.println(list.get(0));\'?','CodingSnippet',1,15,'Intermediate'),(148,4,'What will the following code output? \'Map<Integer, String> map = new HashMap<>(); map.put(1, \"One\"); System.out.println(map.get(1));\'','CodingSnippet',1,15,'Intermediate'),(149,4,'What is the result of the following code? Set<String> set = new HashSet<>(); set.add(\"Apple\"); set.add(\"Banana\"); System.out.println(set.size());','CodingSnippet',1,15,'Advance'),(150,4,'What will be the output of the following code: \'List<Integer> list = new ArrayList<>(); list.add(5); list.add(10); System.out.println(list.contains(5));\'','CodingSnippet',1,15,'Advance'),(151,14,' What is the remainder when 2^53 is divided by 5?                         ','MCQ',1,16,'Advance'),(152,14,' Which of the following numbers are divisible by both 3 and 11?           ','MSQ',1,16,'Intermediate'),(153,14,' If a number is increased by 20% and then decreased by 20%, net change?   ','MCQ',1,17,'Basic'),(154,14,' Which of the following represent 25%?                                    ','MSQ',1,17,'Basic'),(155,14,' A:B = 2:3 and B:C = 4:5. What is A:C?                                    ','MCQ',1,18,'Intermediate'),(156,14,' Which ratios are equivalent to 3:4?                                      ','MSQ',1,18,'Basic'),(157,14,' Average of first 5 even numbers?                                          ','MCQ',1,19,'Basic'),(158,14,' Which averages are equal to 20?                                          ','MSQ',1,19,'Intermediate'),(159,14,' A train 150m long runs at 60 km/h. Time to cross a pole?                 ','MCQ',1,20,'Advance'),(160,14,' Which speeds are equal to 60 km/h?                                       ','MSQ',1,20,'Intermediate'),(161,14,' A can do a work in 20 days, B in 30. Days to complete together?          ','MCQ',1,21,'Intermediate'),(162,14,' Who can complete more work per day?                                      ','MSQ',1,21,'Intermediate'),(163,14,' Profit% if CP = 100 and SP = 120?                                        ','MCQ',1,22,'Basic'),(164,14,' Which are examples of loss?                                               ','MSQ',1,22,'Basic'),(165,14,' CI on ₹1000 at 10% p.a. for 2 years?                                     ','MCQ',1,23,'Advance'),(166,14,' Which cases apply CI formula A = P(1+R/100)^T?                           ','MSQ',1,23,'Intermediate'),(167,14,' Average sales shown in bar chart: Jan=10, Feb=20, Mar=30?                ','MCQ',1,24,'Basic'),(168,14,' From pie chart: A=40%, B=30%, C=30%. Who sold more or equal?             ','MSQ',1,24,'Basic'),(169,14,' Tom is taller than Jack, shorter than Harry. Who is shortest?            ','MCQ',1,25,'Intermediate'),(170,14,' Based on logic: Some cats are dogs, All dogs are animals. Conclusion?    ','MSQ',1,25,'Intermediate'),(171,14,' A is B’s brother, C is B’s sister. A\'s relation to C?                    ','MCQ',1,26,'Advance'),(172,14,' P is Q and R’s mother. S is father of R. S is to Q?                      ','MSQ',1,26,'Intermediate'),(173,14,' If CAT = DBU, what is DOG?                                               ','MCQ',1,27,'Advance'),(174,14,' If STAY = TUAZ, how is SLEEP coded?                                      ','MSQ',1,27,'Advance'),(175,14,' Facing South, turn left, then left again. Now facing?                    ','MCQ',1,28,'Basic'),(176,14,' Walk 3km North, 4km East. Distance and direction from start?             ','MSQ',1,28,'Intermediate'),(177,14,' Passage: AI is transforming industries. What’s the main idea?            ','MCQ',1,29,'Intermediate'),(178,14,' What does the author suggest in the paragraph?                           ','MSQ',1,29,'Advance'),(179,14,' If X = 2, Y = 3, IF X>Y THEN PRINT X ELSE PRINT Y?                       ','MCQ',1,30,'Basic'),(180,14,' Pseudocode: sum=0; for i=1 to 3 sum+=i. Value of sum?                    ','MSQ',1,30,'Basic'),(181,14,' What is the sum of first 10 odd numbers?                                 ','MCQ',1,16,'Basic'),(182,14,' Which are divisible by 9?                                                ','MSQ',1,16,'Intermediate'),(183,14,' If 20% of x is 40, what is x?                                            ','MCQ',1,17,'Basic'),(184,14,' Select valid % to fraction pairs                                         ','MSQ',1,17,'Intermediate'),(185,14,' If 5 pens cost ₹75, cost of 8 pens?                                      ','MCQ',1,18,'Intermediate'),(186,14,' Choose equivalent ratios of 5:8                                          ','MSQ',1,18,'Advance'),(187,14,' Find average of 10, 20, 30, 40, 50                                       ','MCQ',1,19,'Basic'),(188,14,' Which group of numbers have average 20?                                  ','MSQ',1,19,'Intermediate'),(189,14,' A car covers 180 km in 3 hours. Speed?                                   ','MCQ',1,20,'Basic'),(190,14,' Choose speeds equal to 72 km/h                                           ','MSQ',1,20,'Intermediate'),(191,14,' A can do a task in 15 days, B in 20. Combined time?                      ','MCQ',1,21,'Intermediate'),(192,14,' Who completes more work/day?                                             ','MSQ',1,21,'Advance'),(193,14,' Loss % if CP = ₹300, SP = ₹240                                           ','MCQ',1,22,'Basic'),(194,14,' Choose examples of profit situations                                     ','MSQ',1,22,'Basic'),(195,14,' SI on ₹1500 at 10% for 3 years?                                          ','MCQ',1,23,'Intermediate'),(196,14,' Which are cases of CI application?                                       ','MSQ',1,23,'Intermediate'),(197,14,' If sales in Jan=40, Feb=50, Mar=60. Avg?                                 ','MCQ',1,24,'Basic'),(198,14,' Who performed better: A: 30, 50, 70 or B: 40, 40, 40?                     ','MSQ',1,24,'Intermediate'),(199,14,' If A is left of B, B is left of C. Who is in the middle?                 ','MCQ',1,25,'Advance'),(200,14,' Choose valid conclusions: All apples are red. Some red are tasty.        ','MSQ',1,25,'Intermediate'),(201,14,' M is daughter of P. P is father of R. How is M related to R?             ','MCQ',1,26,'Advance'),(202,14,' Identify correct relationships:                                          ','MSQ',1,26,'Intermediate'),(203,14,' If EAR = FBS, then TEA = ?                                               ','MCQ',1,27,'Advance'),(204,14,' Decode: ROOM = SPPN, then MOON = ?                                       ','MSQ',1,27,'Advance'),(205,14,' Walk 6 km North, then 8 km East. Distance from start?                    ','MCQ',1,28,'Basic'),(206,14,' Direction facing test: Start East, turn right, left, right. Facing?      ','MSQ',1,28,'Intermediate'),(207,14,' Passage says online learning is increasing. What is the cause?           ','MCQ',1,29,'Basic'),(208,14,' Author recommends online education for?                                  ','MSQ',1,29,'Intermediate'),(209,14,' Pseudocode: for i = 1 to 4, print i*i. Last output?                      ','MCQ',1,30,'Basic'),(210,14,' Choose correct logic outputs: i=1 to 3, print i+2                        ','MSQ',1,30,'Intermediate'),(211,14,' Statement: All engineers are logical. All logical are thinkers.          ','MCQ',1,25,'Advance'),(212,14,' Based on logic: All boys are students. Some students are girls.          ','MSQ',1,25,'Intermediate'),(213,14,' If A is B\'s father and B is C\'s brother, A is to C?                      ','MCQ',1,26,'Intermediate'),(214,14,' Choose all correct relations:                                             ','MSQ',1,26,'Basic'),(215,14,' In a code, TREE = USFF. What is ROOT?                                    ','MCQ',1,27,'Intermediate'),(216,14,' Decode if: PEN = QFO, PAN = QBO, PIN = QJO                               ','MSQ',1,27,'Advance'),(217,14,' A person walks 10 km East, then 10 km South. Where is he now?            ','MCQ',1,28,'Intermediate'),(218,14,' Choose possible directions from North after 3 left turns                 ','MSQ',1,28,'Advance'),(219,14,' Author claims online learning is flexible. What does flexible mean?      ','MCQ',1,29,'Basic'),(220,14,' Inferences from passage on pollution:                                    ','MSQ',1,29,'Intermediate'),(221,14,' Pseudocode: if x=3, y=4, print x*y                                       ','MCQ',1,30,'Basic'),(222,14,' Loop from 1 to 5, print even numbers only                                ','MSQ',1,30,'Intermediate'),(223,14,' Which of these is not a prime?                                           ','MCQ',1,16,'Basic'),(224,14,' Identify multiples of 11                                                 ','MSQ',1,16,'Advance'),(225,14,' 10% of what number is 45?                                                ','MCQ',1,17,'Basic'),(226,14,' Valid decimal equivalents:                                               ','MSQ',1,17,'Advance'),(227,14,' Distribute ₹600 in 2:1 ratio                                             ','MCQ',1,18,'Intermediate'),(228,14,' Ratios equal to 4:5                                                      ','MSQ',1,18,'Advance'),(229,14,' Average of 12, 14, 16, 18, 20?                                           ','MCQ',1,19,'Basic'),(230,14,' Which groups have average = 10?                                          ','MSQ',1,19,'Intermediate'),(231,14,' A bus covers 300 km in 5 hours. Speed?                                   ','MCQ',1,20,'Basic'),(232,14,' Speeds equal to 100 km/h                                                 ','MSQ',1,20,'Advance'),(233,14,' A finishes work in 6 days, B in 12. Work together?                       ','MCQ',1,21,'Intermediate'),(234,14,' Pick efficient workers: A=10 days, B=12 days, C=15 days                  ','MSQ',1,21,'Intermediate'),(235,14,' CP = ₹800, Profit = 25%. SP?                                             ','MCQ',1,22,'Advance'),(236,14,' Choose all profit cases                                                  ','MSQ',1,22,'Basic'),(237,14,' CI for ₹5000 at 10% for 1 year                                           ','MCQ',1,23,'Basic'),(238,14,' Choose all CI situations                                                 ','MSQ',1,23,'Intermediate'),(239,14,' Sales in Jan=100, Feb=150, Mar=200. Avg?                                 ','MCQ',1,24,'Basic'),(240,14,' From chart: A=60, B=50, C=70. Who had max and min?                       ','MSQ',1,24,'Intermediate'),(241,14,' Statement: Some pens are blue. All blue are ink pens.                    ','MCQ',1,25,'Advance'),(242,14,' Logical pairs: All cats are animals. Some animals are wild.              ','MSQ',1,25,'Intermediate'),(243,14,' X is Y’s father, Y is Z’s son. X is to Z?                                ','MCQ',1,26,'Intermediate'),(244,14,' Identify correct blood relations                                         ','MSQ',1,26,'Basic'),(245,14,' CODE = DPEF. Then TEST = ?                                               ','MCQ',1,27,'Advance'),(246,14,' Decode similar pattern: PLAN = QMBM, BOAT = ?                            ','MSQ',1,27,'Advance'),(247,14,' Start facing East. Turn right, then right again. Now facing?             ','MCQ',1,28,'Basic'),(248,14,' From North, two left turns and one right. Facing?                        ','MSQ',1,28,'Intermediate'),(249,14,' Author mentions benefits of yoga. One of them is?                        ','MCQ',1,29,'Basic'),(250,14,' From passage: \"Renewables reduce carbon.\" Choose inferences              ','MSQ',1,29,'Intermediate'),(251,14,' Pseudocode: If x = 5 and y = 10, z = x + y. Value of z?                  ','MCQ',1,30,'Advance'),(252,14,' Loop 1 to 4, print i*2. Valid outputs?                                   ','MSQ',1,30,'Intermediate'),(253,14,' How many prime numbers between 1 and 20?                                 ','MCQ',1,16,'Basic'),(254,14,' Multiples of 4 from list: 12, 15, 16, 20                                 ','MSQ',1,16,'Basic'),(255,14,' What is 12.5% of 320?                                                    ','MCQ',1,17,'Advance'),(256,14,' Select percentage–fraction matches                                        ','MSQ',1,17,'Basic'),(257,14,' Ratio 9:3 simplified is?                                                  ','MCQ',1,18,'Advance'),(258,14,' Equivalent to 6:5                                                         ','MSQ',1,18,'Intermediate'),(259,14,' Average of 6, 8, 10, 12, 14?                                              ','MCQ',1,19,'Basic'),(260,14,' Groups with average 8:                                                   ','MSQ',1,19,'Intermediate'),(261,14,' Bike moves 240 km in 4 hrs. Speed?                                       ','MCQ',1,20,'Basic'),(262,14,' Match speeds equal to 36 km/h                                            ','MSQ',1,20,'Advance'),(263,14,' A = 1 work/day, B = 0.5 work/day. Time to complete 1 work together?       ','MCQ',1,21,'Intermediate'),(264,14,' Select faster workers: A=8, B=10, C=12 (days to complete)                 ','MSQ',1,21,'Advance'),(265,14,' Profit of ₹50 on CP ₹200. Profit %?                                      ','MCQ',1,22,'Basic'),(266,14,' Which are loss cases?                                                    ','MSQ',1,22,'Intermediate'),(267,14,' SI on ₹3000 at 5% for 2 years?                                            ','MCQ',1,23,'Basic'),(268,14,' Choose only SI cases:                                                     ','MSQ',1,23,'Intermediate'),(269,14,' Table shows sales: Q1=100, Q2=150, Q3=200. Total?                        ','MCQ',1,24,'Basic'),(270,14,' From table: A=80, B=90, C=70. Who performed best & worst?                 ','MSQ',1,24,'Advance'),(271,14,' Statement: All apples are fruits. Some fruits are sour.                   ','MCQ',1,25,'Advance'),(272,14,' Logic: All lions are cats. No cat is herbivore.                          ','MSQ',1,25,'Intermediate'),(273,14,' Pseudocode: for i = 1 to 3, print i+i                                     ','MCQ',1,30,'Basic'),(274,14,' Logic to print only numbers divisible by 3 from 1–6                       ','MSQ',1,30,'Intermediate'),(275,14,' Which of these is a prime number?                                        ','MCQ',1,16,'Basic'),(276,14,' Identify all numbers divisible by 6                                      ','MSQ',1,16,'Intermediate'),(277,14,' 30% of a number is 90. Find the number.                                  ','MCQ',1,17,'Basic'),(278,14,' Match percentages with their decimal values                              ','MSQ',1,17,'Advance'),(279,14,' Divide ₹1000 in the ratio 3:2                                            ','MCQ',1,18,'Advance'),(280,14,' Which ratios are equivalent to 2:3?                                      ','MSQ',1,18,'Intermediate'),(281,14,' What is the average of 18, 24, 30, 36, 42?                               ','MCQ',1,19,'Advance'),(282,14,' Select the sets with average equal to 25                                 ','MSQ',1,19,'Intermediate'),(283,14,' A man walks at 5 km/hr. How far in 2.5 hours?                            ','MCQ',1,20,'Basic'),(284,14,' Speeds equivalent to 90 km/h                                             ','MSQ',1,20,'Advance'),(285,14,' C can do a task in 12 days, D in 18 days. Time together?                 ','MCQ',1,21,'Intermediate'),(286,14,' Who is faster: A = 10 days, B = 15 days                                  ','MSQ',1,21,'Basic'),(287,14,' SP = ₹120, CP = ₹100. Profit %?                                          ','MCQ',1,22,'Basic'),(288,14,' Select examples with loss situations                                     ','MSQ',1,22,'Intermediate'),(289,14,' Find CI for ₹2000, 5% interest, 2 years                                  ','MCQ',1,23,'Intermediate'),(290,14,' Simple Interest examples                                                  ','MSQ',1,23,'Basic'),(291,14,' If a pie chart shows 60%, 25%, 15%, which is largest?                    ','MCQ',1,24,'Basic'),(292,14,' In a chart, A=50, B=70, C=60. Highest and lowest?                        ','MSQ',1,24,'Intermediate'),(293,14,' Pointing to a woman, John says, “She is the daughter of my mother’s only son.” Who is she to John? ','MCQ',1,26,'Advance'),(294,14,' Choose valid relationships based on: “R is the brother of S, who is the father of T.” ','MSQ',1,26,'Advance'),(295,14,' If in a certain code, FLOWER is written as GMPXFS, then GARDEN is?     ','MCQ',1,27,'Advance'),(296,14,' Choose correct codes for \'CAT\': A=1, B=2... Z=26                       ','MSQ',1,27,'Advance'),(297,14,' You are facing North, turn left, then right, then right again. Final direction? ','MCQ',1,28,'Intermediate'),(298,14,' From East, turn right → walk 10m → left → walk 5m. Direction now?      ','MSQ',1,28,'Intermediate'),(299,14,' Passage: “Renewable energy is the future.” Which is a valid inference? ','MCQ',1,29,'Advance'),(300,14,'Convert 1101₂ to decimal.','MCQ',1,16,'Basic'),(301,14,'What is 25% of 640?','MCQ',1,17,'Basic'),(302,14,'The ratio of boys to girls is 3:2. If there are 45 boys, how many girls are there?','MCQ',1,18,'Intermediate'),(303,14,'The average of 5, 8, 12, 15 is:','MCQ',1,19,'Basic'),(304,14,'A train travels 120 km in 2 hours. What is its speed?','MCQ',1,20,'Basic'),(305,14,'If 12 workers complete a task in 8 days, how many days will 6 workers take?','MCQ',1,21,'Intermediate'),(306,14,'A shopkeeper gains ₹150 on selling a shirt for ₹750. Find the profit percentage.','MCQ',1,22,'Intermediate'),(307,14,'Find the compound interest on ₹5000 at 10% per annum for 2 years.','MCQ',1,23,'Advance'),(308,14,'The bar graph shows sales in 4 months: Jan (200), Feb (250), Mar (300), Apr (350). What is the average sales?','MCQ',1,24,'Intermediate'),(309,14,'If ‘CAT’ is coded as 3120, ‘DOG’ is coded as: (A=1, B=2...)','MCQ',1,27,'Intermediate'),(310,14,'A is the father of B, C is the sister of A. How is C related to B?','MCQ',1,26,'Basic'),(311,14,'A person walks 4 km north, then 3 km east. How far is he from the starting point?','MCQ',1,28,'Intermediate'),(312,14,'The sum of three consecutive odd numbers is 51. What is the largest number?','MCQ',1,25,'Intermediate'),(313,14,'Choose the correct answer from the passage: “Water is essential for life...” (Passage omitted for brevity) — What is the main idea?','MCQ',1,29,'Basic'),(314,14,'If x = 5, y = 10, what will the flowchart output: Start → z = x + y → Print z?','MCQ',1,30,'Basic'),(315,14,'Convert decimal 45 to binary.','MCQ',1,16,'Intermediate'),(316,14,'A’s salary increased from ₹20000 to ₹24000. What is the percentage increase?','MCQ',1,17,'Basic'),(317,14,'A car travels 150 km in 3 hours, then 100 km in 2 hours. Find the average speed.','MCQ',1,20,'Intermediate'),(318,14,'A sum of ₹8000 becomes ₹9200 in 2 years at simple interest. Find the rate of interest.','MCQ',1,23,'Intermediate'),(319,14,'Two pipes fill a tank in 20 min and 30 min respectively. Together, they fill it in:','MCQ',1,21,'Advance'),(320,14,'Convert 0.375 to its simplest fractional form.','MCQ',1,16,'Basic'),(321,14,'If 25% of a number is 45, find the number.','MCQ',1,17,'Basic'),(322,14,'The ratio of two numbers is 4:5. If their sum is 72, find the numbers.','MCQ',1,18,'Intermediate'),(323,14,'The average of five consecutive odd numbers is 25. Find the largest number.','MCQ',1,19,'Intermediate'),(324,14,'A train covers 120 km in 3 hours. What is its speed in km/h?','MCQ',1,20,'Basic'),(325,14,'If 6 workers can finish a job in 12 days, how many days will 8 workers take?','MCQ',1,21,'Intermediate'),(326,14,'A shopkeeper buys a pen for ₹50 and sells it at a profit of 20%. Find the selling price.','MCQ',1,22,'Basic'),(327,14,'The simple interest on ₹5000 for 3 years at 6% p.a. is:','MCQ',1,23,'Basic'),(328,14,'The table shows monthly sales of a product in units: Jan-200, Feb-250, Mar-300, Apr-150. What is the average monthly sales?','MCQ',1,24,'Intermediate'),(329,14,'Find the missing number: 3, 9, 27, ?, 243','MCQ',1,25,'Intermediate'),(330,14,'A is the mother of B. C is the brother of B. How is A related to C?','MCQ',1,26,'Basic'),(331,14,'In a code, CAT = 3120. If DOG = 4157, what is BAT?','MCQ',1,27,'Intermediate'),(332,14,'A person walks 3 km north, then 4 km east. How far is he from the starting point?','MCQ',1,28,'Basic'),(333,14,'Choose the correct meaning of the phrase: \"Break the ice\".','MCQ',1,29,'Basic'),(334,14,'Refer to the given flowchart: If input is 4, output is? [Flowchart: Multiply by 2 → Add 3 → Output]','MCQ',1,30,'Basic'),(335,14,'Which of the following is a prime number?','MCQ',1,16,'Basic'),(336,14,'If the price of sugar increases by 10%, by what percent must consumption be reduced to keep expenditure constant?','MCQ',1,17,'Intermediate'),(337,14,'The ratio of ages of A and B is 5:7. After 6 years, the ratio will be 3:4. Find A\'s present age.','MCQ',1,18,'Advance'),(338,14,'The average marks of 4 students is 50. If one more student’s marks are added, the average becomes 54. Find the marks of the 5th student.','MCQ',1,19,'Intermediate'),(339,14,'A car travels at 60 km/h for 2 hours and then at 80 km/h for 1.5 hours. Find the total distance covered.','MCQ',1,20,'Intermediate'),(340,14,'Convert 0.625 to a fraction in simplest form.','MCQ',1,16,'Basic'),(341,14,'A shopkeeper marks up goods by 20% and offers a discount of 10%. What is the overall gain percentage?','MCQ',1,22,'Intermediate'),(342,14,'The ratio of two numbers is 4:5, and their sum is 81. Find the numbers.','MCQ',1,18,'Basic'),(343,14,'A train runs at 60 km/h and crosses a pole in 30 seconds. Find the length of the train.','MCQ',1,20,'Intermediate'),(344,14,'If the average of 5 numbers is 27, what is their total sum?','MCQ',1,19,'Basic'),(345,14,'A sum of money triples in 12 years at simple interest. Find the rate of interest per annum.','MCQ',1,23,'Intermediate'),(346,14,'Point Q is 6 km North of Point P. Point R is 8 km East of Point Q. Find the shortest distance from P to R.','MCQ',1,28,'Intermediate'),(347,14,'Find the missing number in the sequence: 3, 6, 12, 24, ?','MCQ',1,25,'Basic'),(348,14,'Which of the following correctly represents “MOTHER” in reverse coding if A=Z, B=Y, C=X...?','MCQ',1,27,'Intermediate'),(349,14,'A tap fills a tank in 8 hours, while another tap empties it in 12 hours. If both taps are opened together, how long will it take to fill the tank?','MCQ',1,21,'Intermediate'),(350,15,' What is the remainder when 2^53 is divided by 5?                         ','MCQ',1,16,'Advance'),(351,15,' Which of the following numbers are divisible by both 3 and 11?           ','MSQ',1,16,'Intermediate'),(352,15,' If a number is increased by 20% and then decreased by 20%, net change?   ','MCQ',1,17,'Basic'),(353,15,' Which of the following represent 25%?                                    ','MSQ',1,17,'Basic'),(354,15,' A:B = 2:3 and B:C = 4:5. What is A:C?                                    ','MCQ',1,18,'Intermediate'),(355,15,' Which ratios are equivalent to 3:4?                                      ','MSQ',1,18,'Basic'),(356,15,' Average of first 5 even numbers?                                          ','MCQ',1,19,'Basic'),(357,15,' Which averages are equal to 20?                                          ','MSQ',1,19,'Intermediate'),(358,15,' A train 150m long runs at 60 km/h. Time to cross a pole?                 ','MCQ',1,20,'Advance'),(359,15,' Which speeds are equal to 60 km/h?                                       ','MSQ',1,20,'Intermediate'),(360,15,' A can do a work in 20 days, B in 30. Days to complete together?          ','MCQ',1,21,'Intermediate'),(361,15,' Who can complete more work per day?                                      ','MSQ',1,21,'Intermediate'),(362,15,' Profit% if CP = 100 and SP = 120?                                        ','MCQ',1,22,'Basic'),(363,15,' Which are examples of loss?                                               ','MSQ',1,22,'Basic'),(364,15,' CI on ₹1000 at 10% p.a. for 2 years?                                     ','MCQ',1,23,'Advance'),(365,15,' Which cases apply CI formula A = P(1+R/100)^T?                           ','MSQ',1,23,'Intermediate'),(366,15,' Average sales shown in bar chart: Jan=10, Feb=20, Mar=30?                ','MCQ',1,24,'Basic'),(367,15,' From pie chart: A=40%, B=30%, C=30%. Who sold more or equal?             ','MSQ',1,24,'Basic'),(368,15,' Tom is taller than Jack, shorter than Harry. Who is shortest?            ','MCQ',1,25,'Intermediate'),(369,15,' Based on logic: Some cats are dogs, All dogs are animals. Conclusion?    ','MSQ',1,25,'Intermediate'),(370,15,' A is B’s brother, C is B’s sister. A\'s relation to C?                    ','MCQ',1,26,'Advance'),(371,15,' P is Q and R’s mother. S is father of R. S is to Q?                      ','MSQ',1,26,'Intermediate'),(372,15,' If CAT = DBU, what is DOG?                                               ','MCQ',1,27,'Advance'),(373,15,' If STAY = TUAZ, how is SLEEP coded?                                      ','MSQ',1,27,'Advance'),(374,15,' Facing South, turn left, then left again. Now facing?                    ','MCQ',1,28,'Basic'),(375,15,' Walk 3km North, 4km East. Distance and direction from start?             ','MSQ',1,28,'Intermediate'),(376,15,' Passage: AI is transforming industries. What’s the main idea?            ','MCQ',1,29,'Intermediate'),(377,15,' What does the author suggest in the paragraph?                           ','MSQ',1,29,'Advance'),(378,15,' If X = 2, Y = 3, IF X>Y THEN PRINT X ELSE PRINT Y?                       ','MCQ',1,30,'Basic'),(379,15,' Pseudocode: sum=0; for i=1 to 3 sum+=i. Value of sum?                    ','MSQ',1,30,'Basic'),(380,15,' What is the sum of first 10 odd numbers?                                 ','MCQ',1,16,'Basic'),(381,15,' Which are divisible by 9?                                                ','MSQ',1,16,'Intermediate'),(382,15,' If 20% of x is 40, what is x?                                            ','MCQ',1,17,'Basic'),(383,15,' Select valid % to fraction pairs                                         ','MSQ',1,17,'Intermediate'),(384,15,' If 5 pens cost ₹75, cost of 8 pens?                                      ','MCQ',1,18,'Intermediate'),(385,15,' Choose equivalent ratios of 5:8                                          ','MSQ',1,18,'Advance'),(386,15,' Find average of 10, 20, 30, 40, 50                                       ','MCQ',1,19,'Basic'),(387,15,' Which group of numbers have average 20?                                  ','MSQ',1,19,'Intermediate'),(388,15,' A car covers 180 km in 3 hours. Speed?                                   ','MCQ',1,20,'Basic'),(389,15,' Choose speeds equal to 72 km/h                                           ','MSQ',1,20,'Intermediate'),(390,15,' A can do a task in 15 days, B in 20. Combined time?                      ','MCQ',1,21,'Intermediate'),(391,15,' Who completes more work/day?                                             ','MSQ',1,21,'Advance'),(392,15,' Loss % if CP = ₹300, SP = ₹240                                           ','MCQ',1,22,'Basic'),(393,15,' Choose examples of profit situations                                     ','MSQ',1,22,'Basic'),(394,15,' SI on ₹1500 at 10% for 3 years?                                          ','MCQ',1,23,'Intermediate'),(395,15,' Which are cases of CI application?                                       ','MSQ',1,23,'Intermediate'),(396,15,' If sales in Jan=40, Feb=50, Mar=60. Avg?                                 ','MCQ',1,24,'Basic'),(397,15,' Who performed better: A: 30, 50, 70 or B: 40, 40, 40?                     ','MSQ',1,24,'Intermediate'),(398,15,' If A is left of B, B is left of C. Who is in the middle?                 ','MCQ',1,25,'Advance'),(399,15,' Choose valid conclusions: All apples are red. Some red are tasty.        ','MSQ',1,25,'Intermediate'),(400,15,' M is daughter of P. P is father of R. How is M related to R?             ','MCQ',1,26,'Advance'),(401,15,' Identify correct relationships:                                          ','MSQ',1,26,'Intermediate'),(402,15,' If EAR = FBS, then TEA = ?                                               ','MCQ',1,27,'Advance'),(403,15,' Decode: ROOM = SPPN, then MOON = ?                                       ','MSQ',1,27,'Advance'),(404,15,' Walk 6 km North, then 8 km East. Distance from start?                    ','MCQ',1,28,'Basic'),(405,15,' Direction facing test: Start East, turn right, left, right. Facing?      ','MSQ',1,28,'Intermediate'),(406,15,' Passage says online learning is increasing. What is the cause?           ','MCQ',1,29,'Basic'),(407,15,' Author recommends online education for?                                  ','MSQ',1,29,'Intermediate'),(408,15,' Pseudocode: for i = 1 to 4, print i*i. Last output?                      ','MCQ',1,30,'Basic'),(409,15,' Choose correct logic outputs: i=1 to 3, print i+2                        ','MSQ',1,30,'Intermediate'),(410,15,' Statement: All engineers are logical. All logical are thinkers.          ','MCQ',1,25,'Advance'),(411,15,' Based on logic: All boys are students. Some students are girls.          ','MSQ',1,25,'Intermediate'),(412,15,' If A is B\'s father and B is C\'s brother, A is to C?                      ','MCQ',1,26,'Intermediate'),(413,15,' Choose all correct relations:                                             ','MSQ',1,26,'Basic'),(414,15,' In a code, TREE = USFF. What is ROOT?                                    ','MCQ',1,27,'Intermediate'),(415,15,' Decode if: PEN = QFO, PAN = QBO, PIN = QJO                               ','MSQ',1,27,'Advance'),(416,15,' A person walks 10 km East, then 10 km South. Where is he now?            ','MCQ',1,28,'Intermediate'),(417,15,' Choose possible directions from North after 3 left turns                 ','MSQ',1,28,'Advance'),(418,15,' Author claims online learning is flexible. What does flexible mean?      ','MCQ',1,29,'Basic'),(419,15,' Inferences from passage on pollution:                                    ','MSQ',1,29,'Intermediate'),(420,15,' Pseudocode: if x=3, y=4, print x*y                                       ','MCQ',1,30,'Basic'),(421,15,' Loop from 1 to 5, print even numbers only                                ','MSQ',1,30,'Intermediate'),(422,15,' Which of these is not a prime?                                           ','MCQ',1,16,'Basic'),(423,15,' Identify multiples of 11                                                 ','MSQ',1,16,'Advance'),(424,15,' 10% of what number is 45?                                                ','MCQ',1,17,'Basic'),(425,15,' Valid decimal equivalents:                                               ','MSQ',1,17,'Advance'),(426,15,' Distribute ₹600 in 2:1 ratio                                             ','MCQ',1,18,'Intermediate'),(427,15,' Ratios equal to 4:5                                                      ','MSQ',1,18,'Advance'),(428,15,' Average of 12, 14, 16, 18, 20?                                           ','MCQ',1,19,'Basic'),(429,15,' Which groups have average = 10?                                          ','MSQ',1,19,'Intermediate'),(430,15,' A bus covers 300 km in 5 hours. Speed?                                   ','MCQ',1,20,'Basic'),(431,15,' Speeds equal to 100 km/h                                                 ','MSQ',1,20,'Advance'),(432,15,' A finishes work in 6 days, B in 12. Work together?                       ','MCQ',1,21,'Intermediate'),(433,15,' Pick efficient workers: A=10 days, B=12 days, C=15 days                  ','MSQ',1,21,'Intermediate'),(434,15,' CP = ₹800, Profit = 25%. SP?                                             ','MCQ',1,22,'Advance'),(435,15,' Choose all profit cases                                                  ','MSQ',1,22,'Basic'),(436,15,' CI for ₹5000 at 10% for 1 year                                           ','MCQ',1,23,'Basic'),(437,15,' Choose all CI situations                                                 ','MSQ',1,23,'Intermediate'),(438,15,' Sales in Jan=100, Feb=150, Mar=200. Avg?                                 ','MCQ',1,24,'Basic'),(439,15,' From chart: A=60, B=50, C=70. Who had max and min?                       ','MSQ',1,24,'Intermediate'),(440,15,' Statement: Some pens are blue. All blue are ink pens.                    ','MCQ',1,25,'Advance'),(441,15,' Logical pairs: All cats are animals. Some animals are wild.              ','MSQ',1,25,'Intermediate'),(442,15,' X is Y’s father, Y is Z’s son. X is to Z?                                ','MCQ',1,26,'Intermediate'),(443,15,' Identify correct blood relations                                         ','MSQ',1,26,'Basic'),(444,15,' CODE = DPEF. Then TEST = ?                                               ','MCQ',1,27,'Advance'),(445,15,' Decode similar pattern: PLAN = QMBM, BOAT = ?                            ','MSQ',1,27,'Advance'),(446,15,' Start facing East. Turn right, then right again. Now facing?             ','MCQ',1,28,'Basic'),(447,15,' From North, two left turns and one right. Facing?                        ','MSQ',1,28,'Intermediate'),(448,15,' Author mentions benefits of yoga. One of them is?                        ','MCQ',1,29,'Basic'),(449,15,' From passage: \"Renewables reduce carbon.\" Choose inferences              ','MSQ',1,29,'Intermediate'),(450,15,' Pseudocode: If x = 5 and y = 10, z = x + y. Value of z?                  ','MCQ',1,30,'Advance'),(451,15,' Loop 1 to 4, print i*2. Valid outputs?                                   ','MSQ',1,30,'Intermediate'),(452,15,' How many prime numbers between 1 and 20?                                 ','MCQ',1,16,'Basic'),(453,15,' Multiples of 4 from list: 12, 15, 16, 20                                 ','MSQ',1,16,'Basic'),(454,15,' What is 12.5% of 320?                                                    ','MCQ',1,17,'Advance'),(455,15,' Select percentage–fraction matches                                        ','MSQ',1,17,'Basic'),(456,15,' Ratio 9:3 simplified is?                                                  ','MCQ',1,18,'Advance'),(457,15,' Equivalent to 6:5                                                         ','MSQ',1,18,'Intermediate'),(458,15,' Average of 6, 8, 10, 12, 14?                                              ','MCQ',1,19,'Basic'),(459,15,' Groups with average 8:                                                   ','MSQ',1,19,'Intermediate'),(460,15,' Bike moves 240 km in 4 hrs. Speed?                                       ','MCQ',1,20,'Basic'),(461,15,' Match speeds equal to 36 km/h                                            ','MSQ',1,20,'Advance'),(462,15,' A = 1 work/day, B = 0.5 work/day. Time to complete 1 work together?       ','MCQ',1,21,'Intermediate'),(463,15,' Select faster workers: A=8, B=10, C=12 (days to complete)                 ','MSQ',1,21,'Advance'),(464,15,' Profit of ₹50 on CP ₹200. Profit %?                                      ','MCQ',1,22,'Basic'),(465,15,' Which are loss cases?                                                    ','MSQ',1,22,'Intermediate'),(466,15,' SI on ₹3000 at 5% for 2 years?                                            ','MCQ',1,23,'Basic'),(467,15,' Choose only SI cases:                                                     ','MSQ',1,23,'Intermediate'),(468,15,' Table shows sales: Q1=100, Q2=150, Q3=200. Total?                        ','MCQ',1,24,'Basic'),(469,15,' From table: A=80, B=90, C=70. Who performed best & worst?                 ','MSQ',1,24,'Advance'),(470,15,' Statement: All apples are fruits. Some fruits are sour.                   ','MCQ',1,25,'Advance'),(471,15,' Logic: All lions are cats. No cat is herbivore.                          ','MSQ',1,25,'Intermediate'),(472,15,' Pseudocode: for i = 1 to 3, print i+i                                     ','MCQ',1,30,'Basic'),(473,15,' Logic to print only numbers divisible by 3 from 1–6                       ','MSQ',1,30,'Intermediate'),(474,15,' Which of these is a prime number?                                        ','MCQ',1,16,'Basic'),(475,15,' Identify all numbers divisible by 6                                      ','MSQ',1,16,'Intermediate'),(476,15,' 30% of a number is 90. Find the number.                                  ','MCQ',1,17,'Basic'),(477,15,' Match percentages with their decimal values                              ','MSQ',1,17,'Advance'),(478,15,' Divide ₹1000 in the ratio 3:2                                            ','MCQ',1,18,'Advance'),(479,15,' Which ratios are equivalent to 2:3?                                      ','MSQ',1,18,'Intermediate'),(480,15,' What is the average of 18, 24, 30, 36, 42?                               ','MCQ',1,19,'Advance'),(481,15,' Select the sets with average equal to 25                                 ','MSQ',1,19,'Intermediate'),(482,15,' A man walks at 5 km/hr. How far in 2.5 hours?                            ','MCQ',1,20,'Basic'),(483,15,' Speeds equivalent to 90 km/h                                             ','MSQ',1,20,'Advance'),(484,15,' C can do a task in 12 days, D in 18 days. Time together?                 ','MCQ',1,21,'Intermediate'),(485,15,' Who is faster: A = 10 days, B = 15 days                                  ','MSQ',1,21,'Basic'),(486,15,' SP = ₹120, CP = ₹100. Profit %?                                          ','MCQ',1,22,'Basic'),(487,15,' Select examples with loss situations                                     ','MSQ',1,22,'Intermediate'),(488,15,' Find CI for ₹2000, 5% interest, 2 years                                  ','MCQ',1,23,'Intermediate'),(489,15,' Simple Interest examples                                                  ','MSQ',1,23,'Basic'),(490,15,' If a pie chart shows 60%, 25%, 15%, which is largest?                    ','MCQ',1,24,'Basic'),(491,15,' In a chart, A=50, B=70, C=60. Highest and lowest?                        ','MSQ',1,24,'Intermediate'),(492,15,' Pointing to a woman, John says, “She is the daughter of my mother’s only son.” Who is she to John? ','MCQ',1,26,'Advance'),(493,15,' Choose valid relationships based on: “R is the brother of S, who is the father of T.” ','MSQ',1,26,'Advance'),(494,15,' If in a certain code, FLOWER is written as GMPXFS, then GARDEN is?     ','MCQ',1,27,'Advance'),(495,15,' Choose correct codes for \'CAT\': A=1, B=2... Z=26                       ','MSQ',1,27,'Advance'),(496,15,' You are facing North, turn left, then right, then right again. Final direction? ','MCQ',1,28,'Intermediate'),(497,15,' From East, turn right → walk 10m → left → walk 5m. Direction now?      ','MSQ',1,28,'Intermediate'),(498,15,' Passage: “Renewable energy is the future.” Which is a valid inference? ','MCQ',1,29,'Advance'),(499,15,'Convert 1101₂ to decimal.','MCQ',1,16,'Basic'),(500,15,'What is 25% of 640?','MCQ',1,17,'Basic'),(501,15,'The ratio of boys to girls is 3:2. If there are 45 boys, how many girls are there?','MCQ',1,18,'Intermediate'),(502,15,'The average of 5, 8, 12, 15 is:','MCQ',1,19,'Basic'),(503,15,'A train travels 120 km in 2 hours. What is its speed?','MCQ',1,20,'Basic'),(504,15,'If 12 workers complete a task in 8 days, how many days will 6 workers take?','MCQ',1,21,'Intermediate'),(505,15,'A shopkeeper gains ₹150 on selling a shirt for ₹750. Find the profit percentage.','MCQ',1,22,'Intermediate'),(506,15,'Find the compound interest on ₹5000 at 10% per annum for 2 years.','MCQ',1,23,'Advance'),(507,15,'The bar graph shows sales in 4 months: Jan (200), Feb (250), Mar (300), Apr (350). What is the average sales?','MCQ',1,24,'Intermediate'),(508,15,'If ‘CAT’ is coded as 3120, ‘DOG’ is coded as: (A=1, B=2...)','MCQ',1,27,'Intermediate'),(509,15,'A is the father of B, C is the sister of A. How is C related to B?','MCQ',1,26,'Basic'),(510,15,'A person walks 4 km north, then 3 km east. How far is he from the starting point?','MCQ',1,28,'Intermediate'),(511,15,'The sum of three consecutive odd numbers is 51. What is the largest number?','MCQ',1,25,'Intermediate'),(512,15,'Choose the correct answer from the passage: “Water is essential for life...” (Passage omitted for brevity) — What is the main idea?','MCQ',1,29,'Basic'),(513,15,'If x = 5, y = 10, what will the flowchart output: Start → z = x + y → Print z?','MCQ',1,30,'Basic'),(514,15,'Convert decimal 45 to binary.','MCQ',1,16,'Intermediate'),(515,15,'A’s salary increased from ₹20000 to ₹24000. What is the percentage increase?','MCQ',1,17,'Basic'),(516,15,'A car travels 150 km in 3 hours, then 100 km in 2 hours. Find the average speed.','MCQ',1,20,'Intermediate'),(517,15,'A sum of ₹8000 becomes ₹9200 in 2 years at simple interest. Find the rate of interest.','MCQ',1,23,'Intermediate'),(518,15,'Two pipes fill a tank in 20 min and 30 min respectively. Together, they fill it in:','MCQ',1,21,'Advance'),(519,15,'Convert 0.375 to its simplest fractional form.','MCQ',1,16,'Basic'),(520,15,'If 25% of a number is 45, find the number.','MCQ',1,17,'Basic'),(521,15,'The ratio of two numbers is 4:5. If their sum is 72, find the numbers.','MCQ',1,18,'Intermediate'),(522,15,'The average of five consecutive odd numbers is 25. Find the largest number.','MCQ',1,19,'Intermediate'),(523,15,'A train covers 120 km in 3 hours. What is its speed in km/h?','MCQ',1,20,'Basic'),(524,15,'If 6 workers can finish a job in 12 days, how many days will 8 workers take?','MCQ',1,21,'Intermediate'),(525,15,'A shopkeeper buys a pen for ₹50 and sells it at a profit of 20%. Find the selling price.','MCQ',1,22,'Basic'),(526,15,'The simple interest on ₹5000 for 3 years at 6% p.a. is:','MCQ',1,23,'Basic'),(527,15,'The table shows monthly sales of a product in units: Jan-200, Feb-250, Mar-300, Apr-150. What is the average monthly sales?','MCQ',1,24,'Intermediate'),(528,15,'Find the missing number: 3, 9, 27, ?, 243','MCQ',1,25,'Intermediate'),(529,15,'A is the mother of B. C is the brother of B. How is A related to C?','MCQ',1,26,'Basic'),(530,15,'In a code, CAT = 3120. If DOG = 4157, what is BAT?','MCQ',1,27,'Intermediate'),(531,15,'A person walks 3 km north, then 4 km east. How far is he from the starting point?','MCQ',1,28,'Basic'),(532,15,'Choose the correct meaning of the phrase: \"Break the ice\".','MCQ',1,29,'Basic'),(533,15,'Refer to the given flowchart: If input is 4, output is? [Flowchart: Multiply by 2 → Add 3 → Output]','MCQ',1,30,'Basic'),(534,15,'Which of the following is a prime number?','MCQ',1,16,'Basic'),(535,15,'If the price of sugar increases by 10%, by what percent must consumption be reduced to keep expenditure constant?','MCQ',1,17,'Intermediate'),(536,15,'The ratio of ages of A and B is 5:7. After 6 years, the ratio will be 3:4. Find A\'s present age.','MCQ',1,18,'Advance'),(537,15,'The average marks of 4 students is 50. If one more student’s marks are added, the average becomes 54. Find the marks of the 5th student.','MCQ',1,19,'Intermediate'),(538,15,'A car travels at 60 km/h for 2 hours and then at 80 km/h for 1.5 hours. Find the total distance covered.','MCQ',1,20,'Intermediate'),(539,15,'Convert 0.625 to a fraction in simplest form.','MCQ',1,16,'Basic'),(540,15,'A shopkeeper marks up goods by 20% and offers a discount of 10%. What is the overall gain percentage?','MCQ',1,22,'Intermediate'),(541,15,'The ratio of two numbers is 4:5, and their sum is 81. Find the numbers.','MCQ',1,18,'Basic'),(542,15,'A train runs at 60 km/h and crosses a pole in 30 seconds. Find the length of the train.','MCQ',1,20,'Intermediate'),(543,15,'If the average of 5 numbers is 27, what is their total sum?','MCQ',1,19,'Basic'),(544,15,'A sum of money triples in 12 years at simple interest. Find the rate of interest per annum.','MCQ',1,23,'Intermediate'),(545,15,'Point Q is 6 km North of Point P. Point R is 8 km East of Point Q. Find the shortest distance from P to R.','MCQ',1,28,'Intermediate'),(546,15,'Find the missing number in the sequence: 3, 6, 12, 24, ?','MCQ',1,25,'Basic'),(547,15,'Which of the following correctly represents “MOTHER” in reverse coding if A=Z, B=Y, C=X...?','MCQ',1,27,'Intermediate'),(548,15,'A tap fills a tank in 8 hours, while another tap empties it in 12 hours. If both taps are opened together, how long will it take to fill the tank?','MCQ',1,21,'Intermediate');
/*!40000 ALTER TABLE `questions` ENABLE KEYS */;
UNLOCK TABLES;

--
-- Table structure for table `refresh_tokens`
--

DROP TABLE IF EXISTS `refresh_tokens`;
/*!40101 SET @saved_cs_client     = @@character_set_client */;
/*!50503 SET character_set_client = utf8mb4 */;
CREATE TABLE `refresh_tokens` (
  `id` int NOT NULL AUTO_INCREMENT,
  `user_id` int NOT NULL,
  `token` text NOT NULL,
  `created_at` datetime NOT NULL,
  `expiry_date` datetime NOT NULL,
  `updated_at` datetime DEFAULT NULL,
  `revoked` tinyint(1) DEFAULT '0',
  `revoked_at` datetime DEFAULT NULL,
  `user_agent` varchar(255) DEFAULT NULL,
  `last_used_at` datetime DEFAULT NULL,
  PRIMARY KEY (`id`),
  KEY `user_id` (`user_id`),
  CONSTRAINT `refresh_tokens_ibfk_1` FOREIGN KEY (`user_id`) REFERENCES `users` (`user_id`) ON DELETE CASCADE
) ENGINE=InnoDB AUTO_INCREMENT=881 DEFAULT CHARSET=utf8mb4 COLLATE=utf8mb4_0900_ai_ci;
/*!40101 SET character_set_client = @saved_cs_client */;

--
-- Dumping data for table `refresh_tokens`
--

LOCK TABLES `refresh_tokens` WRITE;
/*!40000 ALTER TABLE `refresh_tokens` DISABLE KEYS */;
INSERT INTO `refresh_tokens` VALUES (1,2,'TLBFpRWczDK1FQVlkNGBy5P2QlPGDRE06HAVl5aQDQc=','2025-05-19 01:59:47','2025-05-26 01:59:47','2025-05-19 02:18:40',1,'2025-05-19 02:18:40','Mozilla/5.0 (Windows NT 10.0; Win64; x64) AppleWebKit/537.36 (KHTML, like Gecko) Chrome/136.0.0.0 Safari/537.36 Edg/136.0.0.0','2025-05-19 02:15:40'),(2,3,'Ica2fsh9PGCeNm8mZEDMubErBL2yo6iMz7KSaF/WYSo=','2025-05-19 02:42:28','2025-05-26 02:42:28','2025-05-19 02:43:06',1,'2025-05-19 02:43:06','Mozilla/5.0 (Windows NT 10.0; Win64; x64) AppleWebKit/537.36 (KHTML, like Gecko) Chrome/136.0.0.0 Safari/537.36 Edg/136.0.0.0',NULL),(3,4,'IawlsCYYfOUdbJUFCdxWSxpPw7GA5T2t4YWtAueVl74=','2025-05-19 02:43:34','2025-05-26 02:43:34','2025-05-19 02:43:34',0,NULL,'Mozilla/5.0 (Windows NT 10.0; Win64; x64) AppleWebKit/537.36 (KHTML, like Gecko) Chrome/136.0.0.0 Safari/537.36 Edg/136.0.0.0',NULL),(4,4,'bvvC8TflbF3ILHvPSjGdNZsRnfUK9RNaFp+q4p1o78U=','2025-05-19 02:43:50','2025-05-26 02:43:50','2025-05-19 02:43:57',1,'2025-05-19 02:43:57','Mozilla/5.0 (Windows NT 10.0; Win64; x64) AppleWebKit/537.36 (KHTML, like Gecko) Chrome/136.0.0.0 Safari/537.36 Edg/136.0.0.0',NULL),(5,2,'Lv0TdOyfi5JE9O1YpKxN98PtUEjQpDfM9V6JRQLFTwU=','2025-05-19 02:49:07','2025-05-26 02:49:07','2025-05-19 02:50:10',1,'2025-05-19 02:50:10','Mozilla/5.0 (Windows NT 10.0; Win64; x64) AppleWebKit/537.36 (KHTML, like Gecko) Chrome/136.0.0.0 Safari/537.36 Edg/136.0.0.0',NULL),(6,5,'pF2iGV8xMGqA9ZhMdHhy/fAInXl+rC68QrIOWBUPGbU=','2025-05-19 02:50:19','2025-05-26 02:50:19','2025-05-19 02:53:47',1,'2025-05-19 02:53:47','Mozilla/5.0 (Windows NT 10.0; Win64; x64) AppleWebKit/537.36 (KHTML, like Gecko) Chrome/136.0.0.0 Safari/537.36 Edg/136.0.0.0','2025-05-19 02:53:09'),(7,4,'fD/9/+1bSzFyJXi5x40uIkKa8XFimQTBk70g4KhsP+4=','2025-05-19 02:53:55','2025-05-26 02:53:55','2025-05-19 02:56:03',1,'2025-05-19 02:56:03','Mozilla/5.0 (Windows NT 10.0; Win64; x64) AppleWebKit/537.36 (KHTML, like Gecko) Chrome/136.0.0.0 Safari/537.36 Edg/136.0.0.0',NULL),(8,4,'BfRsX1n5tto58lXm93VyrIwhRdCYaVLCV5jJroQiTow=','2025-05-19 02:56:09','2025-05-26 02:56:09','2025-05-19 02:58:06',1,'2025-05-19 02:58:06','Mozilla/5.0 (Windows NT 10.0; Win64; x64) AppleWebKit/537.36 (KHTML, like Gecko) Chrome/136.0.0.0 Safari/537.36 Edg/136.0.0.0',NULL),(9,4,'G592omt6pn6dtpBiQFGKygkHJhsY2JNpcajzKMWYZcM=','2025-05-19 02:58:14','2025-05-26 02:58:14','2025-05-19 02:59:03',1,'2025-05-19 02:59:03','Mozilla/5.0 (Windows NT 10.0; Win64; x64) AppleWebKit/537.36 (KHTML, like Gecko) Chrome/136.0.0.0 Safari/537.36 Edg/136.0.0.0',NULL),(10,2,'GwYOoQWah09UANNhM2RPgemETOhFEByX8y2Q9MXicOw=','2025-05-19 02:59:08','2025-05-26 02:59:08','2025-05-19 03:03:38',0,NULL,'Mozilla/5.0 (Windows NT 10.0; Win64; x64) AppleWebKit/537.36 (KHTML, like Gecko) Chrome/136.0.0.0 Safari/537.36 Edg/136.0.0.0','2025-05-19 03:03:38'),(11,2,'3kAhkw9XkjPuKbIrdKn01IEMFMlZPDpPqP5Pix7pods=','2025-05-19 03:29:35','2025-05-26 03:29:35','2025-05-19 03:38:31',1,'2025-05-19 03:38:31','Mozilla/5.0 (Windows NT 10.0; Win64; x64) AppleWebKit/537.36 (KHTML, like Gecko) Chrome/136.0.0.0 Safari/537.36 Edg/136.0.0.0','2025-05-19 03:37:16'),(12,2,'X2LBJ5o2TK4CKEOmxaVH7cQKWqj61WPkswX+7rvmADc=','2025-05-19 04:52:57','2025-05-26 04:52:57','2025-05-19 06:01:29',1,'2025-05-19 06:01:29','Mozilla/5.0 (Windows NT 10.0; Win64; x64) AppleWebKit/537.36 (KHTML, like Gecko) Chrome/136.0.0.0 Safari/537.36 Edg/136.0.0.0','2025-05-19 06:01:19'),(13,5,'MsV/PfaRuxySf3FHiKvuxDzeHRflyL1xDjtwwP6AikE=','2025-05-19 06:01:36','2025-05-26 06:01:36','2025-05-19 06:01:40',1,'2025-05-19 06:01:40','Mozilla/5.0 (Windows NT 10.0; Win64; x64) AppleWebKit/537.36 (KHTML, like Gecko) Chrome/136.0.0.0 Safari/537.36 Edg/136.0.0.0',NULL),(14,3,'fQV8GY03Vo6hU4E9Q+1K82JKeravkwqnR+X7xcpG6DU=','2025-05-19 06:01:45','2025-05-26 06:01:45','2025-05-19 06:03:38',1,'2025-05-19 06:03:38','Mozilla/5.0 (Windows NT 10.0; Win64; x64) AppleWebKit/537.36 (KHTML, like Gecko) Chrome/136.0.0.0 Safari/537.36 Edg/136.0.0.0',NULL),(15,4,'xZGzRk6FddBofSI3QIcaq/xKCMobo7ycinOGIw9AuFc=','2025-05-19 06:03:49','2025-05-26 06:03:49','2025-05-19 06:35:00',1,'2025-05-19 06:35:00','Mozilla/5.0 (Windows NT 10.0; Win64; x64) AppleWebKit/537.36 (KHTML, like Gecko) Chrome/136.0.0.0 Safari/537.36 Edg/136.0.0.0','2025-05-19 06:34:30'),(16,2,'I2up2n0B3/jbHjNaQqldWuyXYwnIYhtU1LslxM8JEqM=','2025-05-19 06:38:35','2025-05-26 06:38:35','2025-05-19 06:38:42',1,'2025-05-19 06:38:42','Mozilla/5.0 (Windows NT 10.0; Win64; x64) AppleWebKit/537.36 (KHTML, like Gecko) Chrome/136.0.0.0 Safari/537.36 Edg/136.0.0.0',NULL),(17,4,'AX/xczaWAW8CLTS/1f08tkKOq/+v0iOd4+vSMOmbCT8=','2025-05-19 06:39:10','2025-05-26 06:39:10','2025-05-19 06:42:08',1,'2025-05-19 06:42:08','Mozilla/5.0 (Windows NT 10.0; Win64; x64) AppleWebKit/537.36 (KHTML, like Gecko) Chrome/136.0.0.0 Safari/537.36 Edg/136.0.0.0',NULL),(18,2,'qpNvsZKgGSSopX9vO9DTP9HJh1VJtC8LQufxaGDuLjA=','2025-05-19 06:45:42','2025-05-26 06:45:42','2025-05-19 06:46:08',1,'2025-05-19 06:46:08','Mozilla/5.0 (Windows NT 10.0; Win64; x64) AppleWebKit/537.36 (KHTML, like Gecko) Chrome/136.0.0.0 Safari/537.36 Edg/136.0.0.0',NULL),(19,5,'tZ/EmjJEscpWtQp+aIqf8WpJ7reK1I6nUNNbi5N7MNQ=','2025-05-19 06:46:14','2025-05-26 06:46:14','2025-05-19 06:46:20',1,'2025-05-19 06:46:20','Mozilla/5.0 (Windows NT 10.0; Win64; x64) AppleWebKit/537.36 (KHTML, like Gecko) Chrome/136.0.0.0 Safari/537.36 Edg/136.0.0.0',NULL),(20,3,'cAiNCDL0ziXkqrksEaHfyFMITmEhC91wXVNGCdhrH5Y=','2025-05-19 06:46:28','2025-05-26 06:46:28','2025-05-19 06:46:33',1,'2025-05-19 06:46:33','Mozilla/5.0 (Windows NT 10.0; Win64; x64) AppleWebKit/537.36 (KHTML, like Gecko) Chrome/136.0.0.0 Safari/537.36 Edg/136.0.0.0',NULL),(21,6,'Yn8wqYs+Z4TPLu6yIogiF4PH0fdfS24Un7qSBq6raEM=','2025-05-19 06:47:12','2025-05-26 06:47:12','2025-05-19 07:10:59',1,'2025-05-19 07:10:59','Mozilla/5.0 (Windows NT 10.0; Win64; x64) AppleWebKit/537.36 (KHTML, like Gecko) Chrome/136.0.0.0 Safari/537.36 Edg/136.0.0.0','2025-05-19 07:04:26'),(22,2,'yYlpNIKG3mkpTMEkYze7vwycd3UJ/FzSrQY0GRWiGSA=','2025-05-19 07:12:16','2025-05-26 07:12:16','2025-05-19 07:14:04',1,'2025-05-19 07:14:04','Mozilla/5.0 (Windows NT 10.0; Win64; x64) AppleWebKit/537.36 (KHTML, like Gecko) Chrome/136.0.0.0 Safari/537.36 Edg/136.0.0.0',NULL),(23,2,'Mhs0zMS/w0JRcw4eNhlEkGpepQ8jLx4OTeZz+LoNgXs=','2025-05-19 07:15:06','2025-05-26 07:15:06','2025-05-19 07:15:17',1,'2025-05-19 07:15:17','Mozilla/5.0 (Windows NT 10.0; Win64; x64) AppleWebKit/537.36 (KHTML, like Gecko) Chrome/136.0.0.0 Safari/537.36 Edg/136.0.0.0',NULL),(24,7,'k2jcwaIos+3E0blVSnv0BTmps90dXREKlNzP5TpS9cY=','2025-05-19 07:15:24','2025-05-26 07:15:24','2025-05-19 07:15:33',1,'2025-05-19 07:15:33','Mozilla/5.0 (Windows NT 10.0; Win64; x64) AppleWebKit/537.36 (KHTML, like Gecko) Chrome/136.0.0.0 Safari/537.36 Edg/136.0.0.0',NULL),(25,6,'IZa9rPNkOj6d4WgYLv7xG7ZKRLecyVQ56HChycpGkZY=','2025-05-19 07:43:34','2025-05-26 07:43:34','2025-05-19 08:00:52',1,'2025-05-19 08:00:52','Mozilla/5.0 (Windows NT 10.0; Win64; x64) AppleWebKit/537.36 (KHTML, like Gecko) Chrome/136.0.0.0 Safari/537.36 Edg/136.0.0.0',NULL),(26,4,'KHZYyNN7vJcoYNv/HbwPfbF82OSdATh1eTN1dmEPynA=','2025-05-26 23:37:38','2025-06-02 23:37:38','2025-05-27 00:23:35',1,'2025-05-27 00:23:35','Mozilla/5.0 (Windows NT 10.0; Win64; x64) AppleWebKit/537.36 (KHTML, like Gecko) Chrome/136.0.0.0 Safari/537.36 Edg/136.0.0.0',NULL),(27,4,'5zUdyf5Yu3bOUgNJZ7Ssb57tn+yJ67039491vTI4jEA=','2025-05-27 00:23:44','2025-06-03 00:23:43','2025-05-27 00:24:57',1,'2025-05-27 00:24:57','Mozilla/5.0 (Windows NT 10.0; Win64; x64) AppleWebKit/537.36 (KHTML, like Gecko) Chrome/136.0.0.0 Safari/537.36 Edg/136.0.0.0',NULL),(28,3,'aEew2ajs5TCC5bfMWOEKT9OmZOq+yMRn4yFavMrlpk8=','2025-05-27 00:25:12','2025-06-03 00:25:12','2025-05-27 00:31:35',1,'2025-05-27 00:31:35','Mozilla/5.0 (Windows NT 10.0; Win64; x64) AppleWebKit/537.36 (KHTML, like Gecko) Chrome/136.0.0.0 Safari/537.36 Edg/136.0.0.0','2025-05-27 00:31:32'),(29,2,'N4Ex4BilWOjRKhdtGw1f1W+miHeH7BanzOgVvQPj5fw=','2025-05-27 00:31:55','2025-06-03 00:31:55','2025-05-27 00:33:16',1,'2025-05-27 00:33:16','Mozilla/5.0 (Windows NT 10.0; Win64; x64) AppleWebKit/537.36 (KHTML, like Gecko) Chrome/136.0.0.0 Safari/537.36 Edg/136.0.0.0',NULL),(30,3,'Ab5e+H6se0jDOV64g+WNQ7x4inGtOJgZ0oLsuBkDPbI=','2025-05-27 00:33:24','2025-06-03 00:33:24','2025-05-27 00:55:04',1,'2025-05-27 00:55:04','Mozilla/5.0 (Windows NT 10.0; Win64; x64) AppleWebKit/537.36 (KHTML, like Gecko) Chrome/136.0.0.0 Safari/537.36 Edg/136.0.0.0',NULL),(31,4,'WS33yrx2ISSkuBv1qrTqAGh5FphJss3VSxt9ubQC1uc=','2025-05-27 00:55:09','2025-06-03 00:55:09','2025-05-27 01:03:30',1,'2025-05-27 01:03:30','Mozilla/5.0 (Windows NT 10.0; Win64; x64) AppleWebKit/537.36 (KHTML, like Gecko) Chrome/136.0.0.0 Safari/537.36 Edg/136.0.0.0','2025-05-27 01:03:12'),(32,4,'57fkdv9CUJhLNolppcSmlg6CQ85YVgCJ337o3Bi5p5k=','2025-05-27 01:03:38','2025-06-03 01:03:38','2025-05-27 01:23:19',1,'2025-05-27 01:23:19','Mozilla/5.0 (Windows NT 10.0; Win64; x64) AppleWebKit/537.36 (KHTML, like Gecko) Chrome/136.0.0.0 Safari/537.36 Edg/136.0.0.0','2025-05-27 01:15:37'),(33,3,'akOa2DXv/zMQI9nYaObMRKSsgWBKwJWmf25xYxqXOfM=','2025-05-27 01:23:23','2025-06-03 01:23:23','2025-05-27 01:26:12',1,'2025-05-27 01:26:12','Mozilla/5.0 (Windows NT 10.0; Win64; x64) AppleWebKit/537.36 (KHTML, like Gecko) Chrome/136.0.0.0 Safari/537.36 Edg/136.0.0.0',NULL),(34,4,'yUbkJZkqAQcf0lqn3BYBUKd+VQvJ4RnvIDWoKQtOsHQ=','2025-05-27 01:26:42','2025-06-03 01:26:42','2025-05-27 02:46:12',1,'2025-05-27 02:46:12','Mozilla/5.0 (Windows NT 10.0; Win64; x64) AppleWebKit/537.36 (KHTML, like Gecko) Chrome/136.0.0.0 Safari/537.36 Edg/136.0.0.0','2025-05-27 02:44:38'),(35,3,'SItmxwC9xQt7wKgKUl3+cynOfGXltmaCdxdozFjsfWU=','2025-05-27 02:46:21','2025-06-03 02:46:21','2025-05-27 02:50:34',1,'2025-05-27 02:50:34','Mozilla/5.0 (Windows NT 10.0; Win64; x64) AppleWebKit/537.36 (KHTML, like Gecko) Chrome/136.0.0.0 Safari/537.36 Edg/136.0.0.0','2025-05-27 02:50:15'),(36,4,'UHjXyRpi/TnQVbf5QADBTHjhdA5rmJp1n4p9PNlgQJ8=','2025-05-27 02:50:39','2025-06-03 02:50:39','2025-05-27 03:28:30',1,'2025-05-27 03:28:30','Mozilla/5.0 (Windows NT 10.0; Win64; x64) AppleWebKit/537.36 (KHTML, like Gecko) Chrome/136.0.0.0 Safari/537.36 Edg/136.0.0.0','2025-05-27 03:06:09'),(37,4,'QgfDWlLcWPIvXqnsSjp7Op9K0BZZtCFn70NFY29v/ek=','2025-05-27 04:45:27','2025-06-03 04:45:27','2025-05-27 04:56:31',1,'2025-05-27 04:56:31','Mozilla/5.0 (Windows NT 10.0; Win64; x64) AppleWebKit/537.36 (KHTML, like Gecko) Chrome/136.0.0.0 Safari/537.36 Edg/136.0.0.0','2025-05-27 04:56:02'),(38,4,'sZs9u1+EwB8pVB96IKXhsDuojW4RIm9gI8401XgkrNk=','2025-05-27 04:56:37','2025-06-03 04:56:37','2025-05-27 05:25:39',1,'2025-05-27 05:25:39','Mozilla/5.0 (Windows NT 10.0; Win64; x64) AppleWebKit/537.36 (KHTML, like Gecko) Chrome/136.0.0.0 Safari/537.36 Edg/136.0.0.0','2025-05-27 05:24:30'),(39,4,'C5ZN0geeynvc9CNpW2htmRqzO7sBpkV+EFfQIm367vs=','2025-05-27 05:33:15','2025-06-03 05:33:15','2025-05-27 05:51:07',1,'2025-05-27 05:51:07','Mozilla/5.0 (Windows NT 10.0; Win64; x64) AppleWebKit/537.36 (KHTML, like Gecko) Chrome/136.0.0.0 Safari/537.36 Edg/136.0.0.0','2025-05-27 05:49:06'),(40,4,'L+oIAV0O7Nu2Yu+XNxMRwhTaUNCJ53GiRGAHRmoUXIQ=','2025-05-27 05:51:12','2025-06-03 05:51:12','2025-05-27 06:13:42',1,'2025-05-27 06:13:42','Mozilla/5.0 (Windows NT 10.0; Win64; x64) AppleWebKit/537.36 (KHTML, like Gecko) Chrome/136.0.0.0 Safari/537.36 Edg/136.0.0.0','2025-05-27 06:13:20'),(41,3,'bbj6Ok1/R/uwRQXHjHpAvsT41ll3qeU8ph//PfMJmmM=','2025-05-27 06:13:48','2025-06-03 06:13:48','2025-05-27 06:14:11',1,'2025-05-27 06:14:11','Mozilla/5.0 (Windows NT 10.0; Win64; x64) AppleWebKit/537.36 (KHTML, like Gecko) Chrome/136.0.0.0 Safari/537.36 Edg/136.0.0.0',NULL),(42,4,'z1ozRq641UKAYVIyDSY8ggpLjNNx4xxL6AdqjXZ5H+8=','2025-05-27 06:14:16','2025-06-03 06:14:16','2025-05-27 06:14:29',1,'2025-05-27 06:14:29','Mozilla/5.0 (Windows NT 10.0; Win64; x64) AppleWebKit/537.36 (KHTML, like Gecko) Chrome/136.0.0.0 Safari/537.36 Edg/136.0.0.0',NULL),(43,3,'bmS/4nNRYOLeK9fm5UWnoF2VLCxL3fCMZ4lhQLkVujw=','2025-05-27 06:14:35','2025-06-03 06:14:35','2025-05-27 06:58:09',1,'2025-05-27 06:58:09','Mozilla/5.0 (Windows NT 10.0; Win64; x64) AppleWebKit/537.36 (KHTML, like Gecko) Chrome/136.0.0.0 Safari/537.36 Edg/136.0.0.0','2025-05-27 06:57:08'),(44,2,'d2gF+4B/ueHJMp+Uf3bWFQgVVwoaW9JR9x5CrhBEoXI=','2025-05-28 05:46:58','2025-06-04 05:46:58','2025-05-28 05:47:08',1,'2025-05-28 05:47:08','Mozilla/5.0 (Windows NT 10.0; Win64; x64) AppleWebKit/537.36 (KHTML, like Gecko) Chrome/136.0.0.0 Safari/537.36 Edg/136.0.0.0',NULL),(45,3,'r75Fh/kQ1glbcBX3/B/DhDNtwpUY/zxGN/fM8GU05uk=','2025-05-28 05:47:13','2025-06-04 05:47:13','2025-05-28 05:47:31',1,'2025-05-28 05:47:31','Mozilla/5.0 (Windows NT 10.0; Win64; x64) AppleWebKit/537.36 (KHTML, like Gecko) Chrome/136.0.0.0 Safari/537.36 Edg/136.0.0.0',NULL),(46,3,'uFhVHUtDGveSh91hhxm9GePO1gElq1ctlM0kxNwI5jA=','2025-05-28 05:47:36','2025-06-04 05:47:36','2025-05-28 05:47:42',1,'2025-05-28 05:47:42','Mozilla/5.0 (Windows NT 10.0; Win64; x64) AppleWebKit/537.36 (KHTML, like Gecko) Chrome/136.0.0.0 Safari/537.36 Edg/136.0.0.0',NULL),(47,4,'9TVaovnx33Z/WYHHGMP6AUwtrEqX9K9l7CkAr4+KyDs=','2025-05-28 05:47:46','2025-06-04 05:47:46','2025-05-28 06:54:44',1,'2025-05-28 06:54:44','Mozilla/5.0 (Windows NT 10.0; Win64; x64) AppleWebKit/537.36 (KHTML, like Gecko) Chrome/136.0.0.0 Safari/537.36 Edg/136.0.0.0','2025-05-28 06:49:34'),(48,4,'TSBZSXlBcZ6sRWe1GhQUKwTrEpQn/dxpU2k9MEMeYv8=','2025-05-28 23:45:33','2025-06-04 23:45:33','2025-05-29 01:40:54',1,'2025-05-29 01:40:54','Mozilla/5.0 (Windows NT 10.0; Win64; x64) AppleWebKit/537.36 (KHTML, like Gecko) Chrome/136.0.0.0 Safari/537.36 Edg/136.0.0.0','2025-05-29 00:31:38'),(49,2,'HzQTAE2qD11Dux1eBhxPvJcPhYz87ZXj3QNYefTGSik=','2025-05-29 01:41:00','2025-06-05 01:41:00','2025-05-29 01:56:47',1,'2025-05-29 01:56:47','Mozilla/5.0 (Windows NT 10.0; Win64; x64) AppleWebKit/537.36 (KHTML, like Gecko) Chrome/136.0.0.0 Safari/537.36 Edg/136.0.0.0','2025-05-29 01:54:55'),(50,2,'qYdptOIkxwVDLoZtPuvJ+NVBx+0EACV+wGoPOxQwfCo=','2025-05-29 01:56:52','2025-06-05 01:56:52','2025-05-29 02:16:23',1,'2025-05-29 02:16:23','Mozilla/5.0 (Windows NT 10.0; Win64; x64) AppleWebKit/537.36 (KHTML, like Gecko) Chrome/136.0.0.0 Safari/537.36 Edg/136.0.0.0','2025-05-29 02:15:48'),(51,3,'//hXqgKg6tXiKxYL6TNFzmuWeX9ovMB+QK2uWXNttIQ=','2025-05-29 02:16:28','2025-06-05 02:16:28','2025-05-29 02:29:54',1,'2025-05-29 02:29:54','Mozilla/5.0 (Windows NT 10.0; Win64; x64) AppleWebKit/537.36 (KHTML, like Gecko) Chrome/136.0.0.0 Safari/537.36 Edg/136.0.0.0',NULL),(52,4,'P+zvKsQWV7ctubiu3ZY2EQcovQSfEVOW9MjppUDYSZ4=','2025-05-29 03:06:17','2025-06-05 03:06:17','2025-05-29 03:10:07',1,'2025-05-29 03:10:07','Mozilla/5.0 (Windows NT 10.0; Win64; x64) AppleWebKit/537.36 (KHTML, like Gecko) Chrome/136.0.0.0 Safari/537.36 Edg/136.0.0.0',NULL),(53,2,'XN7m5Ar6Ke88BSRiFE608dKrvQr67dukCe5+D6MJGpA=','2025-05-29 03:10:25','2025-06-05 03:10:25','2025-05-29 03:28:16',1,'2025-05-29 03:28:16','Mozilla/5.0 (Windows NT 10.0; Win64; x64) AppleWebKit/537.36 (KHTML, like Gecko) Chrome/136.0.0.0 Safari/537.36 Edg/136.0.0.0','2025-05-29 03:22:30'),(54,4,'e3N6KSuUurgrY2pY6qaOzLZm1ShDmRsobv9icj2pvB0=','2025-05-29 03:29:48','2025-06-05 03:29:48','2025-05-29 04:56:43',1,'2025-05-29 04:56:43','Mozilla/5.0 (Windows NT 10.0; Win64; x64) AppleWebKit/537.36 (KHTML, like Gecko) Chrome/136.0.0.0 Safari/537.36 Edg/136.0.0.0','2025-05-29 04:56:41'),(55,4,'B/80jYCdRVXRev0X0pmhl/p6le6kJpwGiC47qBW+myI=','2025-05-29 05:02:34','2025-06-05 05:02:34','2025-05-29 05:04:56',1,'2025-05-29 05:04:56','Mozilla/5.0 (Windows NT 10.0; Win64; x64) AppleWebKit/537.36 (KHTML, like Gecko) Chrome/136.0.0.0 Safari/537.36 Edg/136.0.0.0',NULL),(56,2,'MhS8qGP61TiX7yccH7H8IOp4km8NVu4O0TFryBNmDlo=','2025-05-29 05:09:44','2025-06-05 05:09:44','2025-05-29 05:09:55',1,'2025-05-29 05:09:55','Mozilla/5.0 (Windows NT 10.0; Win64; x64) AppleWebKit/537.36 (KHTML, like Gecko) Chrome/136.0.0.0 Safari/537.36 Edg/136.0.0.0',NULL),(57,3,'ojiNXwX+Qzpm8BB3t/4E+cPzYqxxpzKCKZUh3A0VQAs=','2025-05-29 05:10:07','2025-06-05 05:10:07','2025-05-29 05:10:14',1,'2025-05-29 05:10:14','Mozilla/5.0 (Windows NT 10.0; Win64; x64) AppleWebKit/537.36 (KHTML, like Gecko) Chrome/136.0.0.0 Safari/537.36 Edg/136.0.0.0',NULL),(58,4,'WOjAEntFRAXbNaan19u+ecIQvcAti2VFM8WzTzsPTUA=','2025-05-29 05:10:26','2025-06-05 05:10:26','2025-05-29 05:10:40',1,'2025-05-29 05:10:40','Mozilla/5.0 (Windows NT 10.0; Win64; x64) AppleWebKit/537.36 (KHTML, like Gecko) Chrome/136.0.0.0 Safari/537.36 Edg/136.0.0.0',NULL),(59,2,'ZbwtMloHFmJQ9gbq4s/0PoqbVpD7+lzeitToeR8zDyE=','2025-05-29 05:11:02','2025-06-05 05:11:02','2025-05-29 05:37:00',1,'2025-05-29 05:37:00','Mozilla/5.0 (Windows NT 10.0; Win64; x64) AppleWebKit/537.36 (KHTML, like Gecko) Chrome/136.0.0.0 Safari/537.36 Edg/136.0.0.0','2025-05-29 05:35:26'),(60,3,'lFLLvSX7f7YDLb/yvIvovlql6oQL9lqn2QcjmpGvwCU=','2025-05-29 05:37:11','2025-06-05 05:37:11','2025-05-29 05:42:45',1,'2025-05-29 05:42:45','Mozilla/5.0 (Windows NT 10.0; Win64; x64) AppleWebKit/537.36 (KHTML, like Gecko) Chrome/136.0.0.0 Safari/537.36 Edg/136.0.0.0','2025-05-29 05:40:39'),(61,4,'erlxZ5Y0eyloQhwADp+1FyB2TivFkJKu9laWq1DDo6Q=','2025-05-29 05:55:29','2025-06-05 05:55:29','2025-05-29 06:02:55',1,'2025-05-29 06:02:55','Mozilla/5.0 (Windows NT 10.0; Win64; x64) AppleWebKit/537.36 (KHTML, like Gecko) Chrome/136.0.0.0 Safari/537.36 Edg/136.0.0.0','2025-05-29 06:00:24'),(62,2,'WRNrLLcooZcDYshtmOnIOojMPMjovdji3NayKH1S5Es=','2025-05-29 06:03:04','2025-06-05 06:03:04','2025-05-29 06:59:37',1,'2025-05-29 06:59:37','Mozilla/5.0 (Windows NT 10.0; Win64; x64) AppleWebKit/537.36 (KHTML, like Gecko) Chrome/136.0.0.0 Safari/537.36 Edg/136.0.0.0','2025-05-29 06:58:19'),(63,4,'M6F9e9BaNhNhMaAdm5jwna+q6O9W3uuxfokuzTgOGEg=','2025-05-29 06:59:52','2025-06-05 06:59:52','2025-05-29 07:25:29',1,'2025-05-29 07:25:29','Mozilla/5.0 (Windows NT 10.0; Win64; x64) AppleWebKit/537.36 (KHTML, like Gecko) Chrome/136.0.0.0 Safari/537.36 Edg/136.0.0.0','2025-05-29 07:22:26'),(64,4,'xypzyoFNy6AYPQYxjA327KNg4K25cxwwOHv+2T6fBsE=','2025-05-29 07:39:38','2025-06-05 07:39:38','2025-05-29 08:16:02',1,'2025-05-29 08:16:02','Mozilla/5.0 (Windows NT 10.0; Win64; x64) AppleWebKit/537.36 (KHTML, like Gecko) Chrome/136.0.0.0 Safari/537.36 Edg/136.0.0.0','2025-05-29 07:57:41'),(65,4,'6TdjpS3azIin0LcMPjn3W6CxGP0jz2296gAzxvzsPj0=','2025-05-30 01:01:48','2025-06-06 01:01:48','2025-05-30 05:39:53',1,'2025-05-30 05:39:53','Mozilla/5.0 (Windows NT 10.0; Win64; x64) AppleWebKit/537.36 (KHTML, like Gecko) Chrome/136.0.0.0 Safari/537.36 Edg/136.0.0.0','2025-05-30 05:39:47'),(66,3,'2PGy/x20kIiZmOpcN/rJGEe7stxg9L9l6Kq2QnE3Glk=','2025-05-30 05:42:13','2025-06-06 05:42:13','2025-05-30 06:17:09',1,'2025-05-30 06:17:09','Mozilla/5.0 (Windows NT 10.0; Win64; x64) AppleWebKit/537.36 (KHTML, like Gecko) Chrome/136.0.0.0 Safari/537.36 Edg/136.0.0.0','2025-05-30 06:16:19'),(67,4,'e/L5Fi7hIgrx+jWj3dqtJTyopJY2BFb4iGRz/LtCoPo=','2025-05-30 06:17:15','2025-06-06 06:17:15','2025-05-30 06:19:44',1,'2025-05-30 06:19:44','Mozilla/5.0 (Windows NT 10.0; Win64; x64) AppleWebKit/537.36 (KHTML, like Gecko) Chrome/136.0.0.0 Safari/537.36 Edg/136.0.0.0',NULL),(68,3,'1eGaNDjqFT62iTr2y39NBe2sK2LTyNIZ4xqcxPJGah4=','2025-05-30 06:19:49','2025-06-06 06:19:49','2025-05-30 07:34:18',1,'2025-05-30 07:34:18','Mozilla/5.0 (Windows NT 10.0; Win64; x64) AppleWebKit/537.36 (KHTML, like Gecko) Chrome/136.0.0.0 Safari/537.36 Edg/136.0.0.0','2025-05-30 07:34:10'),(69,2,'KvTmQnIBaLpLsJgP11iDtM3RoVdOCf+Che8dZjX4Rxg=','2025-05-30 07:34:23','2025-06-06 07:34:23','2025-05-30 07:35:49',1,'2025-05-30 07:35:49','Mozilla/5.0 (Windows NT 10.0; Win64; x64) AppleWebKit/537.36 (KHTML, like Gecko) Chrome/136.0.0.0 Safari/537.36 Edg/136.0.0.0',NULL),(70,3,'zl2ZxhoXgSdEXwavX1ZkIbn+VusBUoVgmCOe3zs+/dQ=','2025-05-30 07:35:53','2025-06-06 07:35:53','2025-05-30 07:59:56',1,'2025-05-30 07:59:56','Mozilla/5.0 (Windows NT 10.0; Win64; x64) AppleWebKit/537.36 (KHTML, like Gecko) Chrome/136.0.0.0 Safari/537.36 Edg/136.0.0.0','2025-05-30 07:59:00'),(71,4,'9AzXoFy9T15ezSF78O3HCZVfU3hZrgb4jZQkN1HI5+0=','2025-06-02 23:33:35','2025-06-09 23:33:35','2025-06-02 23:33:35',0,NULL,'PostmanRuntime/7.44.0',NULL),(72,3,'9ggAO3CrkdMdcIOhCvIDJlcjosAtXAhPRZzL8AJ7a8I=','2025-06-02 23:42:47','2025-06-09 23:42:47','2025-06-03 01:15:05',1,'2025-06-03 01:15:05','Mozilla/5.0 (Windows NT 10.0; Win64; x64) AppleWebKit/537.36 (KHTML, like Gecko) Chrome/136.0.0.0 Safari/537.36 Edg/136.0.0.0','2025-06-03 01:14:59'),(73,4,'+589ZvNe+uO1XD4/Kd0aCsK/ojwM7w2lVXFYvqfk47s=','2025-06-03 00:12:24','2025-06-10 00:12:24','2025-06-03 00:12:24',0,NULL,'PostmanRuntime/7.44.0',NULL),(74,4,'wVuc775F7JD2gcg1/x6LEqE0y2BJhK5yudWNfoaoFdg=','2025-06-03 00:13:25','2025-06-10 00:13:25','2025-06-03 00:13:25',0,NULL,'PostmanRuntime/7.44.0',NULL),(75,4,'u7BAb91Jd5p1GJeNAT3OjeAbvWcgn8wppYNyNdY+kyQ=','2025-06-03 00:25:31','2025-06-10 00:25:31','2025-06-03 00:25:31',0,NULL,'PostmanRuntime/7.44.0',NULL),(76,3,'FEY+lwQAOSTIuiLmDQDCIG0SRhrDSV3d3OqSaCs2MHI=','2025-06-03 01:15:13','2025-06-10 01:15:13','2025-06-03 05:23:24',1,'2025-06-03 05:23:24','Mozilla/5.0 (Windows NT 10.0; Win64; x64) AppleWebKit/537.36 (KHTML, like Gecko) Chrome/136.0.0.0 Safari/537.36 Edg/136.0.0.0','2025-06-03 04:37:59'),(77,4,'X65zEmeC7XCly1q3DgJnjhPU32EZ3bbIQ/2D64HShtc=','2025-06-03 01:20:15','2025-06-10 01:20:15','2025-06-03 01:20:15',0,NULL,'PostmanRuntime/7.44.0',NULL),(78,3,'/j5hRozOpKVVT+dnv8zsuaGs4xQ2OpcdJvvEkH11lt4=','2025-06-03 05:25:20','2025-06-10 05:25:20','2025-06-03 07:18:17',1,'2025-06-03 07:18:17','Mozilla/5.0 (Windows NT 10.0; Win64; x64) AppleWebKit/537.36 (KHTML, like Gecko) Chrome/136.0.0.0 Safari/537.36 Edg/136.0.0.0','2025-06-03 06:45:39'),(79,4,'RSSW03Nu0i4bkMFV7REL6s84UaJyjCQt83gJLxA7QWE=','2025-06-03 06:27:23','2025-06-10 06:27:23','2025-06-03 06:27:23',0,NULL,'PostmanRuntime/7.44.0',NULL),(80,4,'0dQ7+HjHQm1TqHU2kH1/Liqk8xSOvkUapWG5I6JNlz8=','2025-06-03 07:18:21','2025-06-10 07:18:21','2025-06-03 07:18:35',1,'2025-06-03 07:18:35','Mozilla/5.0 (Windows NT 10.0; Win64; x64) AppleWebKit/537.36 (KHTML, like Gecko) Chrome/136.0.0.0 Safari/537.36 Edg/136.0.0.0',NULL),(81,3,'ryhQOpVVsKgPTPUBWNnZlzA3G9nPl3xcK1V8eioyqBM=','2025-06-03 07:47:47','2025-06-10 07:47:47','2025-06-04 02:14:18',1,'2025-06-04 02:14:18','Mozilla/5.0 (Windows NT 10.0; Win64; x64) AppleWebKit/537.36 (KHTML, like Gecko) Chrome/136.0.0.0 Safari/537.36 Edg/136.0.0.0','2025-06-03 08:47:19'),(82,3,'EIBYOLr7Yh4OiUsexHZNhde220ktVjL3nA3o01rndAQ=','2025-06-04 02:16:06','2025-06-11 02:16:06','2025-06-04 05:04:27',1,'2025-06-04 05:04:27','Mozilla/5.0 (Windows NT 10.0; Win64; x64) AppleWebKit/537.36 (KHTML, like Gecko) Chrome/136.0.0.0 Safari/537.36 Edg/136.0.0.0','2025-06-04 04:46:38'),(83,4,'uoP47cTA0pjlH3JOmdKrfyZ14IQkCWiQOYim2DGVkQs=','2025-06-04 03:32:02','2025-06-11 03:32:02','2025-06-04 03:32:02',0,NULL,'PostmanRuntime/7.44.0',NULL),(84,4,'N+VXmM1INhcm5nCGuhVUOw81fzhRmRooZAzmbpLUjeM=','2025-06-04 04:46:52','2025-06-11 04:46:52','2025-06-04 04:46:52',0,NULL,'PostmanRuntime/7.44.0',NULL),(85,4,'VOqfvfbGXhEeEOph0BzCz4uAzTs89OKTcrLK5pEA4Mo=','2025-06-04 05:04:31','2025-06-11 05:04:31','2025-06-04 05:05:14',1,'2025-06-04 05:05:14','Mozilla/5.0 (Windows NT 10.0; Win64; x64) AppleWebKit/537.36 (KHTML, like Gecko) Chrome/136.0.0.0 Safari/537.36 Edg/136.0.0.0',NULL),(86,4,'Y4Ijk14P9dGUG9sPi4IBL1zKJU9U2Bc95VeD876MYj8=','2025-06-04 05:05:19','2025-06-11 05:05:19','2025-06-04 05:45:19',1,'2025-06-04 05:45:19','Mozilla/5.0 (Windows NT 10.0; Win64; x64) AppleWebKit/537.36 (KHTML, like Gecko) Chrome/136.0.0.0 Safari/537.36 Edg/136.0.0.0','2025-06-04 05:43:05'),(87,4,'XdONHMU8c05n9fz06inGv9PWsJ8bexmWskg1XCw++Bs=','2025-06-04 05:05:58','2025-06-11 05:05:58','2025-06-04 05:05:58',0,NULL,'PostmanRuntime/7.44.0',NULL),(88,4,'KcXqmvfUOak2PiUWnuINGvPfRaJTeZzrRuEnWv5MFeg=','2025-06-04 05:09:08','2025-06-11 05:09:08','2025-06-04 05:09:08',0,NULL,'PostmanRuntime/7.44.0',NULL),(89,4,'JX3ybKV4kqCKPQfPG/YRtQtpRW77F1gcOrLGAhCx8Sw=','2025-06-04 05:12:30','2025-06-11 05:12:30','2025-06-04 05:12:30',0,NULL,'PostmanRuntime/7.44.0',NULL),(90,4,'d02HFKcYt/YTPhJV65ye5ppD2bWju3JUt7jx1f/KzX0=','2025-06-04 05:26:28','2025-06-11 05:26:28','2025-06-04 05:26:28',0,NULL,'PostmanRuntime/7.44.0',NULL),(91,3,'U8sXw+BQ2hKfyW3kacukUn9Y0mgq8wmy7M6EJV/kmk8=','2025-06-04 05:45:23','2025-06-11 05:45:23','2025-06-04 06:00:08',1,'2025-06-04 06:00:08','Mozilla/5.0 (Windows NT 10.0; Win64; x64) AppleWebKit/537.36 (KHTML, like Gecko) Chrome/136.0.0.0 Safari/537.36 Edg/136.0.0.0','2025-06-04 05:58:18'),(92,4,'64Mk+qqNeD/AEpqWU+y0ajqD/VDqj/OoElANmM5cu50=','2025-06-04 06:00:12','2025-06-11 06:00:12','2025-06-04 06:02:56',1,'2025-06-04 06:02:56','Mozilla/5.0 (Windows NT 10.0; Win64; x64) AppleWebKit/537.36 (KHTML, like Gecko) Chrome/136.0.0.0 Safari/537.36 Edg/136.0.0.0',NULL),(93,3,'htflzXMcp7brEfEsqPWrO0ojBnh7UaA2YwXdjJEUAYY=','2025-06-04 06:03:00','2025-06-11 06:03:00','2025-06-04 07:20:43',1,'2025-06-04 07:20:43','Mozilla/5.0 (Windows NT 10.0; Win64; x64) AppleWebKit/537.36 (KHTML, like Gecko) Chrome/136.0.0.0 Safari/537.36 Edg/136.0.0.0','2025-06-04 07:19:32'),(94,4,'hs0MIgsEOqzWEZqXULZCSS7Oc8xobFCehHJs/EB+qbo=','2025-06-04 06:18:00','2025-06-11 06:18:00','2025-06-04 06:18:00',0,NULL,'PostmanRuntime/7.44.0',NULL),(95,4,'Sk0lVxJLAYgPqiLcMkgOLzgWYRls8ANztLLqMClqvBU=','2025-06-04 06:27:21','2025-06-11 06:27:21','2025-06-04 06:27:21',0,NULL,'PostmanRuntime/7.44.0',NULL),(96,4,'xniNYBvSXsbJmYhWfOmdvwuc+YeHCCKo551Puvl/j3o=','2025-06-04 06:31:38','2025-06-11 06:31:38','2025-06-04 06:31:38',0,NULL,'PostmanRuntime/7.44.0',NULL),(97,4,'A4xNHzW7Wfz0LSS4F1vRfoErChDQ0IBiB26lS69b2Ps=','2025-06-04 07:20:46','2025-06-11 07:20:46','2025-06-04 07:27:21',1,'2025-06-04 07:27:21','Mozilla/5.0 (Windows NT 10.0; Win64; x64) AppleWebKit/537.36 (KHTML, like Gecko) Chrome/136.0.0.0 Safari/537.36 Edg/136.0.0.0',NULL),(98,3,'ePtc4BZBPWv6bMMLps8V7thMDJXV/FlNnZKmkNRDx9Q=','2025-06-04 07:27:25','2025-06-11 07:27:25','2025-06-04 07:33:28',1,'2025-06-04 07:33:28','Mozilla/5.0 (Windows NT 10.0; Win64; x64) AppleWebKit/537.36 (KHTML, like Gecko) Chrome/136.0.0.0 Safari/537.36 Edg/136.0.0.0','2025-06-04 07:31:21'),(99,4,'QllaNmtxTx4/uacNEQKSgdxzRg6WMHYy274wnPJT5fY=','2025-06-04 07:33:33','2025-06-11 07:33:33','2025-06-04 23:47:48',1,'2025-06-04 23:47:48','Mozilla/5.0 (Windows NT 10.0; Win64; x64) AppleWebKit/537.36 (KHTML, like Gecko) Chrome/136.0.0.0 Safari/537.36 Edg/136.0.0.0',NULL),(100,3,'3kRHYz7FAWY1VHon/zVD6qMb9bCy+s3Xka6gFmbfzeU=','2025-06-04 23:48:41','2025-06-11 23:48:41','2025-06-05 01:53:08',1,'2025-06-05 01:53:08','Mozilla/5.0 (Windows NT 10.0; Win64; x64) AppleWebKit/537.36 (KHTML, like Gecko) Chrome/136.0.0.0 Safari/537.36 Edg/136.0.0.0','2025-06-05 01:51:50'),(101,4,'cybnK7SdfJ8fg2u4HhDNhoaXpsFA9gHNUs1u0p0BPqY=','2025-06-05 00:37:36','2025-06-12 00:37:36','2025-06-05 00:37:36',0,NULL,'PostmanRuntime/7.44.0',NULL),(102,4,'8jhU8oNxm2oE9f13Neyg5R/LFJbzXRGUgKfSt/lIGPQ=','2025-06-05 00:40:03','2025-06-12 00:40:03','2025-06-05 00:40:03',0,NULL,'PostmanRuntime/7.44.0',NULL),(103,4,'M5wvKIeTMxghwlPHuXzj7UlkIQ/v6xrMvnHqHfQ9rYI=','2025-06-05 00:52:56','2025-06-12 00:52:56','2025-06-05 00:52:56',0,NULL,'PostmanRuntime/7.44.0',NULL),(104,4,'gOOz/BDy5wfFzz4qfZEh+O8UT5mqP/sn9KYrAZ7H6QA=','2025-06-05 00:53:16','2025-06-12 00:53:16','2025-06-05 00:53:16',0,NULL,'PostmanRuntime/7.44.0',NULL),(105,4,'V4ZiPpD8E6xKDfD/WJPZyJcC6voKl3Xdqyu6aaOHuWQ=','2025-06-05 01:20:43','2025-06-12 01:20:43','2025-06-05 01:20:43',0,NULL,'PostmanRuntime/7.44.0',NULL),(106,4,'GIIaAth7j3I5R0JYl6E88u2b8CIUjgV14vxvHoutHMg=','2025-06-05 01:53:18','2025-06-12 01:53:18','2025-06-05 02:39:39',1,'2025-06-05 02:39:39','Mozilla/5.0 (Windows NT 10.0; Win64; x64) AppleWebKit/537.36 (KHTML, like Gecko) Chrome/136.0.0.0 Safari/537.36 Edg/136.0.0.0','2025-06-05 02:17:56'),(107,4,'NZBI+jQRSDmdWZveEjnY73ekpJO9RRlxHOQpL0HlkQ0=','2025-06-05 02:37:07','2025-06-12 02:37:07','2025-06-05 02:37:07',0,NULL,'PostmanRuntime/7.44.0',NULL),(108,3,'4hSnvibKx/jzjxuXC0aZ04oCocVe0g9qFt4s/o2PNEM=','2025-06-05 02:39:48','2025-06-12 02:39:48','2025-06-05 03:49:55',1,'2025-06-05 03:49:55','Mozilla/5.0 (Windows NT 10.0; Win64; x64) AppleWebKit/537.36 (KHTML, like Gecko) Chrome/136.0.0.0 Safari/537.36 Edg/136.0.0.0','2025-06-05 03:47:03'),(109,4,'WULBYCj6q3yBR+PTnRQI4Dio60kKXxeTMCP9javD+eo=','2025-06-05 03:01:51','2025-06-12 03:01:51','2025-06-05 03:01:51',0,NULL,'PostmanRuntime/7.44.0',NULL),(110,3,'DBTUe3nCxjnNv68WG9ksa8OssSjexDZqEcS4g9fRcBA=','2025-06-05 05:03:33','2025-06-12 05:03:33','2025-06-05 05:24:18',1,'2025-06-05 05:24:18','Mozilla/5.0 (Windows NT 10.0; Win64; x64) AppleWebKit/537.36 (KHTML, like Gecko) Chrome/136.0.0.0 Safari/537.36 Edg/136.0.0.0','2025-06-05 05:19:44'),(111,4,'YyCnQhFg8PfZRo5vZdqGc9vBnOUdwVwoEouxIvAeNC0=','2025-06-05 05:15:39','2025-06-12 05:15:39','2025-06-05 05:15:39',0,NULL,'PostmanRuntime/7.44.0',NULL),(112,4,'+mNnFthJO1YNyne2xNsXK/DGCR/IhKf6nBfAgNO+HiQ=','2025-06-05 05:18:34','2025-06-12 05:18:34','2025-06-05 05:18:34',0,NULL,'PostmanRuntime/7.44.0',NULL),(113,4,'9/ecTXWz+WyAGL4ddsSgFkLbhHNaIDb5FqhPSPwHw0g=','2025-06-05 05:24:25','2025-06-12 05:24:25','2025-06-05 05:29:44',1,'2025-06-05 05:29:44','Mozilla/5.0 (Windows NT 10.0; Win64; x64) AppleWebKit/537.36 (KHTML, like Gecko) Chrome/136.0.0.0 Safari/537.36 Edg/136.0.0.0','2025-06-05 05:27:31'),(114,3,'UEtKGL63q0aMEBuYC6Dm0v39l/46Rj5sqxBr8eKTVJs=','2025-06-05 05:38:53','2025-06-12 05:38:53','2025-06-05 06:18:29',1,'2025-06-05 06:18:29','Mozilla/5.0 (Windows NT 10.0; Win64; x64) AppleWebKit/537.36 (KHTML, like Gecko) Chrome/136.0.0.0 Safari/537.36 Edg/136.0.0.0','2025-06-05 06:14:56'),(115,4,'eYhS00rGgXYd0SckhBTmSWTIFr4Xmcv4RpBzNh1c0eA=','2025-06-05 05:49:49','2025-06-12 05:49:49','2025-06-05 05:49:49',0,NULL,'PostmanRuntime/7.44.0',NULL),(116,4,'Co/wPiNTq4DxIC2c4IeK6S/c/3Fds5BJZbv2JaYvvKA=','2025-06-05 06:06:02','2025-06-12 06:06:02','2025-06-05 06:06:02',0,NULL,'PostmanRuntime/7.44.0',NULL),(117,4,'jPTUqKApXd0FMq09nT5uozSDmMUn4+U2bP74GyOt17M=','2025-06-05 06:18:43','2025-06-12 06:18:43','2025-06-05 06:43:22',1,'2025-06-05 06:43:21','Mozilla/5.0 (Windows NT 10.0; Win64; x64) AppleWebKit/537.36 (KHTML, like Gecko) Chrome/136.0.0.0 Safari/537.36 Edg/136.0.0.0',NULL),(118,3,'HSRC01D33HH5oKXbaaG8SyUoz5qGYVLLOYLO5s7JhsA=','2025-06-05 06:43:26','2025-06-12 06:43:26','2025-06-05 06:59:04',1,'2025-06-05 06:59:04','Mozilla/5.0 (Windows NT 10.0; Win64; x64) AppleWebKit/537.36 (KHTML, like Gecko) Chrome/136.0.0.0 Safari/537.36 Edg/136.0.0.0','2025-06-05 06:59:01'),(119,4,'pTJalimP+Q+rX2OOMLgP4P/sAYvriC64PFuudj+ChoY=','2025-06-05 06:59:10','2025-06-12 06:59:10','2025-06-05 06:59:50',1,'2025-06-05 06:59:50','Mozilla/5.0 (Windows NT 10.0; Win64; x64) AppleWebKit/537.36 (KHTML, like Gecko) Chrome/136.0.0.0 Safari/537.36 Edg/136.0.0.0',NULL),(120,3,'4CxAjJcfOevWjB72i/SulbamXBBt8jzDB5INJ9xQ0KA=','2025-06-05 06:59:54','2025-06-12 06:59:54','2025-06-05 07:01:40',1,'2025-06-05 07:01:40','Mozilla/5.0 (Windows NT 10.0; Win64; x64) AppleWebKit/537.36 (KHTML, like Gecko) Chrome/136.0.0.0 Safari/537.36 Edg/136.0.0.0',NULL),(121,4,'u7XYh1wnVw2jgpZAvkCS0/MMfeYHEuURK4FnH/R2Cp4=','2025-06-05 07:01:44','2025-06-12 07:01:44','2025-06-05 07:02:01',1,'2025-06-05 07:02:01','Mozilla/5.0 (Windows NT 10.0; Win64; x64) AppleWebKit/537.36 (KHTML, like Gecko) Chrome/136.0.0.0 Safari/537.36 Edg/136.0.0.0',NULL),(122,3,'27zmQ9bhJCfFtUx1mT5Cu4mogyuTULCKt5Kijb6ukVg=','2025-06-05 07:06:27','2025-06-12 07:06:27','2025-06-05 07:14:53',1,'2025-06-05 07:14:53','Mozilla/5.0 (Windows NT 10.0; Win64; x64) AppleWebKit/537.36 (KHTML, like Gecko) Chrome/136.0.0.0 Safari/537.36 Edg/136.0.0.0',NULL),(123,4,'bvDTUwuNtgUpExCAVwgP8USX/SjDs1xju8tOiyFlmjQ=','2025-06-05 07:14:57','2025-06-12 07:14:57','2025-06-05 07:30:57',0,NULL,'Mozilla/5.0 (Windows NT 10.0; Win64; x64) AppleWebKit/537.36 (KHTML, like Gecko) Chrome/136.0.0.0 Safari/537.36 Edg/136.0.0.0','2025-06-05 07:30:57'),(124,4,'hXmCLJRXu1EdX5q5hBk2V7G06y0WefhyxHY57QJf4zk=','2025-06-05 07:47:31','2025-06-12 07:47:31','2025-06-05 08:03:23',1,'2025-06-05 08:03:23','Mozilla/5.0 (Windows NT 10.0; Win64; x64) AppleWebKit/537.36 (KHTML, like Gecko) Chrome/136.0.0.0 Safari/537.36 Edg/136.0.0.0','2025-06-05 08:02:46'),(125,4,'hqiBm/2w6Xz63huZYJRvNG3RZHpJ2pv1UduPS5QrAGw=','2025-06-05 07:54:30','2025-06-12 07:54:30','2025-06-05 07:54:30',0,NULL,'PostmanRuntime/7.44.0',NULL),(126,4,'yTHZyCWnw/gXohe9J60QOfRPvvNoCXseJboXJPRC7tk=','2025-06-06 00:49:56','2025-06-13 00:49:56','2025-06-06 04:44:07',1,'2025-06-06 04:44:07','Mozilla/5.0 (Windows NT 10.0; Win64; x64) AppleWebKit/537.36 (KHTML, like Gecko) Chrome/137.0.0.0 Safari/537.36 Edg/137.0.0.0','2025-06-06 03:52:09'),(127,4,'gTnbUPU+oGaLMPHXhKGbSs3sOGzxxf9IvXWsyOnrvhI=','2025-06-06 04:46:10','2025-06-13 04:46:10','2025-06-06 06:39:00',1,'2025-06-06 06:39:00','Mozilla/5.0 (Windows NT 10.0; Win64; x64) AppleWebKit/537.36 (KHTML, like Gecko) Chrome/137.0.0.0 Safari/537.36 Edg/137.0.0.0','2025-06-06 06:38:42'),(128,3,'T0KGyv6lCfhp41/HyoVPg41NbZLidW66/NrH8KHMjuk=','2025-06-06 06:39:05','2025-06-13 06:39:05','2025-06-06 06:54:53',1,'2025-06-06 06:54:53','Mozilla/5.0 (Windows NT 10.0; Win64; x64) AppleWebKit/537.36 (KHTML, like Gecko) Chrome/137.0.0.0 Safari/537.36 Edg/137.0.0.0','2025-06-06 06:52:15'),(129,4,'gjfPK8MOQFdnDXk8V7n3Oorlam2oRaTiIeP3aEAD6Ls=','2025-06-06 06:40:12','2025-06-13 06:40:12','2025-06-06 06:40:12',0,NULL,'PostmanRuntime/7.44.0',NULL),(130,4,'Yt49yq7jHFvXTOZU3C9jmP6B0dnW1f+UJKBF3kAZJgQ=','2025-06-06 06:44:26','2025-06-13 06:44:26','2025-06-06 06:44:26',0,NULL,'PostmanRuntime/7.44.0',NULL),(131,2,'7oyj700LhQEbtlb00zVm5wAUDCkzP1Ltco98dJVR+8w=','2025-06-06 06:54:57','2025-06-13 06:54:57','2025-06-06 06:56:36',1,'2025-06-06 06:56:36','Mozilla/5.0 (Windows NT 10.0; Win64; x64) AppleWebKit/537.36 (KHTML, like Gecko) Chrome/137.0.0.0 Safari/537.36 Edg/137.0.0.0',NULL),(132,3,'H2vMWFPPoe7ilrWcH/YSXLfni0l0e05ceXSJ9jT5mn0=','2025-06-06 06:56:40','2025-06-13 06:56:40','2025-06-06 08:01:01',1,'2025-06-06 08:01:01','Mozilla/5.0 (Windows NT 10.0; Win64; x64) AppleWebKit/537.36 (KHTML, like Gecko) Chrome/137.0.0.0 Safari/537.36 Edg/137.0.0.0','2025-06-06 08:00:23'),(133,4,'/SwoBJ1q66rY/Sgtrdt5F2GMnix5vO9NvudCKfN6oMw=','2025-06-06 23:21:01','2025-06-13 23:21:01','2025-06-07 05:02:23',1,'2025-06-07 05:02:23','Mozilla/5.0 (Windows NT 10.0; Win64; x64) AppleWebKit/537.36 (KHTML, like Gecko) Chrome/137.0.0.0 Safari/537.36 Edg/137.0.0.0','2025-06-07 03:03:03'),(134,3,'E3oZqwtmT6QEPRzkL8MvGo5zGZcsnU3hDVfpqToB+Qs=','2025-06-07 05:02:29','2025-06-14 05:02:29','2025-06-07 08:02:25',1,'2025-06-07 08:02:25','Mozilla/5.0 (Windows NT 10.0; Win64; x64) AppleWebKit/537.36 (KHTML, like Gecko) Chrome/137.0.0.0 Safari/537.36 Edg/137.0.0.0','2025-06-07 07:41:30'),(135,4,'IfkjqlHtqD1iKTZQ45O/A351yOlmhu48cdpZF4ROLDU=','2025-06-09 00:09:53','2025-06-16 00:09:53','2025-06-09 00:09:53',0,NULL,'PostmanRuntime/7.44.0',NULL),(136,3,'qV9lRDPjl9S/ZjgoqLNj/FKrd7S72HLCZ/BYzhVBvZY=','2025-06-09 00:15:43','2025-06-16 00:15:43','2025-06-09 00:46:23',1,'2025-06-09 00:46:23','Mozilla/5.0 (Windows NT 10.0; Win64; x64) AppleWebKit/537.36 (KHTML, like Gecko) Chrome/137.0.0.0 Safari/537.36 Edg/137.0.0.0','2025-06-09 00:46:15'),(137,4,'EXW1RxgbfQOUWu0oz8I3kg1n1BRsACvFbHp1AsGTLGM=','2025-06-09 00:43:29','2025-06-16 00:43:29','2025-06-09 00:43:29',0,NULL,'PostmanRuntime/7.44.0',NULL),(138,5,'H5mYG0wW/5pvat/8cFqX3sgAlsWuwLsUfIsRq6WHi14=','2025-06-09 00:46:30','2025-06-16 00:46:30','2025-06-09 00:46:38',1,'2025-06-09 00:46:38','Mozilla/5.0 (Windows NT 10.0; Win64; x64) AppleWebKit/537.36 (KHTML, like Gecko) Chrome/137.0.0.0 Safari/537.36 Edg/137.0.0.0',NULL),(139,3,'uzu7DfqTkOIrek4xS6HCL11jmHtqji7mSGegZrgFDTw=','2025-06-09 00:46:43','2025-06-16 00:46:43','2025-06-09 00:49:09',1,'2025-06-09 00:49:09','Mozilla/5.0 (Windows NT 10.0; Win64; x64) AppleWebKit/537.36 (KHTML, like Gecko) Chrome/137.0.0.0 Safari/537.36 Edg/137.0.0.0',NULL),(140,4,'VGm8iBGRbBE1SUjLMURjq/B0fZ4Iq67XckSsJg19TGE=','2025-06-09 00:49:17','2025-06-16 00:49:17','2025-06-09 01:02:09',1,'2025-06-09 01:02:09','Mozilla/5.0 (Windows NT 10.0; Win64; x64) AppleWebKit/537.36 (KHTML, like Gecko) Chrome/137.0.0.0 Safari/537.36 Edg/137.0.0.0','2025-06-09 01:00:39'),(141,2,'U3mrnH/Vv29gvhfZVNz8AdC7BsAnjmAMzykMErDGkDU=','2025-06-09 01:02:16','2025-06-16 01:02:16','2025-06-09 01:02:53',1,'2025-06-09 01:02:53','Mozilla/5.0 (Windows NT 10.0; Win64; x64) AppleWebKit/537.36 (KHTML, like Gecko) Chrome/137.0.0.0 Safari/537.36 Edg/137.0.0.0',NULL),(142,2,'gpFoJyG6xNSy31DlSgMsLEJzgzYjVaBJWvrycfvbZDY=','2025-06-09 01:02:59','2025-06-16 01:02:59','2025-06-09 01:07:02',1,'2025-06-09 01:07:02','Mozilla/5.0 (Windows NT 10.0; Win64; x64) AppleWebKit/537.36 (KHTML, like Gecko) Chrome/137.0.0.0 Safari/537.36 Edg/137.0.0.0','2025-06-09 01:05:57'),(143,3,'QkymytsAGSVdfCJI5C5sEuF/BOopM5KkT6f0J1qGUM8=','2025-06-09 01:07:14','2025-06-16 01:07:14','2025-06-09 02:45:37',1,'2025-06-09 02:45:37','Mozilla/5.0 (Windows NT 10.0; Win64; x64) AppleWebKit/537.36 (KHTML, like Gecko) Chrome/137.0.0.0 Safari/537.36 Edg/137.0.0.0','2025-06-09 02:43:53'),(144,4,'qLKRoi40UfDfKTDO9tx3EcrGB6tL/2KeWclj/r1t5oA=','2025-06-09 01:18:52','2025-06-16 01:18:52','2025-06-09 01:18:52',0,NULL,'PostmanRuntime/7.44.0',NULL),(145,4,'FuuFpGlt3BpPoC+I1frohitwSyQLXsLtw8Rbal5hsJE=','2025-06-09 01:19:44','2025-06-16 01:19:44','2025-06-09 01:19:44',0,NULL,'PostmanRuntime/7.44.0',NULL),(146,4,'Evqywkl7opg8D+nabyxzg/MJGfVJPwvjvvs7aijUPkk=','2025-06-09 01:22:07','2025-06-16 01:22:07','2025-06-09 01:22:07',0,NULL,'PostmanRuntime/7.44.0',NULL),(147,4,'YCwV7qKtR2MpBZlhoVjW9+yojQ7fSUASgdkrj8bPAY8=','2025-06-09 01:26:08','2025-06-16 01:26:08','2025-06-09 01:26:08',0,NULL,'PostmanRuntime/7.44.0',NULL),(148,4,'mWyV8lunbB2oi+Tv9lLgOLU6VqTVFW5RHP8AlaSC6xU=','2025-06-09 01:57:16','2025-06-16 01:57:16','2025-06-09 01:57:16',0,NULL,'PostmanRuntime/7.44.0',NULL),(149,4,'SBTXNw1TzLxfp/eih81BWPNns1b5Ye86Pk3iozi5g50=','2025-06-09 02:45:42','2025-06-16 02:45:42','2025-06-09 02:46:02',1,'2025-06-09 02:46:02','Mozilla/5.0 (Windows NT 10.0; Win64; x64) AppleWebKit/537.36 (KHTML, like Gecko) Chrome/137.0.0.0 Safari/537.36 Edg/137.0.0.0',NULL),(150,3,'7SfNRX6JWO8MmEptn8JqLw+oJH7+Lp+klDtKzBbgWGw=','2025-06-09 02:46:06','2025-06-16 02:46:06','2025-06-09 04:54:41',1,'2025-06-09 04:54:41','Mozilla/5.0 (Windows NT 10.0; Win64; x64) AppleWebKit/537.36 (KHTML, like Gecko) Chrome/137.0.0.0 Safari/537.36 Edg/137.0.0.0','2025-06-09 03:47:40'),(151,4,'C5eOVuV5kzZoJTWQvkTut3qjVUCd1EzzNXbjadAWqOI=','2025-06-09 02:59:52','2025-06-16 02:59:52','2025-06-09 02:59:52',0,NULL,'PostmanRuntime/7.44.0',NULL),(152,3,'geMx6AuRsQ7cTen+Kc9quFFzYIQfJaAZZQkBbxEgIGI=','2025-06-09 04:54:52','2025-06-16 04:54:52','2025-06-09 04:59:08',1,'2025-06-09 04:59:08','Mozilla/5.0 (Windows NT 10.0; Win64; x64) AppleWebKit/537.36 (KHTML, like Gecko) Chrome/137.0.0.0 Safari/537.36 Edg/137.0.0.0','2025-06-09 04:57:45'),(153,4,'ZDuHFf4q3Ceg0yD9U0Tzomae9QY3Qc8S/JsxauVCZEk=','2025-06-09 04:59:13','2025-06-16 04:59:13','2025-06-09 05:03:04',1,'2025-06-09 05:03:04','Mozilla/5.0 (Windows NT 10.0; Win64; x64) AppleWebKit/537.36 (KHTML, like Gecko) Chrome/137.0.0.0 Safari/537.36 Edg/137.0.0.0','2025-06-09 05:02:11'),(154,2,'LNUULY+HC/rXdNLMd5du4pDlXprqq96nbAv0SEimqAw=','2025-06-09 05:03:16','2025-06-16 05:03:16','2025-06-09 05:07:05',1,'2025-06-09 05:07:05','Mozilla/5.0 (Windows NT 10.0; Win64; x64) AppleWebKit/537.36 (KHTML, like Gecko) Chrome/137.0.0.0 Safari/537.36 Edg/137.0.0.0','2025-06-09 05:06:40'),(155,3,'5OgJrIpu0YbmnFPhR3CEScEyMR/NP2uG4iSx8TBjz5I=','2025-06-09 05:07:13','2025-06-16 05:07:13','2025-06-09 05:07:27',1,'2025-06-09 05:07:27','Mozilla/5.0 (Windows NT 10.0; Win64; x64) AppleWebKit/537.36 (KHTML, like Gecko) Chrome/137.0.0.0 Safari/537.36 Edg/137.0.0.0',NULL),(156,2,'JIDEzNgA/UexMvjM/GkosHSR0HwFU5ipKtYZ+P2V21c=','2025-06-09 05:07:42','2025-06-16 05:07:42','2025-06-09 05:07:51',1,'2025-06-09 05:07:51','Mozilla/5.0 (Windows NT 10.0; Win64; x64) AppleWebKit/537.36 (KHTML, like Gecko) Chrome/137.0.0.0 Safari/537.36 Edg/137.0.0.0',NULL),(157,3,'YkPu9F+2tMMzJzDyy/3r6gM77w0JZd3Wx50vJ1rG1hE=','2025-06-09 05:07:57','2025-06-16 05:07:57','2025-06-09 05:40:28',1,'2025-06-09 05:40:28','Mozilla/5.0 (Windows NT 10.0; Win64; x64) AppleWebKit/537.36 (KHTML, like Gecko) Chrome/137.0.0.0 Safari/537.36 Edg/137.0.0.0','2025-06-09 05:38:56'),(158,4,'FaYMLNifR4cavWKSjFFxcYIZ+bHNOrbwNqv1jDgOLho=','2025-06-09 05:40:36','2025-06-16 05:40:36','2025-06-09 05:47:33',1,'2025-06-09 05:47:33','Mozilla/5.0 (Windows NT 10.0; Win64; x64) AppleWebKit/537.36 (KHTML, like Gecko) Chrome/137.0.0.0 Safari/537.36 Edg/137.0.0.0',NULL),(159,2,'xQHGofFNuGiUVrdzrvSRT0hktbg7ffYdFGLqaz97EwI=','2025-06-09 05:48:16','2025-06-16 05:48:16','2025-06-10 23:19:53',1,'2025-06-10 23:19:53','Mozilla/5.0 (Windows NT 10.0; Win64; x64) AppleWebKit/537.36 (KHTML, like Gecko) Chrome/137.0.0.0 Safari/537.36 Edg/137.0.0.0',NULL),(160,3,'3rvJxNNrLc3uc71MEyoPh4hBA4EGxo+gxGIm2aXfOgI=','2025-06-10 23:20:22','2025-06-17 23:20:22','2025-06-10 23:20:44',1,'2025-06-10 23:20:44','Mozilla/5.0 (Windows NT 10.0; Win64; x64) AppleWebKit/537.36 (KHTML, like Gecko) Chrome/137.0.0.0 Safari/537.36 Edg/137.0.0.0',NULL),(161,4,'ScRBjkNOZQYQkEeOL8ng/oGTxYB3ONnYK4cl5QU+uLk=','2025-06-10 23:20:49','2025-06-17 23:20:49','2025-06-11 00:01:04',1,'2025-06-11 00:01:04','Mozilla/5.0 (Windows NT 10.0; Win64; x64) AppleWebKit/537.36 (KHTML, like Gecko) Chrome/137.0.0.0 Safari/537.36 Edg/137.0.0.0','2025-06-10 23:59:11'),(162,4,'NNBXVbnllArHxEPLxaWLFsn4s3B57g83eKCTEskQmzQ=','2025-06-11 00:01:09','2025-06-18 00:01:09','2025-06-11 00:29:46',1,'2025-06-11 00:29:46','Mozilla/5.0 (Windows NT 10.0; Win64; x64) AppleWebKit/537.36 (KHTML, like Gecko) Chrome/137.0.0.0 Safari/537.36 Edg/137.0.0.0',NULL),(163,3,'QfDEA4p6DhAnnliGJ6xA0bBySEDh3sl+uGpiHFLgSEY=','2025-06-11 05:50:17','2025-06-18 05:50:17','2025-06-11 05:56:11',1,'2025-06-11 05:56:11','Mozilla/5.0 (Windows NT 10.0; Win64; x64) AppleWebKit/537.36 (KHTML, like Gecko) Chrome/137.0.0.0 Safari/537.36 Edg/137.0.0.0','2025-06-11 05:53:52'),(164,4,'ibQI4TxfUxwQUCPt3I15bHNrsVHUk8WuNS3P48gIVXE=','2025-06-11 05:56:15','2025-06-18 05:56:15','2025-06-11 05:58:39',1,'2025-06-11 05:58:39','Mozilla/5.0 (Windows NT 10.0; Win64; x64) AppleWebKit/537.36 (KHTML, like Gecko) Chrome/137.0.0.0 Safari/537.36 Edg/137.0.0.0',NULL),(165,3,'aLKb9JVhWj1Uw3X5KejIgojriIQ73tLKqiok3sKSmyU=','2025-06-13 06:17:09','2025-06-20 06:17:09','2025-06-13 06:29:49',1,'2025-06-13 06:29:49','Mozilla/5.0 (Windows NT 10.0; Win64; x64) AppleWebKit/537.36 (KHTML, like Gecko) Chrome/137.0.0.0 Safari/537.36 Edg/137.0.0.0','2025-06-13 06:29:33'),(166,4,'miWL+wTpGRp3+Wrm8raVsIMWsUhy20bAJyW9NnLnMrs=','2025-06-13 06:29:53','2025-06-20 06:29:53','2025-06-13 07:26:43',1,'2025-06-13 07:26:43','Mozilla/5.0 (Windows NT 10.0; Win64; x64) AppleWebKit/537.36 (KHTML, like Gecko) Chrome/137.0.0.0 Safari/537.36 Edg/137.0.0.0','2025-06-13 07:26:00'),(167,3,'hiydD4vJNMZUy9Y/uvhq47jco05behy8FSUv850+3+o=','2025-06-13 07:26:56','2025-06-20 07:26:56','2025-06-13 07:27:08',1,'2025-06-13 07:27:08','Mozilla/5.0 (Windows NT 10.0; Win64; x64) AppleWebKit/537.36 (KHTML, like Gecko) Chrome/137.0.0.0 Safari/537.36 Edg/137.0.0.0',NULL),(168,4,'zpkGQMqwyOugZBrOtczqbAgmQAfpbJYLTxwHrqVwIWw=','2025-06-13 07:27:12','2025-06-20 07:27:12','2025-06-13 07:32:27',1,'2025-06-13 07:32:27','Mozilla/5.0 (Windows NT 10.0; Win64; x64) AppleWebKit/537.36 (KHTML, like Gecko) Chrome/137.0.0.0 Safari/537.36 Edg/137.0.0.0',NULL),(169,4,'J0o8XQjoJWA0wDnNplfZGmYQadmgQ/B+Ucyu7ChBpH4=','2025-06-14 04:21:50','2025-06-21 04:21:50','2025-06-14 04:22:35',1,'2025-06-14 04:22:35','Mozilla/5.0 (Windows NT 10.0; Win64; x64) AppleWebKit/537.36 (KHTML, like Gecko) Chrome/137.0.0.0 Safari/537.36 Edg/137.0.0.0',NULL),(170,4,'pH9oNxzWiLuUE4xHIrpfPzorRmrSwIMmRYoOBeF+Cao=','2025-06-14 04:22:46','2025-06-21 04:22:46','2025-06-14 04:23:54',1,'2025-06-14 04:23:54','Mozilla/5.0 (Windows NT 10.0; Win64; x64) AppleWebKit/537.36 (KHTML, like Gecko) Chrome/137.0.0.0 Safari/537.36 Edg/137.0.0.0',NULL),(171,2,'9WpvXBUR6MZhz95+DQvfTXFyo0RrYpZS0IT0ECiA9CI=','2025-06-14 04:24:06','2025-06-21 04:24:06','2025-06-14 04:26:57',1,'2025-06-14 04:26:57','Mozilla/5.0 (Windows NT 10.0; Win64; x64) AppleWebKit/537.36 (KHTML, like Gecko) Chrome/137.0.0.0 Safari/537.36 Edg/137.0.0.0',NULL),(172,3,'MAt7MahFSwK04yxdVtsomIe6PaMB1HyUGl01giR/8vI=','2025-06-14 04:28:47','2025-06-21 04:28:47','2025-06-14 04:31:08',1,'2025-06-14 04:31:08','Mozilla/5.0 (Windows NT 10.0; Win64; x64) AppleWebKit/537.36 (KHTML, like Gecko) Chrome/137.0.0.0 Safari/537.36 Edg/137.0.0.0',NULL),(173,2,'zYSuPg0jk3uXrO2TlM9K2USgv316VixsN8E2doX/ibo=','2025-06-14 04:31:14','2025-06-21 04:31:14','2025-06-14 04:31:51',1,'2025-06-14 04:31:51','Mozilla/5.0 (Windows NT 10.0; Win64; x64) AppleWebKit/537.36 (KHTML, like Gecko) Chrome/137.0.0.0 Safari/537.36 Edg/137.0.0.0',NULL),(174,3,'x8dEPHrgpag+pm5Qv2bTJZ073WM0658mlvsHkORThKA=','2025-06-14 05:04:20','2025-06-21 05:04:20','2025-06-14 05:04:22',1,'2025-06-14 05:04:22','Mozilla/5.0 (Windows NT 10.0; Win64; x64) AppleWebKit/537.36 (KHTML, like Gecko) Chrome/137.0.0.0 Safari/537.36 Edg/137.0.0.0',NULL),(175,4,'Sf1/VXOxI23AxiMLzM5HY0xWU7NIUHn4rgdh4DMaf4A=','2025-06-14 05:04:25','2025-06-21 05:04:25','2025-06-14 05:04:27',1,'2025-06-14 05:04:27','Mozilla/5.0 (Windows NT 10.0; Win64; x64) AppleWebKit/537.36 (KHTML, like Gecko) Chrome/137.0.0.0 Safari/537.36 Edg/137.0.0.0',NULL),(176,3,'giViWyYFf0VfUXz9yDe3C352kKOtnTVsybcS10ovZ90=','2025-06-14 05:28:36','2025-06-21 05:28:36','2025-06-14 05:28:39',1,'2025-06-14 05:28:39','Mozilla/5.0 (Windows NT 10.0; Win64; x64) AppleWebKit/537.36 (KHTML, like Gecko) Chrome/137.0.0.0 Safari/537.36 Edg/137.0.0.0',NULL),(177,4,'hM3lLILHciH8doKtKMvunX9Bf3JVfBeCVSii7RgMBOg=','2025-06-14 05:28:43','2025-06-21 05:28:43','2025-06-14 05:28:46',1,'2025-06-14 05:28:46','Mozilla/5.0 (Windows NT 10.0; Win64; x64) AppleWebKit/537.36 (KHTML, like Gecko) Chrome/137.0.0.0 Safari/537.36 Edg/137.0.0.0',NULL),(178,4,'DJ5tL4ZhN8hjiVksyXDWVhJD7gK6pLXNrfI1kEFe5e8=','2025-06-14 05:28:50','2025-06-21 05:28:50','2025-06-14 05:28:54',1,'2025-06-14 05:28:54','Mozilla/5.0 (Windows NT 10.0; Win64; x64) AppleWebKit/537.36 (KHTML, like Gecko) Chrome/137.0.0.0 Safari/537.36 Edg/137.0.0.0',NULL),(179,2,'CgTPbpj+SuzqtiYfMPDrPKdm2oWNGlsRYZRBZN4sVPk=','2025-06-14 05:28:58','2025-06-21 05:28:58','2025-06-14 05:29:01',1,'2025-06-14 05:29:01','Mozilla/5.0 (Windows NT 10.0; Win64; x64) AppleWebKit/537.36 (KHTML, like Gecko) Chrome/137.0.0.0 Safari/537.36 Edg/137.0.0.0',NULL),(180,2,'z44OH8v2A8fWF3C4KcwpSc3hjLfb5HCaNGrQcvyhYMw=','2025-06-14 06:03:55','2025-06-21 06:03:55','2025-06-14 06:04:02',1,'2025-06-14 06:04:02','Mozilla/5.0 (Windows NT 10.0; Win64; x64) AppleWebKit/537.36 (KHTML, like Gecko) Chrome/137.0.0.0 Safari/537.36 Edg/137.0.0.0',NULL),(181,4,'AP7DxdlAvfNiRRvp5j++w9vqz3cCSwZeUC0diLnR2bk=','2025-06-14 06:04:06','2025-06-21 06:04:06','2025-06-14 06:04:09',1,'2025-06-14 06:04:09','Mozilla/5.0 (Windows NT 10.0; Win64; x64) AppleWebKit/537.36 (KHTML, like Gecko) Chrome/137.0.0.0 Safari/537.36 Edg/137.0.0.0',NULL),(182,3,'qAo7Rjx1YyTtv0JUQb4QJ9EaOZXq5jVb1c3TydvDpGw=','2025-06-14 06:04:14','2025-06-21 06:04:14','2025-06-16 03:42:57',1,'2025-06-16 03:42:57','Mozilla/5.0 (Windows NT 10.0; Win64; x64) AppleWebKit/537.36 (KHTML, like Gecko) Chrome/137.0.0.0 Safari/537.36 Edg/137.0.0.0','2025-06-16 03:01:43'),(183,4,'clw0FgDwd1v6fD9ELvgohPLucrH8A1yxUC9nkp341Hk=','2025-06-16 02:52:19','2025-06-23 02:52:19','2025-06-16 02:52:19',0,NULL,'Mozilla/5.0 (Windows NT 10.0; Win64; x64) AppleWebKit/537.36 (KHTML, like Gecko) Chrome/137.0.0.0 Safari/537.36 Edg/137.0.0.0',NULL),(184,4,'F62Xs18AjYNG4nmdbldCtzxMv9oJzP7vSIts05UOOZ0=','2025-06-16 03:02:05','2025-06-23 03:02:05','2025-06-16 03:02:05',0,NULL,'Mozilla/5.0 (Windows NT 10.0; Win64; x64) AppleWebKit/537.36 (KHTML, like Gecko) Chrome/137.0.0.0 Safari/537.36 Edg/137.0.0.0',NULL),(185,4,'R8JjPd2AvyJJTcpB0q3mjKBvDQwfy0tCQcJJi4vQtmk=','2025-06-16 03:09:03','2025-06-23 03:09:03','2025-06-16 03:09:03',0,NULL,'Mozilla/5.0 (Windows NT 10.0; Win64; x64) AppleWebKit/537.36 (KHTML, like Gecko) Chrome/137.0.0.0 Safari/537.36 Edg/137.0.0.0',NULL),(186,4,'bYn4kS0WksipDmkjx+rmSkcNI7a9K7YsBUcCAUdEPv4=','2025-06-16 03:12:13','2025-06-23 03:12:13','2025-06-16 03:12:13',0,NULL,'Mozilla/5.0 (Windows NT 10.0; Win64; x64) AppleWebKit/537.36 (KHTML, like Gecko) Chrome/137.0.0.0 Safari/537.36 Edg/137.0.0.0',NULL),(187,4,'/1T6CuzJbDiJnoKlxljqVYOROK6x+9vPBpbzqk/N54s=','2025-06-16 03:19:37','2025-06-23 03:19:37','2025-06-16 03:19:37',0,NULL,'Mozilla/5.0 (Windows NT 10.0; Win64; x64) AppleWebKit/537.36 (KHTML, like Gecko) Chrome/137.0.0.0 Safari/537.36 Edg/137.0.0.0',NULL),(188,4,'3c6s/g09oQCiPJr9vJ5yNGxEkIfI+I2guvbHb2E9kjw=','2025-06-16 03:33:58','2025-06-23 03:33:58','2025-06-16 03:33:58',0,NULL,'Mozilla/5.0 (Windows NT 10.0; Win64; x64) AppleWebKit/537.36 (KHTML, like Gecko) Chrome/137.0.0.0 Safari/537.36 Edg/137.0.0.0',NULL),(189,4,'mxUCSM5AqQB9CKavKL4QxHVIyKRkgWGcLTu2C9R/JhY=','2025-06-16 03:42:45','2025-06-23 03:42:45','2025-06-16 03:42:45',0,NULL,'Mozilla/5.0 (Windows NT 10.0; Win64; x64) AppleWebKit/537.36 (KHTML, like Gecko) Chrome/137.0.0.0 Safari/537.36 Edg/137.0.0.0',NULL),(190,2,'BlxpfQEtkL60bZyfPI2rxxQAFIScp7HCpPdi5ADJnwY=','2025-06-16 23:51:00','2025-06-23 23:51:00','2025-06-17 00:02:24',1,'2025-06-17 00:02:24','Mozilla/5.0 (Windows NT 10.0; Win64; x64) AppleWebKit/537.36 (KHTML, like Gecko) Chrome/137.0.0.0 Safari/537.36 Edg/137.0.0.0','2025-06-16 23:54:06'),(191,3,'sM6LjNkrkaeqYeyVQqXUu2eH5qwHVKNI4u7YRYjUwxs=','2025-06-17 00:02:32','2025-06-24 00:02:32','2025-06-17 00:07:46',1,'2025-06-17 00:07:46','Mozilla/5.0 (Windows NT 10.0; Win64; x64) AppleWebKit/537.36 (KHTML, like Gecko) Chrome/137.0.0.0 Safari/537.36 Edg/137.0.0.0','2025-06-17 00:07:25'),(192,4,'IzdygP5i7PwO+PfOPFNjNSXWV2/sqN1ANwddFFq6hQA=','2025-06-17 00:08:00','2025-06-24 00:08:00','2025-06-17 00:13:38',1,'2025-06-17 00:13:38','Mozilla/5.0 (Windows NT 10.0; Win64; x64) AppleWebKit/537.36 (KHTML, like Gecko) Chrome/137.0.0.0 Safari/537.36 Edg/137.0.0.0','2025-06-17 00:12:53'),(193,4,'ZyiJAY+8TQDxduts3BQsWz63Zx2L9MZv99ziRJUauAE=','2025-06-17 00:17:59','2025-06-24 00:17:59','2025-06-17 00:24:21',1,'2025-06-17 00:24:21','Mozilla/5.0 (Windows NT 10.0; Win64; x64) AppleWebKit/537.36 (KHTML, like Gecko) Chrome/137.0.0.0 Safari/537.36 Edg/137.0.0.0','2025-06-17 00:19:02'),(194,4,'bCyu+JqTN56G3bD65y3MRKUrIsmj7bxFncejf+0m1c0=','2025-06-17 00:24:27','2025-06-24 00:24:27','2025-06-17 00:28:02',1,'2025-06-17 00:28:02','Mozilla/5.0 (Windows NT 10.0; Win64; x64) AppleWebKit/537.36 (KHTML, like Gecko) Chrome/137.0.0.0 Safari/537.36 Edg/137.0.0.0','2025-06-17 00:26:25'),(195,2,'OeITZvH9oHek9+82e3+RP3C4qfR0cVHo6M8BNS6YIW4=','2025-06-17 00:28:06','2025-06-24 00:28:06','2025-06-17 00:29:24',1,'2025-06-17 00:29:24','Mozilla/5.0 (Windows NT 10.0; Win64; x64) AppleWebKit/537.36 (KHTML, like Gecko) Chrome/137.0.0.0 Safari/537.36 Edg/137.0.0.0','2025-06-17 00:29:16'),(196,3,'8QdPgrFRGhr7l76/tOzi2/zoSbEIQE2lO/oNBJM3Ygw=','2025-06-17 00:29:33','2025-06-24 00:29:33','2025-06-17 00:30:42',1,'2025-06-17 00:30:42','Mozilla/5.0 (Windows NT 10.0; Win64; x64) AppleWebKit/537.36 (KHTML, like Gecko) Chrome/137.0.0.0 Safari/537.36 Edg/137.0.0.0','2025-06-17 00:30:35'),(197,3,'3jMKBPG7l/npfKEMbUGHef3qQ1TRUqXMWwyoA3VI900=','2025-06-17 00:30:58','2025-06-24 00:30:58','2025-06-17 00:32:56',1,'2025-06-17 00:32:56','Mozilla/5.0 (Windows NT 10.0; Win64; x64) AppleWebKit/537.36 (KHTML, like Gecko) Chrome/137.0.0.0 Safari/537.36 Edg/137.0.0.0','2025-06-17 00:32:55'),(198,4,'/bo/9eaP5+QY6gyx5G6Kp/oSVN0/3I/zEzA/BoOnLIA=','2025-06-17 00:33:02','2025-06-24 00:33:02','2025-06-17 00:48:55',1,'2025-06-17 00:48:55','Mozilla/5.0 (Windows NT 10.0; Win64; x64) AppleWebKit/537.36 (KHTML, like Gecko) Chrome/137.0.0.0 Safari/537.36 Edg/137.0.0.0','2025-06-17 00:37:08'),(199,4,'ttw2wyqh+fwLPSSib941Xp5gW+kxqSnK1nAN1lz7/Kc=','2025-06-17 00:49:58','2025-06-24 00:49:58','2025-06-17 01:00:56',1,'2025-06-17 01:00:56','Mozilla/5.0 (Windows NT 10.0; Win64; x64) AppleWebKit/537.36 (KHTML, like Gecko) Chrome/137.0.0.0 Safari/537.36 Edg/137.0.0.0','2025-06-17 00:50:01'),(200,4,'urGLeQ0LfkEatcGs41mnWdWeumq4orKmgbeofuG35/M=','2025-06-17 01:01:01','2025-06-24 01:01:01','2025-06-17 01:09:25',1,'2025-06-17 01:09:25','Mozilla/5.0 (Windows NT 10.0; Win64; x64) AppleWebKit/537.36 (KHTML, like Gecko) Chrome/137.0.0.0 Safari/537.36 Edg/137.0.0.0','2025-06-17 01:03:28'),(201,4,'pBr/da/rxS+7mHSqU6pas62chZ5MMCm1J/bXe59303g=','2025-06-17 01:09:31','2025-06-24 01:09:31','2025-06-17 01:35:41',1,'2025-06-17 01:35:41','Mozilla/5.0 (Windows NT 10.0; Win64; x64) AppleWebKit/537.36 (KHTML, like Gecko) Chrome/137.0.0.0 Safari/537.36 Edg/137.0.0.0','2025-06-17 01:10:02'),(202,4,'0/2WeEbcIB5J5l78d05gbdcn5EEBvG1WdldFEFXZyLA=','2025-06-17 01:13:51','2025-06-24 01:13:51','2025-06-17 01:13:51',0,NULL,'PostmanRuntime/7.44.0',NULL),(203,4,'Yf+3i7u3wUM7Q0XQaPd7qrn1AWUaS7JdhWowzN+oJFg=','2025-06-17 01:14:10','2025-06-24 01:14:10','2025-06-17 01:14:10',0,NULL,'PostmanRuntime/7.44.0',NULL),(204,4,'GvPPj7sQN+dCgKgGUoG6X1O18CXfuzgmAHkzjBSvXyU=','2025-06-17 01:28:56','2025-06-24 01:28:56','2025-06-17 01:28:56',0,NULL,'PostmanRuntime/7.44.0',NULL),(205,4,'QASJXH1hb5BmZeIw6zoIyyT89P/qexJ6JBT5c/bcSg0=','2025-06-17 01:35:01','2025-06-24 01:35:01','2025-06-17 01:35:01',0,NULL,'PostmanRuntime/7.44.0',NULL),(206,4,'1PE/R64aivwZBDVb8vYVsz9XAmGV08dey1I7zy3WrxQ=','2025-06-17 01:35:46','2025-06-24 01:35:46','2025-06-17 01:42:13',1,'2025-06-17 01:42:13','Mozilla/5.0 (Windows NT 10.0; Win64; x64) AppleWebKit/537.36 (KHTML, like Gecko) Chrome/137.0.0.0 Safari/537.36 Edg/137.0.0.0',NULL),(207,4,'ngjpJI4r2vPTQxUoyco8ZsDIQNTFrGX1H0ddZAQz8Qk=','2025-06-17 01:46:32','2025-06-24 01:46:32','2025-06-17 01:52:35',1,'2025-06-17 01:52:35','Mozilla/5.0 (Windows NT 10.0; Win64; x64) AppleWebKit/537.36 (KHTML, like Gecko) Chrome/137.0.0.0 Safari/537.36 Edg/137.0.0.0','2025-06-17 01:49:59'),(208,4,'LF5TT+QH08caPEl8MWQ/TyHETAe+3IutPpUY0v9yFLs=','2025-06-17 01:53:44','2025-06-24 01:53:44','2025-06-17 02:20:06',1,'2025-06-17 02:20:06','Mozilla/5.0 (Windows NT 10.0; Win64; x64) AppleWebKit/537.36 (KHTML, like Gecko) Chrome/137.0.0.0 Safari/537.36 Edg/137.0.0.0',NULL),(209,4,'Kq6oVTNcSkMfmCSwI24Jl+Dp9RfQsG2guR85NsYwBgs=','2025-06-17 02:22:34','2025-06-24 02:22:34','2025-06-17 02:36:35',1,'2025-06-17 02:36:35','Mozilla/5.0 (Windows NT 10.0; Win64; x64) AppleWebKit/537.36 (KHTML, like Gecko) Chrome/137.0.0.0 Safari/537.36 Edg/137.0.0.0','2025-06-17 02:29:38'),(210,4,'j85CrhvTyf3Nz1Zh3BbUW8gAZVAA62h8zOtaDs/IEUM=','2025-06-17 02:36:39','2025-06-24 02:36:39','2025-06-17 02:46:50',1,'2025-06-17 02:46:50','Mozilla/5.0 (Windows NT 10.0; Win64; x64) AppleWebKit/537.36 (KHTML, like Gecko) Chrome/137.0.0.0 Safari/537.36 Edg/137.0.0.0',NULL),(211,4,'aC8EMLNTEGRNTHeEucd4ruZrSyRJU6VKAYYbMQEoVkE=','2025-06-17 02:46:55','2025-06-24 02:46:55','2025-06-17 03:04:45',1,'2025-06-17 03:04:45','Mozilla/5.0 (Windows NT 10.0; Win64; x64) AppleWebKit/537.36 (KHTML, like Gecko) Chrome/137.0.0.0 Safari/537.36 Edg/137.0.0.0','2025-06-17 02:54:56'),(212,4,'bdspJMeWcWDrjljz6dohm+zMazrL8FjRfaShvfg06xY=','2025-06-17 03:04:51','2025-06-24 03:04:51','2025-06-17 03:41:05',1,'2025-06-17 03:41:05','Mozilla/5.0 (Windows NT 10.0; Win64; x64) AppleWebKit/537.36 (KHTML, like Gecko) Chrome/137.0.0.0 Safari/537.36 Edg/137.0.0.0',NULL),(213,4,'dtWGKJ3nnOk4MKO5DMBq9H/CrK7S954FhPJlCpnp69Q=','2025-06-17 05:37:59','2025-06-24 05:37:59','2025-06-17 06:32:22',1,'2025-06-17 06:32:22','Mozilla/5.0 (Windows NT 10.0; Win64; x64) AppleWebKit/537.36 (KHTML, like Gecko) Chrome/137.0.0.0 Safari/537.36 Edg/137.0.0.0',NULL),(214,4,'Xk5545C0Qtfu3IbfyVybDG13alCmdCl+wG8cypquMBM=','2025-06-17 06:32:28','2025-06-24 06:32:28','2025-06-17 06:50:38',1,'2025-06-17 06:50:38','Mozilla/5.0 (Windows NT 10.0; Win64; x64) AppleWebKit/537.36 (KHTML, like Gecko) Chrome/137.0.0.0 Safari/537.36 Edg/137.0.0.0','2025-06-17 06:41:58'),(215,4,'w506BaURe/eC9KXL++ZdNLgrcxxu8kB2eGiHJ51ZwuM=','2025-06-17 06:50:47','2025-06-24 06:50:47','2025-06-17 07:12:33',1,'2025-06-17 07:12:33','Mozilla/5.0 (Windows NT 10.0; Win64; x64) AppleWebKit/537.36 (KHTML, like Gecko) Chrome/137.0.0.0 Safari/537.36 Edg/137.0.0.0',NULL),(216,4,'nXHgLJx1p5T2UNF+GoEEIzu4RJ8eFQgjUwNCCyESbZM=','2025-06-17 07:12:42','2025-06-24 07:12:42','2025-06-17 07:56:52',0,NULL,'Mozilla/5.0 (Windows NT 10.0; Win64; x64) AppleWebKit/537.36 (KHTML, like Gecko) Chrome/137.0.0.0 Safari/537.36 Edg/137.0.0.0','2025-06-17 07:56:52'),(217,4,'nlRN0N3A25khotouzXmNu3k7Hj0PNdpVegr9aFvra4Q=','2025-06-18 00:13:33','2025-06-25 00:13:33','2025-06-18 01:21:37',1,'2025-06-18 01:21:37','Mozilla/5.0 (Windows NT 10.0; Win64; x64) AppleWebKit/537.36 (KHTML, like Gecko) Chrome/137.0.0.0 Safari/537.36 Edg/137.0.0.0','2025-06-18 00:31:25'),(218,4,'iOOXFwZyM7+Kh+6w3OmRMbLpzWtm2PbD6pGPlEWfaiI=','2025-06-18 01:21:46','2025-06-25 01:21:46','2025-06-18 01:38:02',1,'2025-06-18 01:38:02','Mozilla/5.0 (Windows NT 10.0; Win64; x64) AppleWebKit/537.36 (KHTML, like Gecko) Chrome/137.0.0.0 Safari/537.36 Edg/137.0.0.0',NULL),(219,2,'gNdd6JymiMoS7LzC8gIzz/sT4uwCb9OEyVGnkU/DF3Y=','2025-06-18 01:38:07','2025-06-25 01:38:07','2025-06-18 01:40:12',1,'2025-06-18 01:40:12','Mozilla/5.0 (Windows NT 10.0; Win64; x64) AppleWebKit/537.36 (KHTML, like Gecko) Chrome/137.0.0.0 Safari/537.36 Edg/137.0.0.0',NULL),(220,3,'ijcfje0XkXhSXnvI6By2wzPJMceBL/ij8jScQhZG4m0=','2025-06-18 01:40:18','2025-06-25 01:40:18','2025-06-18 01:44:17',1,'2025-06-18 01:44:17','Mozilla/5.0 (Windows NT 10.0; Win64; x64) AppleWebKit/537.36 (KHTML, like Gecko) Chrome/137.0.0.0 Safari/537.36 Edg/137.0.0.0',NULL),(221,4,'co4ZrFsOMuA8WU3Lr6W1t9AQt14qQd/bwQTAtGg20/Q=','2025-06-18 01:44:20','2025-06-25 01:44:20','2025-06-18 01:51:21',1,'2025-06-18 01:51:21','Mozilla/5.0 (Windows NT 10.0; Win64; x64) AppleWebKit/537.36 (KHTML, like Gecko) Chrome/137.0.0.0 Safari/537.36 Edg/137.0.0.0','2025-06-18 01:50:26'),(222,4,'1sye+9RtEfNt9z9azOecy1+Cf/H/vLrD0hzAjRX8RkU=','2025-06-18 01:51:25','2025-06-25 01:51:25','2025-06-18 02:19:53',1,'2025-06-18 02:19:53','Mozilla/5.0 (Windows NT 10.0; Win64; x64) AppleWebKit/537.36 (KHTML, like Gecko) Chrome/137.0.0.0 Safari/537.36 Edg/137.0.0.0','2025-06-18 02:19:31'),(223,4,'+rBaOolvj1531wn8GgN5HkZABlimnKLxxnZ/mTkxvyw=','2025-06-18 02:19:57','2025-06-25 02:19:57','2025-06-18 02:33:11',1,'2025-06-18 02:33:11','Mozilla/5.0 (Windows NT 10.0; Win64; x64) AppleWebKit/537.36 (KHTML, like Gecko) Chrome/137.0.0.0 Safari/537.36 Edg/137.0.0.0','2025-06-18 02:33:06'),(224,4,'bvQg1xYti8OOlCIe1glFqjeLrCKJOO3G2Y2+EA9mhHM=','2025-06-18 02:33:15','2025-06-25 02:33:15','2025-06-18 02:46:23',1,'2025-06-18 02:46:23','Mozilla/5.0 (Windows NT 10.0; Win64; x64) AppleWebKit/537.36 (KHTML, like Gecko) Chrome/137.0.0.0 Safari/537.36 Edg/137.0.0.0','2025-06-18 02:43:26'),(225,4,'iUXsuR1qdyCmVfsStQZqUmAONEkdceOXdXdW1ED8d8k=','2025-06-18 02:46:43','2025-06-25 02:46:43','2025-06-18 02:54:57',1,'2025-06-18 02:54:57','Mozilla/5.0 (Windows NT 10.0; Win64; x64) AppleWebKit/537.36 (KHTML, like Gecko) Chrome/137.0.0.0 Safari/537.36 Edg/137.0.0.0',NULL),(226,4,'1o4CjD8fQrm5YPC6EMnGKRB+GU0KQ5wX9W8T39EyEqE=','2025-06-18 02:55:02','2025-06-25 02:55:02','2025-06-18 03:21:12',1,'2025-06-18 03:21:12','Mozilla/5.0 (Windows NT 10.0; Win64; x64) AppleWebKit/537.36 (KHTML, like Gecko) Chrome/137.0.0.0 Safari/537.36 Edg/137.0.0.0',NULL),(227,4,'csyQaE0oeE1cd4pOxHzdelLsO+hQLRzjUwf1o4sSod4=','2025-06-18 03:21:16','2025-06-25 03:21:16','2025-06-18 03:24:59',1,'2025-06-18 03:24:59','Mozilla/5.0 (Windows NT 10.0; Win64; x64) AppleWebKit/537.36 (KHTML, like Gecko) Chrome/137.0.0.0 Safari/537.36 Edg/137.0.0.0',NULL),(228,4,'WAkNgxgwva8yttlBCAKlF7oMJpqt4qFpCTwyDsppxqQ=','2025-06-18 03:25:02','2025-06-25 03:25:02','2025-06-18 03:35:57',1,'2025-06-18 03:35:57','Mozilla/5.0 (Windows NT 10.0; Win64; x64) AppleWebKit/537.36 (KHTML, like Gecko) Chrome/137.0.0.0 Safari/537.36 Edg/137.0.0.0',NULL),(229,4,'QzKuMunwihaIrR29a1N4OpQZeTkqktikMD7idmH7L5M=','2025-06-18 03:36:00','2025-06-25 03:36:00','2025-06-18 03:38:38',1,'2025-06-18 03:38:38','Mozilla/5.0 (Windows NT 10.0; Win64; x64) AppleWebKit/537.36 (KHTML, like Gecko) Chrome/137.0.0.0 Safari/537.36 Edg/137.0.0.0',NULL),(230,4,'xWwN36SBz0suphYyRVGzpUFvyblCING4C52DsSzl/54=','2025-06-18 03:38:41','2025-06-25 03:38:41','2025-06-18 03:38:41',0,NULL,'Mozilla/5.0 (Windows NT 10.0; Win64; x64) AppleWebKit/537.36 (KHTML, like Gecko) Chrome/137.0.0.0 Safari/537.36 Edg/137.0.0.0',NULL),(231,4,'gPhnaHLDGY1jwUhf9oVJRxstfIx8jZeiEvnJ6lhnIrI=','2025-06-18 04:36:12','2025-06-25 04:36:12','2025-06-18 04:43:44',1,'2025-06-18 04:43:44','Mozilla/5.0 (Windows NT 10.0; Win64; x64) AppleWebKit/537.36 (KHTML, like Gecko) Chrome/137.0.0.0 Safari/537.36 Edg/137.0.0.0',NULL),(232,4,'Qi1a2o4otKQUDUWVVKj8pntYiFMiNicZSE9jAUwh/S8=','2025-06-18 04:43:48','2025-06-25 04:43:48','2025-06-18 05:08:22',1,'2025-06-18 05:08:22','Mozilla/5.0 (Windows NT 10.0; Win64; x64) AppleWebKit/537.36 (KHTML, like Gecko) Chrome/137.0.0.0 Safari/537.36 Edg/137.0.0.0',NULL),(233,4,'SWTr/yoQWAmcVw7SZ6x1e1/kqpXHzJf5XkIEO49OWYo=','2025-06-18 05:08:25','2025-06-25 05:08:25','2025-06-18 05:11:18',1,'2025-06-18 05:11:18','Mozilla/5.0 (Windows NT 10.0; Win64; x64) AppleWebKit/537.36 (KHTML, like Gecko) Chrome/137.0.0.0 Safari/537.36 Edg/137.0.0.0',NULL),(234,4,'EW42/+qPE/laVW9TGXjVx0kxU8rCE4CON9NnB/BmX0A=','2025-06-18 05:11:22','2025-06-25 05:11:22','2025-06-18 05:20:25',1,'2025-06-18 05:20:25','Mozilla/5.0 (Windows NT 10.0; Win64; x64) AppleWebKit/537.36 (KHTML, like Gecko) Chrome/137.0.0.0 Safari/537.36 Edg/137.0.0.0',NULL),(235,4,'KlUWoJKtgd7dKFrmcDua6XNCcfJjDVE7DFd3naoTu/0=','2025-06-18 05:20:29','2025-06-25 05:20:29','2025-06-18 05:24:14',1,'2025-06-18 05:24:14','Mozilla/5.0 (Windows NT 10.0; Win64; x64) AppleWebKit/537.36 (KHTML, like Gecko) Chrome/137.0.0.0 Safari/537.36 Edg/137.0.0.0',NULL),(236,4,'IYTuIboh5DQsSTsILESkNsIJ81Q8LDgphP3y4MlVFoA=','2025-06-18 05:24:18','2025-06-25 05:24:18','2025-06-18 05:26:06',1,'2025-06-18 05:26:06','Mozilla/5.0 (Windows NT 10.0; Win64; x64) AppleWebKit/537.36 (KHTML, like Gecko) Chrome/137.0.0.0 Safari/537.36 Edg/137.0.0.0',NULL),(237,4,'UAsFMpbrMg0W6Roc3knXLtJtJLOJjS2qtZ58YP0gBQI=','2025-06-18 05:26:10','2025-06-25 05:26:10','2025-06-18 05:33:32',1,'2025-06-18 05:33:32','Mozilla/5.0 (Windows NT 10.0; Win64; x64) AppleWebKit/537.36 (KHTML, like Gecko) Chrome/137.0.0.0 Safari/537.36 Edg/137.0.0.0',NULL),(238,4,'M/SnuVO1/7gs7dLA6sOoY48MxgJlTfsez6pU7U3GbSY=','2025-06-18 05:33:35','2025-06-25 05:33:35','2025-06-18 05:35:33',1,'2025-06-18 05:35:33','Mozilla/5.0 (Windows NT 10.0; Win64; x64) AppleWebKit/537.36 (KHTML, like Gecko) Chrome/137.0.0.0 Safari/537.36 Edg/137.0.0.0',NULL),(239,4,'5uwdhFCrPGHAWgC3vDUIxe1CvBU/LXRnNPcNaVYS1eo=','2025-06-18 05:35:36','2025-06-25 05:35:36','2025-06-18 05:51:05',1,'2025-06-18 05:51:05','Mozilla/5.0 (Windows NT 10.0; Win64; x64) AppleWebKit/537.36 (KHTML, like Gecko) Chrome/137.0.0.0 Safari/537.36 Edg/137.0.0.0',NULL),(240,4,'yQq0sgcW95q1iG7iNy6eDtywnRZXcdA7zVnBY7Efs+k=','2025-06-18 05:51:13','2025-06-25 05:51:13','2025-06-18 05:55:57',1,'2025-06-18 05:55:57','Mozilla/5.0 (Windows NT 10.0; Win64; x64) AppleWebKit/537.36 (KHTML, like Gecko) Chrome/137.0.0.0 Safari/537.36 Edg/137.0.0.0',NULL),(241,4,'Nn6pmQKXJcZOmjdvlyoQ6BfAJ/59mC0JDqM4a6LsE2A=','2025-06-18 05:56:01','2025-06-25 05:56:01','2025-06-18 06:02:39',1,'2025-06-18 06:02:39','Mozilla/5.0 (Windows NT 10.0; Win64; x64) AppleWebKit/537.36 (KHTML, like Gecko) Chrome/137.0.0.0 Safari/537.36 Edg/137.0.0.0',NULL),(242,4,'OmkWEArlKb4U2JTt6pQnFuzXVdGUYGQ+ZauAdWfU3BI=','2025-06-18 06:02:43','2025-06-25 06:02:43','2025-06-18 06:07:40',1,'2025-06-18 06:07:40','Mozilla/5.0 (Windows NT 10.0; Win64; x64) AppleWebKit/537.36 (KHTML, like Gecko) Chrome/137.0.0.0 Safari/537.36 Edg/137.0.0.0',NULL),(243,4,'ZEf2BD3Uk/vVid6I6AMLS/Vta0p842apsjdIko/eKgk=','2025-06-18 06:07:43','2025-06-25 06:07:43','2025-06-18 06:20:01',1,'2025-06-18 06:20:01','Mozilla/5.0 (Windows NT 10.0; Win64; x64) AppleWebKit/537.36 (KHTML, like Gecko) Chrome/137.0.0.0 Safari/537.36 Edg/137.0.0.0',NULL),(244,4,'d8HbNMxnkkfojyinbQeGaP34Vp7Hwc7mZoTwdVrVh5w=','2025-06-18 06:20:08','2025-06-25 06:20:08','2025-06-18 06:43:56',1,'2025-06-18 06:43:56','Mozilla/5.0 (Windows NT 10.0; Win64; x64) AppleWebKit/537.36 (KHTML, like Gecko) Chrome/137.0.0.0 Safari/537.36 Edg/137.0.0.0','2025-06-18 06:43:41'),(245,4,'2HG2H+ZcQWBGmm+opGUMbyxr2H5rOLs8D81uHQ12Ig4=','2025-06-18 06:44:00','2025-06-25 06:44:00','2025-06-18 06:56:06',1,'2025-06-18 06:56:06','Mozilla/5.0 (Windows NT 10.0; Win64; x64) AppleWebKit/537.36 (KHTML, like Gecko) Chrome/137.0.0.0 Safari/537.36 Edg/137.0.0.0',NULL),(246,4,'FmcC46i5NoeEITlZ2yl2CP+fBDo3W9X5rVOuKYCjh30=','2025-06-18 06:56:10','2025-06-25 06:56:10','2025-06-18 07:08:57',1,'2025-06-18 07:08:57','Mozilla/5.0 (Windows NT 10.0; Win64; x64) AppleWebKit/537.36 (KHTML, like Gecko) Chrome/137.0.0.0 Safari/537.36 Edg/137.0.0.0','2025-06-18 07:08:24'),(247,4,'25vMa+UH9MvyecF3fM8IlobIQBP1U79KAxvpjFdUQSE=','2025-06-18 07:09:04','2025-06-25 07:09:04','2025-06-18 07:11:06',1,'2025-06-18 07:11:06','Mozilla/5.0 (Windows NT 10.0; Win64; x64) AppleWebKit/537.36 (KHTML, like Gecko) Chrome/137.0.0.0 Safari/537.36 Edg/137.0.0.0',NULL),(248,4,'gkWsYnQhStwWSbCodl1P5xzKXpySvGDbXM4mioqyCrw=','2025-06-18 07:11:10','2025-06-25 07:11:10','2025-06-18 07:57:25',0,NULL,'Mozilla/5.0 (Windows NT 10.0; Win64; x64) AppleWebKit/537.36 (KHTML, like Gecko) Chrome/137.0.0.0 Safari/537.36 Edg/137.0.0.0','2025-06-18 07:57:25'),(249,4,'AyCLXPsve1nxbY1gxvGFE9sqgVKDFmwXdYfqiWYiS9M=','2025-06-18 23:22:11','2025-06-25 23:22:10','2025-06-18 23:42:31',1,'2025-06-18 23:42:31','Mozilla/5.0 (Windows NT 10.0; Win64; x64) AppleWebKit/537.36 (KHTML, like Gecko) Chrome/137.0.0.0 Safari/537.36 Edg/137.0.0.0',NULL),(250,4,'mmXjhXpQZsW0L3yNkV9M39nvIoclxfKhN5DV320Xju8=','2025-06-18 23:42:37','2025-06-25 23:42:37','2025-06-18 23:45:27',1,'2025-06-18 23:45:27','Mozilla/5.0 (Windows NT 10.0; Win64; x64) AppleWebKit/537.36 (KHTML, like Gecko) Chrome/137.0.0.0 Safari/537.36 Edg/137.0.0.0',NULL),(251,4,'LlqggkKJbuTUzqZ0kolv2Uhx2guycax3Js8B/xlMa0w=','2025-06-18 23:46:40','2025-06-25 23:46:40','2025-06-18 23:48:09',1,'2025-06-18 23:48:09','Mozilla/5.0 (Windows NT 10.0; Win64; x64) AppleWebKit/537.36 (KHTML, like Gecko) Chrome/137.0.0.0 Safari/537.36 Edg/137.0.0.0',NULL),(252,4,'34FkS0gDmokvlyltV4r3R32JIOJS72OKPn1H1AfAFvg=','2025-06-18 23:48:17','2025-06-25 23:48:17','2025-06-18 23:49:57',1,'2025-06-18 23:49:57','Mozilla/5.0 (Windows NT 10.0; Win64; x64) AppleWebKit/537.36 (KHTML, like Gecko) Chrome/137.0.0.0 Safari/537.36 Edg/137.0.0.0',NULL),(253,4,'6Hv8X4mWXn9aM78zq6xXQ5lWsWr6JcpwKzyGv1lECHw=','2025-06-18 23:50:51','2025-06-25 23:50:51','2025-06-18 23:53:00',1,'2025-06-18 23:53:00','Mozilla/5.0 (Windows NT 10.0; Win64; x64) AppleWebKit/537.36 (KHTML, like Gecko) Chrome/137.0.0.0 Safari/537.36 Edg/137.0.0.0',NULL),(254,4,'nfkQ5wEktp8uoexhqRzgiIqlIcOJu7euWaCD4mynh88=','2025-06-18 23:53:03','2025-06-25 23:53:03','2025-06-18 23:54:33',1,'2025-06-18 23:54:33','Mozilla/5.0 (Windows NT 10.0; Win64; x64) AppleWebKit/537.36 (KHTML, like Gecko) Chrome/137.0.0.0 Safari/537.36 Edg/137.0.0.0',NULL),(255,4,'KHiAwe5hHD4rayHnB0o2MAaQv9iDlmGNXxurmtPB70c=','2025-06-18 23:54:40','2025-06-25 23:54:40','2025-06-18 23:56:19',1,'2025-06-18 23:56:19','Mozilla/5.0 (Windows NT 10.0; Win64; x64) AppleWebKit/537.36 (KHTML, like Gecko) Chrome/137.0.0.0 Safari/537.36 Edg/137.0.0.0',NULL),(256,4,'v0/vwVtht+I8sDFIZ1GdqS4/JtpjkJaHJHCo3cy6l+s=','2025-06-18 23:56:23','2025-06-25 23:56:23','2025-06-19 00:12:50',1,'2025-06-19 00:12:50','Mozilla/5.0 (Windows NT 10.0; Win64; x64) AppleWebKit/537.36 (KHTML, like Gecko) Chrome/137.0.0.0 Safari/537.36 Edg/137.0.0.0','2025-06-19 00:01:50'),(257,4,'ie+aK0ET7/7tEU8dCs35Rxh6i6tm5QzQ35/rWT8u5co=','2025-06-19 00:12:54','2025-06-26 00:12:54','2025-06-19 00:13:56',1,'2025-06-19 00:13:56','Mozilla/5.0 (Windows NT 10.0; Win64; x64) AppleWebKit/537.36 (KHTML, like Gecko) Chrome/137.0.0.0 Safari/537.36 Edg/137.0.0.0',NULL),(258,4,'tfTEOtZ+1vHa51p7fi/C2OCTm+KfzUgxujjjDszTGQY=','2025-06-19 00:14:02','2025-06-26 00:14:02','2025-06-19 00:15:54',1,'2025-06-19 00:15:54','Mozilla/5.0 (Windows NT 10.0; Win64; x64) AppleWebKit/537.36 (KHTML, like Gecko) Chrome/137.0.0.0 Safari/537.36 Edg/137.0.0.0',NULL),(259,4,'vEx9b6OgOYyM5G39WS4nl1T5l7k/xhiDXXqwWxL9JYI=','2025-06-19 00:16:00','2025-06-26 00:16:00','2025-06-19 00:19:08',1,'2025-06-19 00:19:08','Mozilla/5.0 (Windows NT 10.0; Win64; x64) AppleWebKit/537.36 (KHTML, like Gecko) Chrome/137.0.0.0 Safari/537.36 Edg/137.0.0.0',NULL),(260,4,'n+joKV2uLd6FxsMV2mJlOymOsooeSKlofimMSdTanSg=','2025-06-19 00:19:12','2025-06-26 00:19:12','2025-06-19 00:24:04',1,'2025-06-19 00:24:04','Mozilla/5.0 (Windows NT 10.0; Win64; x64) AppleWebKit/537.36 (KHTML, like Gecko) Chrome/137.0.0.0 Safari/537.36 Edg/137.0.0.0',NULL),(261,4,'jozwNDnML4SIjsEgb+3LM4DPeifDTsyO9TfcqOj1UGU=','2025-06-19 00:24:07','2025-06-26 00:24:07','2025-06-19 00:27:16',1,'2025-06-19 00:27:16','Mozilla/5.0 (Windows NT 10.0; Win64; x64) AppleWebKit/537.36 (KHTML, like Gecko) Chrome/137.0.0.0 Safari/537.36 Edg/137.0.0.0',NULL),(262,4,'lJ6hTaVVy4BSUqoehPfKYLAKlXvVxHPvVnIoVmdIQg0=','2025-06-19 00:27:20','2025-06-26 00:27:20','2025-06-19 00:30:16',1,'2025-06-19 00:30:16','Mozilla/5.0 (Windows NT 10.0; Win64; x64) AppleWebKit/537.36 (KHTML, like Gecko) Chrome/137.0.0.0 Safari/537.36 Edg/137.0.0.0',NULL),(263,4,'DYGxGRAX3gHk2aYfWoYKhSJD9ynC3jTo432BPOiTBms=','2025-06-19 00:30:19','2025-06-26 00:30:19','2025-06-19 00:31:13',1,'2025-06-19 00:31:13','Mozilla/5.0 (Windows NT 10.0; Win64; x64) AppleWebKit/537.36 (KHTML, like Gecko) Chrome/137.0.0.0 Safari/537.36 Edg/137.0.0.0',NULL),(264,4,'GfGd/rU0sUxxIrQlYCX5Fup9iy+DfTsSsALqFXGIKyg=','2025-06-19 00:31:16','2025-06-26 00:31:16','2025-06-19 00:36:03',1,'2025-06-19 00:36:03','Mozilla/5.0 (Windows NT 10.0; Win64; x64) AppleWebKit/537.36 (KHTML, like Gecko) Chrome/137.0.0.0 Safari/537.36 Edg/137.0.0.0',NULL),(265,4,'i9P+DJEJfj55t308/s643aYA3ULi0GdXLZ3Pl2uLZTQ=','2025-06-19 00:36:10','2025-06-26 00:36:10','2025-06-19 00:43:06',1,'2025-06-19 00:43:06','Mozilla/5.0 (Windows NT 10.0; Win64; x64) AppleWebKit/537.36 (KHTML, like Gecko) Chrome/137.0.0.0 Safari/537.36 Edg/137.0.0.0','2025-06-19 00:41:59'),(266,4,'lJo5Z3k/jh/PhVmc687SaU6TPs0lhi8UHDRr7+/zVXc=','2025-06-19 00:43:10','2025-06-26 00:43:10','2025-06-19 00:51:47',1,'2025-06-19 00:51:47','Mozilla/5.0 (Windows NT 10.0; Win64; x64) AppleWebKit/537.36 (KHTML, like Gecko) Chrome/137.0.0.0 Safari/537.36 Edg/137.0.0.0','2025-06-19 00:51:23'),(267,4,'tQTh2N/esFtJHBOTDqW48Kgo3nHQ9aoa6dPyamiGcXU=','2025-06-19 00:51:51','2025-06-26 00:51:51','2025-06-19 00:56:10',1,'2025-06-19 00:56:10','Mozilla/5.0 (Windows NT 10.0; Win64; x64) AppleWebKit/537.36 (KHTML, like Gecko) Chrome/137.0.0.0 Safari/537.36 Edg/137.0.0.0',NULL),(268,4,'uaTUFPcrqhII4Eb8qxsZGR5Scjq25fFqGKzpOxEU18Y=','2025-06-19 00:56:20','2025-06-26 00:56:20','2025-06-19 00:59:29',1,'2025-06-19 00:59:29','Mozilla/5.0 (Windows NT 10.0; Win64; x64) AppleWebKit/537.36 (KHTML, like Gecko) Chrome/137.0.0.0 Safari/537.36 Edg/137.0.0.0',NULL),(269,4,'dogUiHV46kJM/3EvjqV60cKT4amZOGkkEZQBq/iIWyU=','2025-06-19 00:59:33','2025-06-26 00:59:33','2025-06-19 01:02:21',1,'2025-06-19 01:02:21','Mozilla/5.0 (Windows NT 10.0; Win64; x64) AppleWebKit/537.36 (KHTML, like Gecko) Chrome/137.0.0.0 Safari/537.36 Edg/137.0.0.0',NULL),(270,4,'YE51ondtucON3iwHgrGCu94VTG7uGvaYzV1th3+xZgs=','2025-06-19 01:02:24','2025-06-26 01:02:24','2025-06-19 01:06:01',1,'2025-06-19 01:06:01','Mozilla/5.0 (Windows NT 10.0; Win64; x64) AppleWebKit/537.36 (KHTML, like Gecko) Chrome/137.0.0.0 Safari/537.36 Edg/137.0.0.0',NULL),(271,4,'x5fP2rUQ/U5A6FtFPxwTnU7wiB+uunB4+IpA4bL5IYk=','2025-06-19 01:06:05','2025-06-26 01:06:05','2025-06-19 01:10:28',1,'2025-06-19 01:10:28','Mozilla/5.0 (Windows NT 10.0; Win64; x64) AppleWebKit/537.36 (KHTML, like Gecko) Chrome/137.0.0.0 Safari/537.36 Edg/137.0.0.0',NULL),(272,4,'d890ibKcX5pU7fmMicIIdmYDZk5X4+TuHtUcibMAXa8=','2025-06-19 01:10:32','2025-06-26 01:10:32','2025-06-19 01:18:52',1,'2025-06-19 01:18:52','Mozilla/5.0 (Windows NT 10.0; Win64; x64) AppleWebKit/537.36 (KHTML, like Gecko) Chrome/137.0.0.0 Safari/537.36 Edg/137.0.0.0','2025-06-19 01:18:08'),(273,4,'T7HZxLzW42RF4lQ8aX+1+l96x+VrjuWpJXMNXrB+Gu0=','2025-06-19 01:18:56','2025-06-26 01:18:56','2025-06-19 01:20:36',1,'2025-06-19 01:20:36','Mozilla/5.0 (Windows NT 10.0; Win64; x64) AppleWebKit/537.36 (KHTML, like Gecko) Chrome/137.0.0.0 Safari/537.36 Edg/137.0.0.0',NULL),(274,4,'INhPJyuWOeK14iSjlr3uShqNEvZLsuNtgmgRSgazbhk=','2025-06-19 01:20:50','2025-06-26 01:20:50','2025-06-19 01:23:16',1,'2025-06-19 01:23:16','Mozilla/5.0 (Windows NT 10.0; Win64; x64) AppleWebKit/537.36 (KHTML, like Gecko) Chrome/137.0.0.0 Safari/537.36 Edg/137.0.0.0',NULL),(275,4,'fgF4W9+erLe6az/rzY9qCJaApks5cwz2zn6ErOO5kkk=','2025-06-19 01:23:21','2025-06-26 01:23:21','2025-06-19 01:24:47',1,'2025-06-19 01:24:47','Mozilla/5.0 (Windows NT 10.0; Win64; x64) AppleWebKit/537.36 (KHTML, like Gecko) Chrome/137.0.0.0 Safari/537.36 Edg/137.0.0.0',NULL),(276,4,'45NwX+PfrnkEGFx7oIWXW8IAXykY1W0tEY03lIQ/xBU=','2025-06-19 01:24:51','2025-06-26 01:24:51','2025-06-19 01:32:40',1,'2025-06-19 01:32:40','Mozilla/5.0 (Windows NT 10.0; Win64; x64) AppleWebKit/537.36 (KHTML, like Gecko) Chrome/137.0.0.0 Safari/537.36 Edg/137.0.0.0','2025-06-19 01:30:04'),(277,4,'OTJROFofOZLB55mStcAXHPPZYHJCDjMmV/ol/R4PM8Y=','2025-06-19 01:32:56','2025-06-26 01:32:56','2025-06-19 01:33:32',1,'2025-06-19 01:33:32','Mozilla/5.0 (Windows NT 10.0; Win64; x64) AppleWebKit/537.36 (KHTML, like Gecko) Chrome/137.0.0.0 Safari/537.36 Edg/137.0.0.0',NULL),(278,4,'iTNrZbmocnLWXF+b8RaTg3b++QHseOe/bS4tdIuErdU=','2025-06-19 01:33:36','2025-06-26 01:33:36','2025-06-19 01:34:05',1,'2025-06-19 01:34:05','Mozilla/5.0 (Windows NT 10.0; Win64; x64) AppleWebKit/537.36 (KHTML, like Gecko) Chrome/137.0.0.0 Safari/537.36 Edg/137.0.0.0',NULL),(279,4,'aEyQRf/e9T7kmqzjmNCisAUs3EUIMwhNFKuARRcexq4=','2025-06-19 01:34:08','2025-06-26 01:34:08','2025-06-19 01:35:14',1,'2025-06-19 01:35:14','Mozilla/5.0 (Windows NT 10.0; Win64; x64) AppleWebKit/537.36 (KHTML, like Gecko) Chrome/137.0.0.0 Safari/537.36 Edg/137.0.0.0',NULL),(280,4,'Yd0jIHq2bYIY9rnNvuKadVMk2XyEuS8RMWlZ8A20hp8=','2025-06-19 01:35:18','2025-06-26 01:35:18','2025-06-19 02:01:05',1,'2025-06-19 02:01:05','Mozilla/5.0 (Windows NT 10.0; Win64; x64) AppleWebKit/537.36 (KHTML, like Gecko) Chrome/137.0.0.0 Safari/537.36 Edg/137.0.0.0','2025-06-19 02:01:04'),(281,4,'EtOmskwl50C1Rl57HFadCR9mnlIONZcn/ElvdZ5VgDg=','2025-06-19 02:01:27','2025-06-26 02:01:27','2025-06-19 02:09:38',1,'2025-06-19 02:09:38','Mozilla/5.0 (Windows NT 10.0; Win64; x64) AppleWebKit/537.36 (KHTML, like Gecko) Chrome/137.0.0.0 Safari/537.36 Edg/137.0.0.0','2025-06-19 02:08:25'),(282,4,'JmhH2q04pXITxJ9J8lDFhcAM7LFU91OYd1LZ4m4GCsk=','2025-06-19 02:11:25','2025-06-26 02:11:25','2025-06-19 02:16:30',1,'2025-06-19 02:16:30','Mozilla/5.0 (Windows NT 10.0; Win64; x64) AppleWebKit/537.36 (KHTML, like Gecko) Chrome/137.0.0.0 Safari/537.36 Edg/137.0.0.0','2025-06-19 02:16:30'),(283,4,'pPPV3Hzgn11IV105L0DxeynA8LpHNWYs1e0E+oilZdY=','2025-06-19 02:16:43','2025-06-26 02:16:43','2025-06-19 02:24:08',1,'2025-06-19 02:24:08','Mozilla/5.0 (Windows NT 10.0; Win64; x64) AppleWebKit/537.36 (KHTML, like Gecko) Chrome/137.0.0.0 Safari/537.36 Edg/137.0.0.0','2025-06-19 02:24:08'),(284,4,'a96PVw7o0BsePliB1Xe39sE7YsuAkdRga5GKTThlmCw=','2025-06-19 02:24:28','2025-06-26 02:24:28','2025-06-19 02:30:43',1,'2025-06-19 02:30:43','Mozilla/5.0 (Windows NT 10.0; Win64; x64) AppleWebKit/537.36 (KHTML, like Gecko) Chrome/137.0.0.0 Safari/537.36 Edg/137.0.0.0','2025-06-19 02:30:06'),(285,4,'MTWQNaddADLY7fsIZjQysDMfTp8r/0mh5p3GowkobEc=','2025-06-19 02:37:01','2025-06-26 02:37:01','2025-06-19 02:42:51',1,'2025-06-19 02:42:51','Mozilla/5.0 (Windows NT 10.0; Win64; x64) AppleWebKit/537.36 (KHTML, like Gecko) Chrome/137.0.0.0 Safari/537.36 Edg/137.0.0.0','2025-06-19 02:42:51'),(286,4,'Uo2T5SsFWh5I7BWeVVPdsYDp0QwgdMZjI83Iwz6Geyw=','2025-06-19 02:42:58','2025-06-26 02:42:58','2025-06-19 02:42:58',0,NULL,'Mozilla/5.0 (Windows NT 10.0; Win64; x64) AppleWebKit/537.36 (KHTML, like Gecko) Chrome/137.0.0.0 Safari/537.36 Edg/137.0.0.0',NULL),(287,4,'ZBrRbtpq4SJciQWZFPMyg6z93gUfSwgbrswBE3sU3FM=','2025-06-19 04:41:00','2025-06-26 04:41:00','2025-06-19 04:51:31',1,'2025-06-19 04:51:31','Mozilla/5.0 (Windows NT 10.0; Win64; x64) AppleWebKit/537.36 (KHTML, like Gecko) Chrome/137.0.0.0 Safari/537.36 Edg/137.0.0.0','2025-06-19 04:50:38'),(288,4,'YyoZgjwbUs4oJUaRgy9SajenpX0Q0g/X6xv32wwDXRE=','2025-06-19 04:51:34','2025-06-26 04:51:34','2025-06-19 05:04:25',1,'2025-06-19 05:04:25','Mozilla/5.0 (Windows NT 10.0; Win64; x64) AppleWebKit/537.36 (KHTML, like Gecko) Chrome/137.0.0.0 Safari/537.36 Edg/137.0.0.0','2025-06-19 05:04:24'),(289,4,'/U/9e5X1mIRTs2OU7R71BooaArhohW3TaSJ8Z+9isYg=','2025-06-19 05:04:34','2025-06-26 05:04:34','2025-06-19 05:22:20',1,'2025-06-19 05:22:20','Mozilla/5.0 (Windows NT 10.0; Win64; x64) AppleWebKit/537.36 (KHTML, like Gecko) Chrome/137.0.0.0 Safari/537.36 Edg/137.0.0.0',NULL),(290,4,'J+/Yju3VWHDKous6xu0NBW4RehcKLjctSB2FEQvtyNY=','2025-06-19 05:22:24','2025-06-26 05:22:24','2025-06-19 05:22:24',0,NULL,'Mozilla/5.0 (Windows NT 10.0; Win64; x64) AppleWebKit/537.36 (KHTML, like Gecko) Chrome/137.0.0.0 Safari/537.36 Edg/137.0.0.0',NULL),(291,4,'VViFunz6KHsRwPCRfafUP841iaGQ4fe2+fZ2YpPWjAY=','2025-06-19 05:23:22','2025-06-26 05:23:22','2025-06-19 07:58:17',1,'2025-06-19 07:58:17','Mozilla/5.0 (Windows NT 10.0; Win64; x64) AppleWebKit/537.36 (KHTML, like Gecko) Chrome/137.0.0.0 Safari/537.36 Edg/137.0.0.0','2025-06-19 05:29:48'),(292,4,'u5H1yYcMPqCeEfgbATprrMHYYYUgRKPpe84SQtug2TE=','2025-06-19 23:20:54','2025-06-26 23:20:54','2025-06-20 00:00:02',1,'2025-06-20 00:00:02','Mozilla/5.0 (Windows NT 10.0; Win64; x64) AppleWebKit/537.36 (KHTML, like Gecko) Chrome/137.0.0.0 Safari/537.36 Edg/137.0.0.0','2025-06-20 00:00:01'),(293,4,'GQZHRFHpL1krc0ixseWInbPyDVfd7Nae+su4zwqq5b4=','2025-06-20 01:06:57','2025-06-27 01:06:57','2025-06-20 01:23:31',1,'2025-06-20 01:23:31','Mozilla/5.0 (Windows NT 10.0; Win64; x64) AppleWebKit/537.36 (KHTML, like Gecko) Chrome/137.0.0.0 Safari/537.36 Edg/137.0.0.0','2025-06-20 01:21:43'),(294,4,'jAyDgnOIiXbAM1mb9tw4lMhMHiF2231EAWnhtNEGm6M=','2025-06-20 01:23:35','2025-06-27 01:23:35','2025-06-20 01:30:11',1,'2025-06-20 01:30:11','Mozilla/5.0 (Windows NT 10.0; Win64; x64) AppleWebKit/537.36 (KHTML, like Gecko) Chrome/137.0.0.0 Safari/537.36 Edg/137.0.0.0','2025-06-20 01:29:39'),(295,4,'3BhNjI+vJeyyNkOiJdkll8Fk9+QJnA+pP5E27xrYWP0=','2025-06-20 01:30:17','2025-06-27 01:30:17','2025-06-20 01:53:43',1,'2025-06-20 01:53:43','Mozilla/5.0 (Windows NT 10.0; Win64; x64) AppleWebKit/537.36 (KHTML, like Gecko) Chrome/137.0.0.0 Safari/537.36 Edg/137.0.0.0','2025-06-20 01:49:04'),(296,4,'+3r5eYTnaHkDmBXUfUE2Xi+ZjuoyilAllgyfOY7jqAc=','2025-06-20 01:53:46','2025-06-27 01:53:46','2025-06-20 01:55:08',1,'2025-06-20 01:55:08','Mozilla/5.0 (Windows NT 10.0; Win64; x64) AppleWebKit/537.36 (KHTML, like Gecko) Chrome/137.0.0.0 Safari/537.36 Edg/137.0.0.0',NULL),(297,4,'xwJ9FKAUO9eRf/T35+4r8c4NFiBVZvXmKt/UqfN1Vsc=','2025-06-20 01:55:16','2025-06-27 01:55:16','2025-06-20 02:18:38',1,'2025-06-20 02:18:38','Mozilla/5.0 (Windows NT 10.0; Win64; x64) AppleWebKit/537.36 (KHTML, like Gecko) Chrome/137.0.0.0 Safari/537.36 Edg/137.0.0.0',NULL),(298,4,'siDuFyzBnZSQSLsLvHczv5pfAEsUK5jWuErVhZTL7q8=','2025-06-20 02:18:41','2025-06-27 02:18:41','2025-06-20 02:20:43',1,'2025-06-20 02:20:43','Mozilla/5.0 (Windows NT 10.0; Win64; x64) AppleWebKit/537.36 (KHTML, like Gecko) Chrome/137.0.0.0 Safari/537.36 Edg/137.0.0.0',NULL),(299,4,'iwzv2IOHqZoWuMq08nC30cpph5XI3vEPeGOyykAvKUo=','2025-06-20 02:20:46','2025-06-27 02:20:46','2025-06-20 02:22:06',1,'2025-06-20 02:22:06','Mozilla/5.0 (Windows NT 10.0; Win64; x64) AppleWebKit/537.36 (KHTML, like Gecko) Chrome/137.0.0.0 Safari/537.36 Edg/137.0.0.0',NULL),(300,4,'RysH8NtvhG/Vu8iX0FLrkZfLoZ5wQkqrC1NRS+LVkiU=','2025-06-20 02:22:08','2025-06-27 02:22:08','2025-06-20 02:22:08',0,NULL,'Mozilla/5.0 (Windows NT 10.0; Win64; x64) AppleWebKit/537.36 (KHTML, like Gecko) Chrome/137.0.0.0 Safari/537.36 Edg/137.0.0.0',NULL),(301,4,'p+GpvioCq3xBpfKF2uYC+wnjOhaIuO7RnCRd7XidBy0=','2025-06-20 03:31:45','2025-06-27 03:31:44','2025-06-20 03:33:22',1,'2025-06-20 03:33:22','Mozilla/5.0 (Windows NT 10.0; Win64; x64) AppleWebKit/537.36 (KHTML, like Gecko) Chrome/137.0.0.0 Safari/537.36 Edg/137.0.0.0',NULL),(302,4,'nF4M8+qaqrBOsitCw9alZO5CtFbMFTAMWmyR047XJPI=','2025-06-20 03:33:25','2025-06-27 03:33:25','2025-06-20 03:34:21',1,'2025-06-20 03:34:21','Mozilla/5.0 (Windows NT 10.0; Win64; x64) AppleWebKit/537.36 (KHTML, like Gecko) Chrome/137.0.0.0 Safari/537.36 Edg/137.0.0.0',NULL),(303,4,'u/jquV/zzuw0kIrBlsAZHMGSF6HDx7giYgoearHA79k=','2025-06-20 03:34:25','2025-06-27 03:34:25','2025-06-20 04:28:58',0,NULL,'Mozilla/5.0 (Windows NT 10.0; Win64; x64) AppleWebKit/537.36 (KHTML, like Gecko) Chrome/137.0.0.0 Safari/537.36 Edg/137.0.0.0','2025-06-20 04:28:58'),(304,4,'PjEa1e2nZYORIIwBng9P2IZvQC/8tf2e5kAUIy30qgk=','2025-06-20 04:29:05','2025-06-27 04:29:05','2025-06-20 04:31:16',1,'2025-06-20 04:31:16','Mozilla/5.0 (Windows NT 10.0; Win64; x64) AppleWebKit/537.36 (KHTML, like Gecko) Chrome/137.0.0.0 Safari/537.36 Edg/137.0.0.0',NULL),(305,4,'2tDQLkFtIfc/6DlLAYzg7QnLROYUv7wOuJ1z/0vFsWs=','2025-06-20 04:31:20','2025-06-27 04:31:20','2025-06-20 04:50:01',1,'2025-06-20 04:50:01','Mozilla/5.0 (Windows NT 10.0; Win64; x64) AppleWebKit/537.36 (KHTML, like Gecko) Chrome/137.0.0.0 Safari/537.36 Edg/137.0.0.0',NULL),(306,4,'Ud0/W7/fWNli38XwS2Aw9a5C09ZYY2qpbMw8w2IqYg4=','2025-06-20 04:50:04','2025-06-27 04:50:04','2025-06-20 05:17:45',0,NULL,'Mozilla/5.0 (Windows NT 10.0; Win64; x64) AppleWebKit/537.36 (KHTML, like Gecko) Chrome/137.0.0.0 Safari/537.36 Edg/137.0.0.0','2025-06-20 05:17:45'),(307,4,'gESx2s5VoX/Z90aJ8E9iZUT0hmDRNi+74vp3XS37wxc=','2025-06-20 05:17:53','2025-06-27 05:17:53','2025-06-20 05:21:18',1,'2025-06-20 05:21:18','Mozilla/5.0 (Windows NT 10.0; Win64; x64) AppleWebKit/537.36 (KHTML, like Gecko) Chrome/137.0.0.0 Safari/537.36 Edg/137.0.0.0',NULL),(308,4,'uxOSKIHPC4GGceKnVJUTO3LYrP74uF67g2x2yi3IMjc=','2025-06-20 05:21:22','2025-06-27 05:21:22','2025-06-20 05:23:12',1,'2025-06-20 05:23:12','Mozilla/5.0 (Windows NT 10.0; Win64; x64) AppleWebKit/537.36 (KHTML, like Gecko) Chrome/137.0.0.0 Safari/537.36 Edg/137.0.0.0',NULL),(309,4,'fc+G7XxcatbjNJ+KQnrcnR0xWOZltD6fpVoLyDsCmgY=','2025-06-20 05:23:17','2025-06-27 05:23:17','2025-06-20 05:25:12',1,'2025-06-20 05:25:12','Mozilla/5.0 (Windows NT 10.0; Win64; x64) AppleWebKit/537.36 (KHTML, like Gecko) Chrome/137.0.0.0 Safari/537.36 Edg/137.0.0.0',NULL),(310,4,'p+FUhTsJkYeecFqEALGlihss0Db9YivfwuDCQyb7L2s=','2025-06-20 05:25:16','2025-06-27 05:25:16','2025-06-20 05:35:45',1,'2025-06-20 05:35:45','Mozilla/5.0 (Windows NT 10.0; Win64; x64) AppleWebKit/537.36 (KHTML, like Gecko) Chrome/137.0.0.0 Safari/537.36 Edg/137.0.0.0',NULL),(311,4,'pK5i3wPw9tr1Lr99ehTZ3TGSyQ4w8B2ucs/XUIZLEKY=','2025-06-20 05:35:49','2025-06-27 05:35:49','2025-06-20 05:35:49',0,NULL,'Mozilla/5.0 (Windows NT 10.0; Win64; x64) AppleWebKit/537.36 (KHTML, like Gecko) Chrome/137.0.0.0 Safari/537.36 Edg/137.0.0.0',NULL),(312,4,'TECezODbTtrZ6ZW0RuGoNfnkM3sHQ9MQqKAoNWaaaQ0=','2025-06-20 05:56:55','2025-06-27 05:56:55','2025-06-20 05:57:36',1,'2025-06-20 05:57:36','Mozilla/5.0 (Windows NT 10.0; Win64; x64) AppleWebKit/537.36 (KHTML, like Gecko) Chrome/137.0.0.0 Safari/537.36 Edg/137.0.0.0',NULL),(313,4,'CQV06RdyYXfckw4lLzxUPavpkRTtOVG1aTkSOS/hheA=','2025-06-20 05:57:40','2025-06-27 05:57:40','2025-06-20 06:01:16',1,'2025-06-20 06:01:16','Mozilla/5.0 (Windows NT 10.0; Win64; x64) AppleWebKit/537.36 (KHTML, like Gecko) Chrome/137.0.0.0 Safari/537.36 Edg/137.0.0.0',NULL),(314,4,'0zqNYUyx8zmjtI4pB24ZIiPIQLZYzftQZL/gRhiIsNc=','2025-06-20 06:01:23','2025-06-27 06:01:23','2025-06-20 06:06:42',1,'2025-06-20 06:06:42','Mozilla/5.0 (Windows NT 10.0; Win64; x64) AppleWebKit/537.36 (KHTML, like Gecko) Chrome/137.0.0.0 Safari/537.36 Edg/137.0.0.0',NULL),(315,4,'5R01UefBLvGEJR1VxjkvCx1/TjvPbgMiewWOdVQmIZ0=','2025-06-20 06:06:46','2025-06-27 06:06:46','2025-06-20 06:08:51',1,'2025-06-20 06:08:51','Mozilla/5.0 (Windows NT 10.0; Win64; x64) AppleWebKit/537.36 (KHTML, like Gecko) Chrome/137.0.0.0 Safari/537.36 Edg/137.0.0.0',NULL),(316,4,'pfng5dq7u/OHwFT6uT5qpTBhQOA/6M7WSKCknzCczVQ=','2025-06-20 06:08:59','2025-06-27 06:08:59','2025-06-20 06:10:20',1,'2025-06-20 06:10:20','Mozilla/5.0 (Windows NT 10.0; Win64; x64) AppleWebKit/537.36 (KHTML, like Gecko) Chrome/137.0.0.0 Safari/537.36 Edg/137.0.0.0',NULL),(317,4,'VibgfBNrkSvvY8DQSNR6f9n1kfBrIlE1hitdZTHgGqc=','2025-06-20 06:10:23','2025-06-27 06:10:23','2025-06-20 06:12:28',1,'2025-06-20 06:12:28','Mozilla/5.0 (Windows NT 10.0; Win64; x64) AppleWebKit/537.36 (KHTML, like Gecko) Chrome/137.0.0.0 Safari/537.36 Edg/137.0.0.0',NULL),(318,4,'G9mMCJSrjd12bpEjEiDGRS56V5k8Fuf54MnCJ+/Q7QE=','2025-06-20 06:12:32','2025-06-27 06:12:32','2025-06-20 06:25:58',1,'2025-06-20 06:25:58','Mozilla/5.0 (Windows NT 10.0; Win64; x64) AppleWebKit/537.36 (KHTML, like Gecko) Chrome/137.0.0.0 Safari/537.36 Edg/137.0.0.0','2025-06-20 06:24:22'),(319,4,'GMDT+zZfubOr3RsqSVMb1nxx6ilbyEOeGkqdeYpG1jg=','2025-06-20 06:26:01','2025-06-27 06:26:01','2025-06-20 06:26:59',1,'2025-06-20 06:26:59','Mozilla/5.0 (Windows NT 10.0; Win64; x64) AppleWebKit/537.36 (KHTML, like Gecko) Chrome/137.0.0.0 Safari/537.36 Edg/137.0.0.0',NULL),(320,4,'X2FNeMbgaB1QiyYFi0OCGg9LA58W+O87ZgtSQaI0bHY=','2025-06-20 06:27:04','2025-06-27 06:27:04','2025-06-20 06:28:16',1,'2025-06-20 06:28:16','Mozilla/5.0 (Windows NT 10.0; Win64; x64) AppleWebKit/537.36 (KHTML, like Gecko) Chrome/137.0.0.0 Safari/537.36 Edg/137.0.0.0',NULL),(321,4,'Vt9u9Nm1nDa5D0cac0rlAHVePGoHE23pkc8DB9OFmiw=','2025-06-20 06:28:19','2025-06-27 06:28:19','2025-06-20 06:35:09',1,'2025-06-20 06:35:09','Mozilla/5.0 (Windows NT 10.0; Win64; x64) AppleWebKit/537.36 (KHTML, like Gecko) Chrome/137.0.0.0 Safari/537.36 Edg/137.0.0.0','2025-06-20 06:35:07'),(322,4,'0h+ifn4qlMlENML3PfFBxZpGBVXBw2sVMuGZPVjKPt0=','2025-06-20 06:36:12','2025-06-27 06:36:12','2025-06-20 06:42:42',1,'2025-06-20 06:42:42','Mozilla/5.0 (Windows NT 10.0; Win64; x64) AppleWebKit/537.36 (KHTML, like Gecko) Chrome/137.0.0.0 Safari/537.36 Edg/137.0.0.0',NULL),(323,4,'nt+qMbTfPwNz7qBDpu2FqGgnH8CGEBpGIPvTc9juJOM=','2025-06-20 06:42:46','2025-06-27 06:42:46','2025-06-20 06:44:11',1,'2025-06-20 06:44:11','Mozilla/5.0 (Windows NT 10.0; Win64; x64) AppleWebKit/537.36 (KHTML, like Gecko) Chrome/137.0.0.0 Safari/537.36 Edg/137.0.0.0',NULL),(324,4,'NsrnL18YvXKNYdOzYuB1n0YREPXZKVfkjJqcBDzfgyY=','2025-06-20 06:44:14','2025-06-27 06:44:14','2025-06-20 06:45:01',1,'2025-06-20 06:45:01','Mozilla/5.0 (Windows NT 10.0; Win64; x64) AppleWebKit/537.36 (KHTML, like Gecko) Chrome/137.0.0.0 Safari/537.36 Edg/137.0.0.0',NULL),(325,4,'aVol6hMWsPXhO2SB/gnKbLzihHhbhLIqydyBVeh8EUk=','2025-06-20 06:45:04','2025-06-27 06:45:04','2025-06-20 06:46:42',1,'2025-06-20 06:46:42','Mozilla/5.0 (Windows NT 10.0; Win64; x64) AppleWebKit/537.36 (KHTML, like Gecko) Chrome/137.0.0.0 Safari/537.36 Edg/137.0.0.0',NULL),(326,4,'EaXgpqkJg0/jkNtCyOXqPzVxR8fZX7p5LSCaZcsY8hA=','2025-06-20 06:46:45','2025-06-27 06:46:45','2025-06-20 06:47:03',1,'2025-06-20 06:47:03','Mozilla/5.0 (Windows NT 10.0; Win64; x64) AppleWebKit/537.36 (KHTML, like Gecko) Chrome/137.0.0.0 Safari/537.36 Edg/137.0.0.0',NULL),(327,4,'6C9fqFZpehVAF2YW3DLoWKprYZVjntfzFfDIgU2f/WY=','2025-06-20 06:47:06','2025-06-27 06:47:06','2025-06-20 06:49:44',1,'2025-06-20 06:49:44','Mozilla/5.0 (Windows NT 10.0; Win64; x64) AppleWebKit/537.36 (KHTML, like Gecko) Chrome/137.0.0.0 Safari/537.36 Edg/137.0.0.0',NULL),(328,4,'4Q7aQOPSIRYSgaj9WD6phJFEplIS9jIz9hXndOQ85d4=','2025-06-20 06:49:48','2025-06-27 06:49:48','2025-06-20 06:52:14',1,'2025-06-20 06:52:14','Mozilla/5.0 (Windows NT 10.0; Win64; x64) AppleWebKit/537.36 (KHTML, like Gecko) Chrome/137.0.0.0 Safari/537.36 Edg/137.0.0.0',NULL),(329,4,'Zg1n5LYp5XlR7EIirC+2nAcwT/D+jCVD3Ju/IX3PYjU=','2025-06-20 06:52:19','2025-06-27 06:52:19','2025-06-20 06:53:05',1,'2025-06-20 06:53:05','Mozilla/5.0 (Windows NT 10.0; Win64; x64) AppleWebKit/537.36 (KHTML, like Gecko) Chrome/137.0.0.0 Safari/537.36 Edg/137.0.0.0',NULL),(330,3,'RZ9z9WAVYcjGFp0DwwTYTBDV7OjdqFiNnMDQtKRxPIE=','2025-06-20 06:53:08','2025-06-27 06:53:08','2025-06-20 06:58:09',1,'2025-06-20 06:58:09','Mozilla/5.0 (Windows NT 10.0; Win64; x64) AppleWebKit/537.36 (KHTML, like Gecko) Chrome/137.0.0.0 Safari/537.36 Edg/137.0.0.0',NULL),(331,4,'jQX5wAuY7af10P/bq4Ght5uMEYaCGLPDA6sdOIxGUPE=','2025-06-20 06:58:12','2025-06-27 06:58:12','2025-06-20 07:00:50',1,'2025-06-20 07:00:50','Mozilla/5.0 (Windows NT 10.0; Win64; x64) AppleWebKit/537.36 (KHTML, like Gecko) Chrome/137.0.0.0 Safari/537.36 Edg/137.0.0.0',NULL),(332,4,'mWiw+rK+xzdrBQlwIxDzpZ6mSsSoUfCuGRi3q4UgGLA=','2025-06-20 07:00:53','2025-06-27 07:00:53','2025-06-20 07:06:06',1,'2025-06-20 07:06:06','Mozilla/5.0 (Windows NT 10.0; Win64; x64) AppleWebKit/537.36 (KHTML, like Gecko) Chrome/137.0.0.0 Safari/537.36 Edg/137.0.0.0',NULL),(333,4,'miVGYEiRRu095SN07oGN5nZ265dF9uQJRzq2Wdf1PVY=','2025-06-20 07:06:11','2025-06-27 07:06:11','2025-06-20 07:53:04',1,'2025-06-20 07:53:04','Mozilla/5.0 (Windows NT 10.0; Win64; x64) AppleWebKit/537.36 (KHTML, like Gecko) Chrome/137.0.0.0 Safari/537.36 Edg/137.0.0.0','2025-06-20 07:48:18'),(334,4,'qRSnF3YfNesre4SUZcnUT0G/uMQiKbl21NNSKRIGBr4=','2025-06-20 08:02:09','2025-06-27 08:02:09','2025-06-20 08:02:27',1,'2025-06-20 08:02:27','Mozilla/5.0 (Windows NT 10.0; Win64; x64) AppleWebKit/537.36 (KHTML, like Gecko) Chrome/137.0.0.0 Safari/537.36 Edg/137.0.0.0',NULL),(335,4,'BfoXH4SU6fIl2PPilb10fJbl73Fs7gzioor+KGuo+bQ=','2025-06-20 08:02:29','2025-06-27 08:02:29','2025-06-20 08:03:21',1,'2025-06-20 08:03:21','Mozilla/5.0 (Windows NT 10.0; Win64; x64) AppleWebKit/537.36 (KHTML, like Gecko) Chrome/137.0.0.0 Safari/537.36 Edg/137.0.0.0',NULL),(336,4,'ST47hklpKlNN0X3f/O2pPKR3sdV1JlgR3Wld5uPEDTE=','2025-06-20 23:41:47','2025-06-27 23:41:47','2025-06-20 23:48:17',1,'2025-06-20 23:48:17','Mozilla/5.0 (Windows NT 10.0; Win64; x64) AppleWebKit/537.36 (KHTML, like Gecko) Chrome/137.0.0.0 Safari/537.36 Edg/137.0.0.0','2025-06-20 23:47:46'),(337,4,'Q6X7dzWgVf5kD3+7/Ppw12eCStzO7If+ITzcM3vJ4R8=','2025-06-20 23:49:26','2025-06-27 23:49:26','2025-06-20 23:49:51',1,'2025-06-20 23:49:51','Mozilla/5.0 (Windows NT 10.0; Win64; x64) AppleWebKit/537.36 (KHTML, like Gecko) Chrome/137.0.0.0 Safari/537.36 Edg/137.0.0.0',NULL),(338,4,'h8Y8z4YrUylpswMtKLac4whaBnUS6IMAAqa7J9s5Tjs=','2025-06-21 00:11:38','2025-06-28 00:11:38','2025-06-21 00:59:46',1,'2025-06-21 00:59:46','Mozilla/5.0 (Windows NT 10.0; Win64; x64) AppleWebKit/537.36 (KHTML, like Gecko) Chrome/137.0.0.0 Safari/537.36 Edg/137.0.0.0','2025-06-21 00:57:51'),(339,4,'JsnzBsEvn6bCL+T+equhLcvnv+Zbu90xJJZmZJBGlvo=','2025-06-21 00:59:51','2025-06-28 00:59:51','2025-06-21 01:00:56',1,'2025-06-21 01:00:56','Mozilla/5.0 (Windows NT 10.0; Win64; x64) AppleWebKit/537.36 (KHTML, like Gecko) Chrome/137.0.0.0 Safari/537.36 Edg/137.0.0.0',NULL),(340,4,'ILbqnlhv0YiJmO9HupuNiwgsDqQ4Tm3n8fNkwjCWWSQ=','2025-06-21 01:00:59','2025-06-28 01:00:59','2025-06-21 01:01:24',1,'2025-06-21 01:01:24','Mozilla/5.0 (Windows NT 10.0; Win64; x64) AppleWebKit/537.36 (KHTML, like Gecko) Chrome/137.0.0.0 Safari/537.36 Edg/137.0.0.0',NULL),(341,4,'d7ivVvuWRA7OeoTzQd23hRJJTAMEWG44ZIcDLPq2okE=','2025-06-21 01:01:27','2025-06-28 01:01:27','2025-06-21 01:02:32',1,'2025-06-21 01:02:32','Mozilla/5.0 (Windows NT 10.0; Win64; x64) AppleWebKit/537.36 (KHTML, like Gecko) Chrome/137.0.0.0 Safari/537.36 Edg/137.0.0.0',NULL),(342,4,'NhYHxkOEN7YNRs81dPtFodqQ+A0+Ue52/qt977HcJKQ=','2025-06-21 01:02:35','2025-06-28 01:02:35','2025-06-21 01:03:14',1,'2025-06-21 01:03:14','Mozilla/5.0 (Windows NT 10.0; Win64; x64) AppleWebKit/537.36 (KHTML, like Gecko) Chrome/137.0.0.0 Safari/537.36 Edg/137.0.0.0',NULL),(343,4,'ZmetG7j4XD7pkOhDVcOhkjXkp7r4CkuLiM8DpXgmLvg=','2025-06-21 01:03:16','2025-06-28 01:03:16','2025-06-21 01:08:56',1,'2025-06-21 01:08:56','Mozilla/5.0 (Windows NT 10.0; Win64; x64) AppleWebKit/537.36 (KHTML, like Gecko) Chrome/137.0.0.0 Safari/537.36 Edg/137.0.0.0','2025-06-21 01:08:17'),(344,4,'2YcbEoPa2zZ3pvbGJkeL2zgS7BG2OMU0YsER/iMG1Q0=','2025-06-21 01:08:59','2025-06-28 01:08:59','2025-06-21 01:09:10',1,'2025-06-21 01:09:10','Mozilla/5.0 (Windows NT 10.0; Win64; x64) AppleWebKit/537.36 (KHTML, like Gecko) Chrome/137.0.0.0 Safari/537.36 Edg/137.0.0.0',NULL),(345,4,'k46k4wtKab6Plw+kRhZQORRRJJdrnxvY5/8bGX0i4oM=','2025-06-21 01:09:14','2025-06-28 01:09:14','2025-06-21 01:09:43',1,'2025-06-21 01:09:43','Mozilla/5.0 (Windows NT 10.0; Win64; x64) AppleWebKit/537.36 (KHTML, like Gecko) Chrome/137.0.0.0 Safari/537.36 Edg/137.0.0.0',NULL),(346,4,'gZ+eqQmgb7uz6sv+vEXanv7vcHDiExIgpYU2z/NxXYg=','2025-06-21 01:09:46','2025-06-28 01:09:46','2025-06-21 01:10:25',1,'2025-06-21 01:10:25','Mozilla/5.0 (Windows NT 10.0; Win64; x64) AppleWebKit/537.36 (KHTML, like Gecko) Chrome/137.0.0.0 Safari/537.36 Edg/137.0.0.0',NULL),(347,4,'DD/OcX0U0z/9xXEOuUK4x8PGX6szdgWFcXqFQNDup84=','2025-06-21 01:10:27','2025-06-28 01:10:27','2025-06-21 01:10:42',1,'2025-06-21 01:10:42','Mozilla/5.0 (Windows NT 10.0; Win64; x64) AppleWebKit/537.36 (KHTML, like Gecko) Chrome/137.0.0.0 Safari/537.36 Edg/137.0.0.0',NULL),(348,4,'/FfKl4R4DzAcC0dnwBFhMk9+to0WabnfOdLu0nO6VsI=','2025-06-21 01:10:45','2025-06-28 01:10:45','2025-06-21 01:11:28',1,'2025-06-21 01:11:28','Mozilla/5.0 (Windows NT 10.0; Win64; x64) AppleWebKit/537.36 (KHTML, like Gecko) Chrome/137.0.0.0 Safari/537.36 Edg/137.0.0.0',NULL),(349,4,'pu9AzEWkjO7+qvPas3GupBh0QZfM7485KNeNm51FKG4=','2025-06-21 01:11:31','2025-06-28 01:11:31','2025-06-21 01:13:30',1,'2025-06-21 01:13:30','Mozilla/5.0 (Windows NT 10.0; Win64; x64) AppleWebKit/537.36 (KHTML, like Gecko) Chrome/137.0.0.0 Safari/537.36 Edg/137.0.0.0',NULL),(350,4,'5xA/4YoY3l2iLx9kbZi4WieeeVczZznQ/4k+pkOMF/0=','2025-06-21 01:13:33','2025-06-28 01:13:33','2025-06-21 01:17:40',1,'2025-06-21 01:17:40','Mozilla/5.0 (Windows NT 10.0; Win64; x64) AppleWebKit/537.36 (KHTML, like Gecko) Chrome/137.0.0.0 Safari/537.36 Edg/137.0.0.0',NULL),(351,4,'Ulk52Ct9cHm5wUyYQFISGUHZEZij6x/3iyghnrz4jLY=','2025-06-21 01:17:56','2025-06-28 01:17:56','2025-06-21 01:18:09',1,'2025-06-21 01:18:09','Mozilla/5.0 (Windows NT 10.0; Win64; x64) AppleWebKit/537.36 (KHTML, like Gecko) Chrome/137.0.0.0 Safari/537.36 Edg/137.0.0.0',NULL),(352,4,'cainukZqrhlj2rnQgunH1ib4/xcjUtQYlwsfcy5dIdM=','2025-06-21 01:18:15','2025-06-28 01:18:15','2025-06-21 01:19:28',1,'2025-06-21 01:19:28','Mozilla/5.0 (Windows NT 10.0; Win64; x64) AppleWebKit/537.36 (KHTML, like Gecko) Chrome/137.0.0.0 Safari/537.36 Edg/137.0.0.0',NULL),(353,4,'g8nQRjtlsHE12BaZ9FVa4y+bAFuLno7LZkGlPCegDJk=','2025-06-21 01:19:31','2025-06-28 01:19:31','2025-06-21 01:20:24',1,'2025-06-21 01:20:24','Mozilla/5.0 (Windows NT 10.0; Win64; x64) AppleWebKit/537.36 (KHTML, like Gecko) Chrome/137.0.0.0 Safari/537.36 Edg/137.0.0.0',NULL),(354,4,'2cXm2FyQk8I6ezkP2+yb5rYKFYaOa1sOVl8w9yATI2M=','2025-06-21 01:20:27','2025-06-28 01:20:27','2025-06-21 01:20:56',1,'2025-06-21 01:20:56','Mozilla/5.0 (Windows NT 10.0; Win64; x64) AppleWebKit/537.36 (KHTML, like Gecko) Chrome/137.0.0.0 Safari/537.36 Edg/137.0.0.0',NULL),(355,4,'z5yRRF/K1PmxQRdoJ7EojWqMF0n/Dflq9ngCUBWf6hk=','2025-06-21 01:32:48','2025-06-28 01:32:48','2025-06-21 01:33:11',1,'2025-06-21 01:33:11','Mozilla/5.0 (Windows NT 10.0; Win64; x64) AppleWebKit/537.36 (KHTML, like Gecko) Chrome/137.0.0.0 Safari/537.36 Edg/137.0.0.0',NULL),(356,4,'pJxdUNvxjqoRe+UxfvTWiuu2vCDQ42pnGV3DaVHw9d0=','2025-06-21 01:33:16','2025-06-28 01:33:16','2025-06-21 01:53:02',0,NULL,'Mozilla/5.0 (Windows NT 10.0; Win64; x64) AppleWebKit/537.36 (KHTML, like Gecko) Chrome/137.0.0.0 Safari/537.36 Edg/137.0.0.0','2025-06-21 01:53:02'),(357,4,'Zx9otIPHsjy0QMkR8X2lZ3u3mbcoe3y9I6DUd5tbu8Y=','2025-06-21 01:53:10','2025-06-28 01:53:10','2025-06-21 01:53:28',1,'2025-06-21 01:53:28','Mozilla/5.0 (Windows NT 10.0; Win64; x64) AppleWebKit/537.36 (KHTML, like Gecko) Chrome/137.0.0.0 Safari/537.36 Edg/137.0.0.0',NULL),(358,4,'WXQwajB2yfT/pXiV3uzIWc2KRvFz9RmlQX0Bz68KmsY=','2025-06-21 06:23:38','2025-06-28 06:23:38','2025-06-21 06:23:51',1,'2025-06-21 06:23:51','Mozilla/5.0 (Windows NT 10.0; Win64; x64) AppleWebKit/537.36 (KHTML, like Gecko) Chrome/137.0.0.0 Safari/537.36 Edg/137.0.0.0',NULL),(359,4,'qMCaRl5JYNcTbSh7b6GGD0GX1V7Xoslud9IJVL+bRW8=','2025-06-21 06:25:32','2025-06-28 06:25:32','2025-06-21 07:27:06',1,'2025-06-21 07:27:06','Mozilla/5.0 (Windows NT 10.0; Win64; x64) AppleWebKit/537.36 (KHTML, like Gecko) Chrome/137.0.0.0 Safari/537.36 Edg/137.0.0.0','2025-06-21 07:22:10'),(360,4,'KbG0KCRyiNbmo3N8kZqKagqkYNeb+zgwZEpjSTaOS3o=','2025-06-21 07:27:16','2025-06-28 07:27:16','2025-06-21 07:29:39',1,'2025-06-21 07:29:39','Mozilla/5.0 (Windows NT 10.0; Win64; x64) AppleWebKit/537.36 (KHTML, like Gecko) Chrome/137.0.0.0 Safari/537.36 Edg/137.0.0.0',NULL),(361,4,'1PoLgxGGgXkNxR76SdJ04IuPRSYif+zDHifhrs4eTsA=','2025-06-21 07:29:42','2025-06-28 07:29:42','2025-06-21 07:34:13',1,'2025-06-21 07:34:13','Mozilla/5.0 (Windows NT 10.0; Win64; x64) AppleWebKit/537.36 (KHTML, like Gecko) Chrome/137.0.0.0 Safari/537.36 Edg/137.0.0.0',NULL),(362,4,'MBE11VbVCDUnaDpWvGvgIC2HPutNM3gGs7IXuP+4DQ0=','2025-06-21 07:34:21','2025-06-28 07:34:21','2025-06-21 07:36:55',1,'2025-06-21 07:36:55','Mozilla/5.0 (Windows NT 10.0; Win64; x64) AppleWebKit/537.36 (KHTML, like Gecko) Chrome/137.0.0.0 Safari/537.36 Edg/137.0.0.0',NULL),(363,4,'MDFIz7oa4Tm9RbJujFGiFVs75CZm3JY3m3vFa2D9YWI=','2025-06-21 07:36:58','2025-06-28 07:36:58','2025-06-21 07:47:44',1,'2025-06-21 07:47:44','Mozilla/5.0 (Windows NT 10.0; Win64; x64) AppleWebKit/537.36 (KHTML, like Gecko) Chrome/137.0.0.0 Safari/537.36 Edg/137.0.0.0','2025-06-21 07:46:57'),(364,4,'q+Ezg1ZYtt3I2svL5++3MpIE+Fb94JOOeJ1TYSidWBw=','2025-06-21 07:47:48','2025-06-28 07:47:48','2025-06-21 07:49:18',1,'2025-06-21 07:49:18','Mozilla/5.0 (Windows NT 10.0; Win64; x64) AppleWebKit/537.36 (KHTML, like Gecko) Chrome/137.0.0.0 Safari/537.36 Edg/137.0.0.0',NULL),(365,4,'UQt/E/OZeaRpWhDgrvKU2nq5LRIn5ziCS+/usyBNlU0=','2025-06-21 07:49:59','2025-06-28 07:49:59','2025-06-21 07:49:59',0,NULL,'Mozilla/5.0 (Windows NT 10.0; Win64; x64) AppleWebKit/537.36 (KHTML, like Gecko) Chrome/137.0.0.0 Safari/537.36 Edg/137.0.0.0',NULL),(366,2,'Zev7S73EDLit0pCKsOtgBkfws3gb7rIy0wTrwGdQSPc=','2025-06-23 05:05:26','2025-06-30 05:05:26','2025-06-23 05:05:35',1,'2025-06-23 05:05:35','Mozilla/5.0 (Windows NT 10.0; Win64; x64) AppleWebKit/537.36 (KHTML, like Gecko) Chrome/137.0.0.0 Safari/537.36 Edg/137.0.0.0',NULL),(367,4,'2ilZTQXMh4DFUkcEI9p1cQmlB3e2PynDyvm79ak51ko=','2025-06-23 05:05:46','2025-06-30 05:05:46','2025-06-23 05:10:09',1,'2025-06-23 05:10:09','Mozilla/5.0 (Windows NT 10.0; Win64; x64) AppleWebKit/537.36 (KHTML, like Gecko) Chrome/137.0.0.0 Safari/537.36 Edg/137.0.0.0',NULL),(368,4,'ywZzDooQt/RwofChgwQKiLJK0WjApHEw5oBtgLUyDTc=','2025-06-23 05:10:13','2025-06-30 05:10:13','2025-06-23 05:12:28',1,'2025-06-23 05:12:28','Mozilla/5.0 (Windows NT 10.0; Win64; x64) AppleWebKit/537.36 (KHTML, like Gecko) Chrome/137.0.0.0 Safari/537.36 Edg/137.0.0.0',NULL),(369,4,'QnQXhD6A3iaPhO4TCbFhyIMoqULNFa30tiKhQQ3hh9o=','2025-06-23 05:12:31','2025-06-30 05:12:31','2025-06-23 05:14:01',1,'2025-06-23 05:14:01','Mozilla/5.0 (Windows NT 10.0; Win64; x64) AppleWebKit/537.36 (KHTML, like Gecko) Chrome/137.0.0.0 Safari/537.36 Edg/137.0.0.0',NULL),(370,4,'rRPik+EWPG8Zpal2+t/KP0reQiVk9qUeiYv/66dWrdo=','2025-06-23 05:14:04','2025-06-30 05:14:04','2025-06-23 05:15:29',1,'2025-06-23 05:15:29','Mozilla/5.0 (Windows NT 10.0; Win64; x64) AppleWebKit/537.36 (KHTML, like Gecko) Chrome/137.0.0.0 Safari/537.36 Edg/137.0.0.0',NULL),(371,4,'koe7/aFIHu1s9VioeGlQfTPq8uHtK8BiAUTqhz2kl2s=','2025-06-23 05:15:31','2025-06-30 05:15:31','2025-06-23 05:17:49',1,'2025-06-23 05:17:49','Mozilla/5.0 (Windows NT 10.0; Win64; x64) AppleWebKit/537.36 (KHTML, like Gecko) Chrome/137.0.0.0 Safari/537.36 Edg/137.0.0.0',NULL),(372,4,'wb526KKZYQLWY0gIkXznYzRlLD+jO54eMdwQfL+pUC0=','2025-06-23 05:17:51','2025-06-30 05:17:51','2025-06-23 06:01:13',1,'2025-06-23 06:01:13','Mozilla/5.0 (Windows NT 10.0; Win64; x64) AppleWebKit/537.36 (KHTML, like Gecko) Chrome/137.0.0.0 Safari/537.36 Edg/137.0.0.0','2025-06-23 06:00:48'),(373,4,'oQ3Bn5b1ipiMdlk7MqUe4kTCVkLNLUSjS8cusR4AGRM=','2025-06-23 06:01:17','2025-06-30 06:01:17','2025-06-23 06:01:51',1,'2025-06-23 06:01:51','Mozilla/5.0 (Windows NT 10.0; Win64; x64) AppleWebKit/537.36 (KHTML, like Gecko) Chrome/137.0.0.0 Safari/537.36 Edg/137.0.0.0',NULL),(374,4,'vH4Ll0KVr+qm1DhB+ocB30psBINuYk8hYAg1cvZnkBY=','2025-06-23 06:01:55','2025-06-30 06:01:55','2025-06-23 06:04:22',1,'2025-06-23 06:04:22','Mozilla/5.0 (Windows NT 10.0; Win64; x64) AppleWebKit/537.36 (KHTML, like Gecko) Chrome/137.0.0.0 Safari/537.36 Edg/137.0.0.0',NULL),(375,4,'Mz/8XKHN21/iTWaRGGXhULDMqBnYumzd01nneg/L900=','2025-06-23 06:04:25','2025-06-30 06:04:25','2025-06-23 06:06:56',1,'2025-06-23 06:06:56','Mozilla/5.0 (Windows NT 10.0; Win64; x64) AppleWebKit/537.36 (KHTML, like Gecko) Chrome/137.0.0.0 Safari/537.36 Edg/137.0.0.0',NULL),(376,4,'t0z3ti9FUJJsygeJ61qLNSxBPzJnXRJ6JGh/gy8ZuJY=','2025-06-23 06:06:59','2025-06-30 06:06:59','2025-06-23 06:11:43',1,'2025-06-23 06:11:43','Mozilla/5.0 (Windows NT 10.0; Win64; x64) AppleWebKit/537.36 (KHTML, like Gecko) Chrome/137.0.0.0 Safari/537.36 Edg/137.0.0.0',NULL),(377,4,'hUSwVFydcdIhAzXYhHjAc/LecF0wfggaAvlE7lIx4wI=','2025-06-23 06:11:46','2025-06-30 06:11:46','2025-06-23 06:16:18',1,'2025-06-23 06:16:18','Mozilla/5.0 (Windows NT 10.0; Win64; x64) AppleWebKit/537.36 (KHTML, like Gecko) Chrome/137.0.0.0 Safari/537.36 Edg/137.0.0.0',NULL),(378,4,'Zk3n0ewqNavoJwRA/vVtcr3NcYr2+aXqElYvNTPaeVM=','2025-06-23 06:16:21','2025-06-30 06:16:21','2025-06-23 06:16:36',1,'2025-06-23 06:16:36','Mozilla/5.0 (Windows NT 10.0; Win64; x64) AppleWebKit/537.36 (KHTML, like Gecko) Chrome/137.0.0.0 Safari/537.36 Edg/137.0.0.0',NULL),(379,4,'TiL3pay3o6lwdrIil+3RwyOAoJ29pQOrX64CC2PqS7g=','2025-06-23 06:16:47','2025-06-30 06:16:47','2025-06-23 06:22:47',1,'2025-06-23 06:22:47','Mozilla/5.0 (Windows NT 10.0; Win64; x64) AppleWebKit/537.36 (KHTML, like Gecko) Chrome/137.0.0.0 Safari/537.36 Edg/137.0.0.0','2025-06-23 06:22:43'),(380,4,'DAd5s3jWRaspnMvZDcEmzm78zIoSDitwcT6KYY3qMPI=','2025-06-23 06:22:50','2025-06-30 06:22:50','2025-06-23 06:23:18',1,'2025-06-23 06:23:18','Mozilla/5.0 (Windows NT 10.0; Win64; x64) AppleWebKit/537.36 (KHTML, like Gecko) Chrome/137.0.0.0 Safari/537.36 Edg/137.0.0.0',NULL),(381,4,'7BRbLDnj4DVN8uSv7+adfYxRy/49bMG5KBLXebDIuOs=','2025-06-23 06:23:22','2025-06-30 06:23:22','2025-06-23 06:24:34',1,'2025-06-23 06:24:34','Mozilla/5.0 (Windows NT 10.0; Win64; x64) AppleWebKit/537.36 (KHTML, like Gecko) Chrome/137.0.0.0 Safari/537.36 Edg/137.0.0.0',NULL),(382,4,'QUUrSX5EGXPUO1c6EANs7TJjS5d7OzfUe3stRgOrPU8=','2025-06-23 07:16:56','2025-06-30 07:16:56','2025-06-23 07:16:56',0,NULL,'Mozilla/5.0 (Windows NT 10.0; Win64; x64) AppleWebKit/537.36 (KHTML, like Gecko) Chrome/137.0.0.0 Safari/537.36 Edg/137.0.0.0',NULL),(383,4,'ORxotEclYsP9xRMg2H57yC/rR5JwNHuCZ8ozd04RmUk=','2025-06-23 12:21:03','2025-06-30 12:21:03','2025-06-23 12:21:03',0,NULL,'Mozilla/5.0 (Windows NT 10.0; Win64; x64) AppleWebKit/537.36 (KHTML, like Gecko) Chrome/137.0.0.0 Safari/537.36 Edg/137.0.0.0',NULL),(384,4,'vb7Ahmhyi0r6Xv/vjKJUjeIYIhVpPfP48icVazaHqDE=','2025-06-23 12:23:32','2025-06-30 12:23:32','2025-06-23 12:28:24',0,NULL,'Mozilla/5.0 (Windows NT 10.0; Win64; x64) AppleWebKit/537.36 (KHTML, like Gecko) Chrome/137.0.0.0 Safari/537.36 Edg/137.0.0.0','2025-06-23 12:28:24'),(385,4,'YDJmz7AW8hweOGWZvDCFBONSK1fNN1LKPI8GJR3/+DA=','2025-06-23 12:30:11','2025-06-30 12:30:11','2025-06-23 12:30:11',0,NULL,'Mozilla/5.0 (Windows NT 10.0; Win64; x64) AppleWebKit/537.36 (KHTML, like Gecko) Chrome/137.0.0.0 Safari/537.36 Edg/137.0.0.0',NULL),(386,4,'xV/+EWxbEDobF/ceI8NUIAPM0iJZp5d7HWeehg/cl8w=','2025-06-23 12:38:58','2025-06-30 12:38:58','2025-06-23 12:38:58',0,NULL,'Mozilla/5.0 (Windows NT 10.0; Win64; x64) AppleWebKit/537.36 (KHTML, like Gecko) Chrome/137.0.0.0 Safari/537.36 Edg/137.0.0.0',NULL),(387,4,'5v0e/rZYZp8AN2mP1CasGS3Tj+QtIPf2SAtYQBfCPe8=','2025-06-23 12:41:17','2025-06-30 12:41:17','2025-06-23 12:43:36',1,'2025-06-23 12:43:36','Mozilla/5.0 (Windows NT 10.0; Win64; x64) AppleWebKit/537.36 (KHTML, like Gecko) Chrome/137.0.0.0 Safari/537.36 Edg/137.0.0.0',NULL),(388,4,'Ej0By2ZAM3DuvZ/ThJhkhOfdscjaiaumzlY1B+JNEFE=','2025-06-23 12:43:40','2025-06-30 12:43:40','2025-06-23 12:48:59',1,'2025-06-23 12:48:59','Mozilla/5.0 (Windows NT 10.0; Win64; x64) AppleWebKit/537.36 (KHTML, like Gecko) Chrome/137.0.0.0 Safari/537.36 Edg/137.0.0.0',NULL),(389,4,'kGrl6NZd9LjAx4no0f2ERveaW8BeUnlnEDsGKDLRDDY=','2025-06-23 12:49:04','2025-06-30 12:49:04','2025-06-23 12:51:14',1,'2025-06-23 12:51:14','Mozilla/5.0 (Windows NT 10.0; Win64; x64) AppleWebKit/537.36 (KHTML, like Gecko) Chrome/137.0.0.0 Safari/537.36 Edg/137.0.0.0',NULL),(390,4,'0vhLsovUVx3/TCP4aOTxrNzlSO0vt3HOtMVL2sdFpYM=','2025-06-23 12:51:56','2025-06-30 12:51:56','2025-06-23 12:53:39',1,'2025-06-23 12:53:39','Mozilla/5.0 (Windows NT 10.0; Win64; x64) AppleWebKit/537.36 (KHTML, like Gecko) Chrome/137.0.0.0 Safari/537.36 Edg/137.0.0.0',NULL),(391,4,'BPKDRMBf4Dju4K5CjB72cfPIS8wYF+ZA6Jkw+dLuam8=','2025-06-23 12:53:43','2025-06-30 12:53:43','2025-06-23 12:53:53',1,'2025-06-23 12:53:53','Mozilla/5.0 (Windows NT 10.0; Win64; x64) AppleWebKit/537.36 (KHTML, like Gecko) Chrome/137.0.0.0 Safari/537.36 Edg/137.0.0.0',NULL),(392,4,'YGIKVXWmLuRTB8G/JEpKtRBIIvE9Z1Qs3bGcK2hYhfY=','2025-06-23 12:53:57','2025-06-30 12:53:57','2025-06-23 12:58:08',1,'2025-06-23 12:58:08','Mozilla/5.0 (Windows NT 10.0; Win64; x64) AppleWebKit/537.36 (KHTML, like Gecko) Chrome/137.0.0.0 Safari/537.36 Edg/137.0.0.0',NULL),(393,4,'sQi7wn1MbdwVKmRkbA81ukZmK2//jpJrz+xP4hcbfYE=','2025-06-23 12:58:11','2025-06-30 12:58:11','2025-06-23 12:58:11',0,NULL,'Mozilla/5.0 (Windows NT 10.0; Win64; x64) AppleWebKit/537.36 (KHTML, like Gecko) Chrome/137.0.0.0 Safari/537.36 Edg/137.0.0.0',NULL),(394,4,'DOYaROtzU7RJF3oQ+aIuNjnbFNUs/dKFQnUTK8L9WSM=','2025-06-23 12:58:53','2025-06-30 12:58:53','2025-06-23 13:00:07',1,'2025-06-23 13:00:07','Mozilla/5.0 (Windows NT 10.0; Win64; x64) AppleWebKit/537.36 (KHTML, like Gecko) Chrome/137.0.0.0 Safari/537.36 Edg/137.0.0.0',NULL),(395,4,'nPoW0I68fCQp0i49BdvNIclW8E6I+g1KPENIrSFJMAk=','2025-06-23 13:03:58','2025-06-30 13:03:58','2025-06-23 13:03:58',0,NULL,'Mozilla/5.0 (Windows NT 10.0; Win64; x64) AppleWebKit/537.36 (KHTML, like Gecko) Chrome/137.0.0.0 Safari/537.36 Edg/137.0.0.0',NULL),(396,4,'btqHYJ5tqXgWWUQKScDQH8xvfzw2xYXcKETdKGLh2hY=','2025-06-23 13:04:41','2025-06-30 13:04:41','2025-06-23 13:04:41',0,NULL,'Mozilla/5.0 (Windows NT 10.0; Win64; x64) AppleWebKit/537.36 (KHTML, like Gecko) Chrome/137.0.0.0 Safari/537.36 Edg/137.0.0.0',NULL),(397,4,'0lfMuRUrfmnrMe6eWwdYcvHltT+65SSeMiZlh2piRXs=','2025-06-23 13:05:37','2025-06-30 13:05:37','2025-06-23 13:05:37',0,NULL,'Mozilla/5.0 (Windows NT 10.0; Win64; x64) AppleWebKit/537.36 (KHTML, like Gecko) Chrome/137.0.0.0 Safari/537.36 Edg/137.0.0.0',NULL),(398,4,'/XnymsWUgk2mHIEeAwd/ZT3Ac9tHXglpxakAm2Hd5So=','2025-06-23 13:11:30','2025-06-30 13:11:30','2025-06-23 13:12:13',1,'2025-06-23 13:12:13','Mozilla/5.0 (Windows NT 10.0; Win64; x64) AppleWebKit/537.36 (KHTML, like Gecko) Chrome/137.0.0.0 Safari/537.36 Edg/137.0.0.0',NULL),(399,4,'0VUoz188vtPt+XozlXkaaXwUO+mxKugYpGfMicKGHAs=','2025-06-23 13:12:16','2025-06-30 13:12:16','2025-06-23 13:13:08',1,'2025-06-23 13:13:08','Mozilla/5.0 (Windows NT 10.0; Win64; x64) AppleWebKit/537.36 (KHTML, like Gecko) Chrome/137.0.0.0 Safari/537.36 Edg/137.0.0.0',NULL),(400,4,'qEGNLiirND4K3sUcW2OG5yfbInrHtecRGGa2rRJ7gcw=','2025-06-23 13:13:11','2025-06-30 13:13:11','2025-06-23 13:14:02',1,'2025-06-23 13:14:02','Mozilla/5.0 (Windows NT 10.0; Win64; x64) AppleWebKit/537.36 (KHTML, like Gecko) Chrome/137.0.0.0 Safari/537.36 Edg/137.0.0.0',NULL),(401,4,'nV4AQ10eBTySyPGs6xEygBHMDCJi5HPbyP/+W/x1gFA=','2025-06-23 13:14:06','2025-06-30 13:14:06','2025-06-23 13:14:20',1,'2025-06-23 13:14:20','Mozilla/5.0 (Windows NT 10.0; Win64; x64) AppleWebKit/537.36 (KHTML, like Gecko) Chrome/137.0.0.0 Safari/537.36 Edg/137.0.0.0',NULL),(402,4,'TqhLQsYLplTtklJ3kUhGziLCXnL9ikuByA8Z9vE8eks=','2025-06-23 13:14:23','2025-06-30 13:14:23','2025-06-23 13:15:51',1,'2025-06-23 13:15:51','Mozilla/5.0 (Windows NT 10.0; Win64; x64) AppleWebKit/537.36 (KHTML, like Gecko) Chrome/137.0.0.0 Safari/537.36 Edg/137.0.0.0',NULL),(403,4,'mhVItJ0ZEsXRDOtpHsM2dXF9JPAxixGKqbAC6ryxKdw=','2025-06-23 13:15:55','2025-06-30 13:15:55','2025-06-23 13:19:26',1,'2025-06-23 13:19:26','Mozilla/5.0 (Windows NT 10.0; Win64; x64) AppleWebKit/537.36 (KHTML, like Gecko) Chrome/137.0.0.0 Safari/537.36 Edg/137.0.0.0',NULL),(404,4,'/5O7XcdP/UsyCS66B2FMj2j4dilqMVUA46SZ3f1Wfp8=','2025-06-23 13:19:29','2025-06-30 13:19:29','2025-06-23 13:22:13',1,'2025-06-23 13:22:13','Mozilla/5.0 (Windows NT 10.0; Win64; x64) AppleWebKit/537.36 (KHTML, like Gecko) Chrome/137.0.0.0 Safari/537.36 Edg/137.0.0.0',NULL),(405,4,'1e8a4zdWFq9vfR4Ny6Q0KszQzlNHtmsai87KYOim6DQ=','2025-06-23 13:22:17','2025-06-30 13:22:17','2025-06-23 13:22:17',0,NULL,'Mozilla/5.0 (Windows NT 10.0; Win64; x64) AppleWebKit/537.36 (KHTML, like Gecko) Chrome/137.0.0.0 Safari/537.36 Edg/137.0.0.0',NULL),(406,4,'THhiOlAA9WZ8gsQqAevPPvPbkgFG5wPHGxDpgoXsSUc=','2025-06-23 23:43:14','2025-06-30 23:43:14','2025-06-23 23:53:18',1,'2025-06-23 23:53:18','Mozilla/5.0 (Windows NT 10.0; Win64; x64) AppleWebKit/537.36 (KHTML, like Gecko) Chrome/137.0.0.0 Safari/537.36 Edg/137.0.0.0','2025-06-23 23:51:44'),(407,4,'By/3gaKvnCGcwA5uIwLRimPjtwZ8g4I2mKv3B0xPpcg=','2025-06-23 23:53:24','2025-06-30 23:53:24','2025-06-23 23:55:24',1,'2025-06-23 23:55:24','Mozilla/5.0 (Windows NT 10.0; Win64; x64) AppleWebKit/537.36 (KHTML, like Gecko) Chrome/137.0.0.0 Safari/537.36 Edg/137.0.0.0',NULL),(408,4,'8OLLJmqGWPMHAHYMPZ/zkcD0BjYz5lNYaC0MoUFMz98=','2025-06-23 23:55:27','2025-06-30 23:55:27','2025-06-23 23:56:31',1,'2025-06-23 23:56:31','Mozilla/5.0 (Windows NT 10.0; Win64; x64) AppleWebKit/537.36 (KHTML, like Gecko) Chrome/137.0.0.0 Safari/537.36 Edg/137.0.0.0',NULL),(409,4,'LjlS9yBrnTwyg7cQ6NrVFbBdNztWRY0YBuFTmtQF/BU=','2025-06-23 23:56:35','2025-06-30 23:56:35','2025-06-23 23:57:27',1,'2025-06-23 23:57:27','Mozilla/5.0 (Windows NT 10.0; Win64; x64) AppleWebKit/537.36 (KHTML, like Gecko) Chrome/137.0.0.0 Safari/537.36 Edg/137.0.0.0',NULL),(410,4,'cLfl7IbU86LRg9orJgyu6RsNgdCjL823A4Po+ywAaEc=','2025-06-23 23:57:30','2025-06-30 23:57:30','2025-06-23 23:58:41',1,'2025-06-23 23:58:41','Mozilla/5.0 (Windows NT 10.0; Win64; x64) AppleWebKit/537.36 (KHTML, like Gecko) Chrome/137.0.0.0 Safari/537.36 Edg/137.0.0.0',NULL),(411,4,'atDDW3By9vK3xoD4Olpj7ViRO6hpJOSoYfunG/QGqOc=','2025-06-23 23:58:45','2025-06-30 23:58:45','2025-06-24 00:14:42',0,NULL,'Mozilla/5.0 (Windows NT 10.0; Win64; x64) AppleWebKit/537.36 (KHTML, like Gecko) Chrome/137.0.0.0 Safari/537.36 Edg/137.0.0.0','2025-06-24 00:14:42'),(412,4,'4AeOMef+BVDeMn4eCXSCacs1NySJjpmpIrjT/EE5uGg=','2025-06-24 00:14:49','2025-07-01 00:14:49','2025-06-24 00:20:31',1,'2025-06-24 00:20:31','Mozilla/5.0 (Windows NT 10.0; Win64; x64) AppleWebKit/537.36 (KHTML, like Gecko) Chrome/137.0.0.0 Safari/537.36 Edg/137.0.0.0',NULL),(413,4,'86L8aHVPM3CHbX7iNTP78U4tBRsDMRqAhr1IsOCF0TI=','2025-06-24 00:20:34','2025-07-01 00:20:34','2025-06-24 00:20:34',0,NULL,'Mozilla/5.0 (Windows NT 10.0; Win64; x64) AppleWebKit/537.36 (KHTML, like Gecko) Chrome/137.0.0.0 Safari/537.36 Edg/137.0.0.0',NULL),(414,4,'iBFzW1qmJafCK5Cb9N/CVuA2ZX1VpWIcABGAmep5JH8=','2025-06-24 00:21:22','2025-07-01 00:21:22','2025-06-24 00:25:23',1,'2025-06-24 00:25:23','Mozilla/5.0 (Windows NT 10.0; Win64; x64) AppleWebKit/537.36 (KHTML, like Gecko) Chrome/137.0.0.0 Safari/537.36 Edg/137.0.0.0',NULL),(415,4,'0Uv+Z7+9JOmyIYNUsCfFragWdzx9EY9EYMnPhg3u2G0=','2025-06-24 00:25:26','2025-07-01 00:25:26','2025-06-24 01:02:19',0,NULL,'Mozilla/5.0 (Windows NT 10.0; Win64; x64) AppleWebKit/537.36 (KHTML, like Gecko) Chrome/137.0.0.0 Safari/537.36 Edg/137.0.0.0','2025-06-24 01:02:19'),(416,4,'b+Q175rBr32v8/a5V/4YAR+hMAb2pW4YtRke5oQscHk=','2025-06-24 01:03:50','2025-07-01 01:03:50','2025-06-24 03:33:50',1,'2025-06-24 03:33:50','Mozilla/5.0 (Windows NT 10.0; Win64; x64) AppleWebKit/537.36 (KHTML, like Gecko) Chrome/137.0.0.0 Safari/537.36 Edg/137.0.0.0','2025-06-24 01:32:55'),(417,4,'+WQax7Fj+v2DvRSfJ/DxgbWX/pkq2L0E2LtCqVAU6ME=','2025-06-24 03:33:55','2025-07-01 03:33:55','2025-06-24 04:51:26',1,'2025-06-24 04:51:26','Mozilla/5.0 (Windows NT 10.0; Win64; x64) AppleWebKit/537.36 (KHTML, like Gecko) Chrome/137.0.0.0 Safari/537.36 Edg/137.0.0.0',NULL),(418,4,'Xv5y3oBWuPKmL1KlICQayMns0S3D14aSjv5Runu8egg=','2025-06-24 05:22:06','2025-07-01 05:22:06','2025-06-24 06:39:51',1,'2025-06-24 06:39:51','Mozilla/5.0 (Windows NT 10.0; Win64; x64) AppleWebKit/537.36 (KHTML, like Gecko) Chrome/137.0.0.0 Safari/537.36 Edg/137.0.0.0','2025-06-24 05:55:53'),(419,4,'JW1iQJ9HJKujr9P8xQ+NfSGgJ4+Bqr2m0SNeORZduuw=','2025-06-24 06:45:13','2025-07-01 06:45:13','2025-06-24 06:46:12',1,'2025-06-24 06:46:12','Mozilla/5.0 (Windows NT 10.0; Win64; x64) AppleWebKit/537.36 (KHTML, like Gecko) Chrome/137.0.0.0 Safari/537.36 Edg/137.0.0.0',NULL),(420,4,'G+XHzcVDStBYuQN4Z4Ab9s/AVgrLcj1zu2DsmMHKDeI=','2025-06-24 06:46:15','2025-07-01 06:46:15','2025-06-24 07:33:32',0,NULL,'Mozilla/5.0 (Windows NT 10.0; Win64; x64) AppleWebKit/537.36 (KHTML, like Gecko) Chrome/137.0.0.0 Safari/537.36 Edg/137.0.0.0','2025-06-24 07:33:32'),(421,4,'bkReEz+IVJoKZs1CgnvGM3wk0W/wyyoYoLk/plYU2bc=','2025-06-24 07:37:45','2025-07-01 07:37:45','2025-06-24 07:38:11',1,'2025-06-24 07:38:11','Mozilla/5.0 (Windows NT 10.0; Win64; x64) AppleWebKit/537.36 (KHTML, like Gecko) Chrome/137.0.0.0 Safari/537.36 Edg/137.0.0.0',NULL),(422,4,'L0f4HdYvM6PMAmwGhdlqP1AMQrajRWk/DOZY9pS8BRM=','2025-06-24 07:39:26','2025-07-01 07:39:26','2025-06-24 07:46:42',0,NULL,'Mozilla/5.0 (Windows NT 10.0; Win64; x64) AppleWebKit/537.36 (KHTML, like Gecko) Chrome/137.0.0.0 Safari/537.36 Edg/137.0.0.0','2025-06-24 07:46:42'),(423,4,'uqCdqm64uKgJGlG//Nu01RgK+isfjJyDzUMjpdx4qFw=','2025-06-24 07:46:59','2025-07-01 07:46:59','2025-06-24 07:47:27',1,'2025-06-24 07:47:27','Mozilla/5.0 (Windows NT 10.0; Win64; x64) AppleWebKit/537.36 (KHTML, like Gecko) Chrome/137.0.0.0 Safari/537.36 Edg/137.0.0.0',NULL),(424,4,'CR3FPR9meRu07d/0/4kZfEpN30bYrSNLRYKuPGk/gW8=','2025-06-24 07:56:55','2025-07-01 07:56:55','2025-06-24 07:59:18',1,'2025-06-24 07:59:18','Mozilla/5.0 (Windows NT 10.0; Win64; x64) AppleWebKit/537.36 (KHTML, like Gecko) Chrome/137.0.0.0 Safari/537.36 Edg/137.0.0.0',NULL),(425,4,'4mw9t0GDc1h+9u9sEZcxi6kQlZGwX/6ofaZMczoF9AA=','2025-06-24 07:59:29','2025-07-01 07:59:29','2025-06-24 07:59:48',1,'2025-06-24 07:59:48','Mozilla/5.0 (Windows NT 10.0; Win64; x64) AppleWebKit/537.36 (KHTML, like Gecko) Chrome/137.0.0.0 Safari/537.36 Edg/137.0.0.0',NULL),(426,4,'DXYV/MZDwHX46yCTHi/SrN8Tl4iO20um8jwZrBrvDKs=','2025-06-24 08:00:01','2025-07-01 08:00:01','2025-06-24 08:03:24',1,'2025-06-24 08:03:24','Mozilla/5.0 (Windows NT 10.0; Win64; x64) AppleWebKit/537.36 (KHTML, like Gecko) Chrome/137.0.0.0 Safari/537.36 Edg/137.0.0.0',NULL),(427,2,'SfULNeB54aoQcpYDJw/3dVF/MlR6WiH1hlLnTzM3abM=','2025-06-24 23:18:41','2025-07-01 23:18:41','2025-06-24 23:18:41',0,NULL,'Mozilla/5.0 (Windows NT 10.0; Win64; x64) AppleWebKit/537.36 (KHTML, like Gecko) Chrome/137.0.0.0 Safari/537.36 Edg/137.0.0.0',NULL),(428,3,'W+2f4keqxfGN2YmM/Jp9MaW6RKAfDvDpaXjdw2yX8LU=','2025-06-24 23:29:36','2025-07-01 23:29:36','2025-06-24 23:29:39',1,'2025-06-24 23:29:39','Mozilla/5.0 (Windows NT 10.0; Win64; x64) AppleWebKit/537.36 (KHTML, like Gecko) Chrome/137.0.0.0 Safari/537.36 Edg/137.0.0.0',NULL),(429,2,'7g3Tv6Dr+oPpXne3Yy6ZW6c3flykehToN4fWvb7jZXE=','2025-06-24 23:29:43','2025-07-01 23:29:43','2025-06-25 00:14:05',1,'2025-06-25 00:14:05','Mozilla/5.0 (Windows NT 10.0; Win64; x64) AppleWebKit/537.36 (KHTML, like Gecko) Chrome/137.0.0.0 Safari/537.36 Edg/137.0.0.0','2025-06-25 00:12:47'),(430,8,'U+TbYnLBtTT2bTZYLNU9it3XDgQ4mbZxDe2C3z5eG6U=','2025-06-25 00:15:21','2025-07-02 00:15:21','2025-06-25 00:15:31',1,'2025-06-25 00:15:31','Mozilla/5.0 (Windows NT 10.0; Win64; x64) AppleWebKit/537.36 (KHTML, like Gecko) Chrome/137.0.0.0 Safari/537.36 Edg/137.0.0.0',NULL),(431,3,'buglcSGk4MlLzEp+EeZ89djvqKBbijqK3eMnQVvEO24=','2025-06-25 00:16:39','2025-07-02 00:16:39','2025-06-25 00:16:53',1,'2025-06-25 00:16:53','Mozilla/5.0 (Windows NT 10.0; Win64; x64) AppleWebKit/537.36 (KHTML, like Gecko) Chrome/137.0.0.0 Safari/537.36 Edg/137.0.0.0',NULL),(432,4,'01/Idj/RfXrBSxXLQLwBQEejh3E+f2dOq/1BAdGJ5BY=','2025-06-25 00:17:13','2025-07-02 00:17:13','2025-06-25 00:20:39',1,'2025-06-25 00:20:39','Mozilla/5.0 (Windows NT 10.0; Win64; x64) AppleWebKit/537.36 (KHTML, like Gecko) Chrome/137.0.0.0 Safari/537.36 Edg/137.0.0.0',NULL),(433,4,'T+idu+OVN3cvPAE2G542jTS3jVISe1MVUwWn/jX2cTM=','2025-06-25 00:20:42','2025-07-02 00:20:42','2025-06-25 00:28:49',1,'2025-06-25 00:28:49','Mozilla/5.0 (Windows NT 10.0; Win64; x64) AppleWebKit/537.36 (KHTML, like Gecko) Chrome/137.0.0.0 Safari/537.36 Edg/137.0.0.0','2025-06-25 00:28:07'),(434,4,'bfhACRj9jw9INIH7/FGG59D8U74dLFvZQQ6BjNbDaRI=','2025-06-25 00:28:53','2025-07-02 00:28:53','2025-06-25 00:31:21',1,'2025-06-25 00:31:21','Mozilla/5.0 (Windows NT 10.0; Win64; x64) AppleWebKit/537.36 (KHTML, like Gecko) Chrome/137.0.0.0 Safari/537.36 Edg/137.0.0.0',NULL),(435,4,'d//sUwXM5i02u/d7Fsl1NKtgnlfCUrVEl7kbnxpc96g=','2025-06-25 00:31:25','2025-07-02 00:31:25','2025-06-25 00:32:34',1,'2025-06-25 00:32:34','Mozilla/5.0 (Windows NT 10.0; Win64; x64) AppleWebKit/537.36 (KHTML, like Gecko) Chrome/137.0.0.0 Safari/537.36 Edg/137.0.0.0',NULL),(436,4,'+/LX3D6VIuW9eJQu/g7s/c5fI0fz7AzxESWNiUrCx/I=','2025-06-25 00:32:37','2025-07-02 00:32:37','2025-06-25 00:42:38',1,'2025-06-25 00:42:38','Mozilla/5.0 (Windows NT 10.0; Win64; x64) AppleWebKit/537.36 (KHTML, like Gecko) Chrome/137.0.0.0 Safari/537.36 Edg/137.0.0.0','2025-06-25 00:41:54'),(437,4,'QOD2dXR4o/6cw2hEnGZ6/5VNe419kfQwoG4W6bur7iw=','2025-06-25 00:42:42','2025-07-02 00:42:42','2025-06-25 00:43:38',1,'2025-06-25 00:43:38','Mozilla/5.0 (Windows NT 10.0; Win64; x64) AppleWebKit/537.36 (KHTML, like Gecko) Chrome/137.0.0.0 Safari/537.36 Edg/137.0.0.0',NULL),(438,4,'35JgWVoZPhrfEEtpnbkVW2uCx6+qbH7J2PEcxweHx4M=','2025-06-25 00:44:28','2025-07-02 00:44:28','2025-06-25 00:49:52',1,'2025-06-25 00:49:52','Mozilla/5.0 (Windows NT 10.0; Win64; x64) AppleWebKit/537.36 (KHTML, like Gecko) Chrome/137.0.0.0 Safari/537.36 Edg/137.0.0.0','2025-06-25 00:49:20'),(439,4,'MXWhTdCmdjtbFnV5Z62THt3v2StkVMS5AY4DFlQBpBE=','2025-06-25 00:52:24','2025-07-02 00:52:24','2025-06-25 01:05:31',1,'2025-06-25 01:05:31','Mozilla/5.0 (Windows NT 10.0; Win64; x64) AppleWebKit/537.36 (KHTML, like Gecko) Chrome/137.0.0.0 Safari/537.36 Edg/137.0.0.0','2025-06-25 01:04:36'),(440,4,'G1KjCmv9B/yWu0yqEx5TFJonROsQfGkzNezjtCdzrC4=','2025-06-25 01:05:45','2025-07-02 01:05:45','2025-06-25 01:06:17',1,'2025-06-25 01:06:17','Mozilla/5.0 (Windows NT 10.0; Win64; x64) AppleWebKit/537.36 (KHTML, like Gecko) Chrome/137.0.0.0 Safari/537.36 Edg/137.0.0.0',NULL),(441,4,'KWNuZDxJ9m0k8Gkab1hsD49HLz/k8ckBDxyAexz1PCk=','2025-06-25 01:08:12','2025-07-02 01:08:12','2025-06-25 01:46:22',1,'2025-06-25 01:46:22','Mozilla/5.0 (Windows NT 10.0; Win64; x64) AppleWebKit/537.36 (KHTML, like Gecko) Chrome/137.0.0.0 Safari/537.36 Edg/137.0.0.0','2025-06-25 01:46:22'),(442,4,'3TTH8y3ogfoOj2Xepndrwcs/gFZoyJ+xviXplxL2slA=','2025-06-25 01:52:12','2025-07-02 01:52:12','2025-06-25 02:05:19',1,'2025-06-25 02:05:19','Mozilla/5.0 (Windows NT 10.0; Win64; x64) AppleWebKit/537.36 (KHTML, like Gecko) Chrome/137.0.0.0 Safari/537.36 Edg/137.0.0.0','2025-06-25 02:05:18'),(443,4,'6km7VbQPK90k80a8NNfefpoz9ciGTEcBCleVsSTFNT8=','2025-06-25 02:05:26','2025-07-02 02:05:26','2025-06-25 02:07:50',1,'2025-06-25 02:07:50','Mozilla/5.0 (Windows NT 10.0; Win64; x64) AppleWebKit/537.36 (KHTML, like Gecko) Chrome/137.0.0.0 Safari/537.36 Edg/137.0.0.0',NULL),(444,4,'upDvnPlY+NFUvK+IRisD9A+QmY+GADe0S640JSI3uEQ=','2025-06-25 02:07:57','2025-07-02 02:07:57','2025-06-25 02:10:01',1,'2025-06-25 02:10:01','Mozilla/5.0 (Windows NT 10.0; Win64; x64) AppleWebKit/537.36 (KHTML, like Gecko) Chrome/137.0.0.0 Safari/537.36 Edg/137.0.0.0',NULL),(445,4,'lVrwRKG7HbM0vuQpZ6mju/syolALrR9Gexpqvr8EMzo=','2025-06-25 02:10:06','2025-07-02 02:10:06','2025-06-25 03:21:24',1,'2025-06-25 03:21:24','Mozilla/5.0 (Windows NT 10.0; Win64; x64) AppleWebKit/537.36 (KHTML, like Gecko) Chrome/137.0.0.0 Safari/537.36 Edg/137.0.0.0','2025-06-25 03:08:31'),(446,4,'HKSH/UjLkoRIk5XaEmtYJXccKFnu9R/fgsF2GmAX4o4=','2025-06-25 03:24:42','2025-07-02 03:24:42','2025-06-25 03:26:37',1,'2025-06-25 03:26:37','Mozilla/5.0 (Windows NT 10.0; Win64; x64) AppleWebKit/537.36 (KHTML, like Gecko) Chrome/137.0.0.0 Safari/537.36 Edg/137.0.0.0',NULL),(447,4,'hGFWksrNudLGFAOv4ldJNf4AfboQcOZZrxroURlSw0I=','2025-06-25 03:26:40','2025-07-02 03:26:40','2025-06-25 03:37:00',1,'2025-06-25 03:37:00','Mozilla/5.0 (Windows NT 10.0; Win64; x64) AppleWebKit/537.36 (KHTML, like Gecko) Chrome/137.0.0.0 Safari/537.36 Edg/137.0.0.0','2025-06-25 03:36:53'),(448,4,'hbTIFg4+jsGVjd7qybhdOx2K2NlewABuySy75K9ikFA=','2025-06-25 03:37:03','2025-07-02 03:37:03','2025-06-25 04:00:38',1,'2025-06-25 04:00:38','Mozilla/5.0 (Windows NT 10.0; Win64; x64) AppleWebKit/537.36 (KHTML, like Gecko) Chrome/137.0.0.0 Safari/537.36 Edg/137.0.0.0','2025-06-25 03:49:50'),(449,4,'E0zyPPCVI1egcOtkeR3J9TEqDFkQTLQ47TmxXQpltX0=','2025-06-25 04:00:40','2025-07-02 04:00:40','2025-06-25 04:07:22',1,'2025-06-25 04:07:22','Mozilla/5.0 (Windows NT 10.0; Win64; x64) AppleWebKit/537.36 (KHTML, like Gecko) Chrome/137.0.0.0 Safari/537.36 Edg/137.0.0.0',NULL),(450,4,'Qfp/LROavqmaiU1p5+blukEhCBJbe0rusTm9VYiJq0g=','2025-06-25 04:07:33','2025-07-02 04:07:33','2025-06-25 04:07:54',1,'2025-06-25 04:07:54','Mozilla/5.0 (Windows NT 10.0; Win64; x64) AppleWebKit/537.36 (KHTML, like Gecko) Chrome/137.0.0.0 Safari/537.36 Edg/137.0.0.0',NULL),(451,4,'QDDrPaSLae5KcOxs9ztm+reEB9xgbdlrkczpJcUz+6Y=','2025-06-25 04:07:57','2025-07-02 04:07:57','2025-06-25 05:21:30',1,'2025-06-25 05:21:30','Mozilla/5.0 (Windows NT 10.0; Win64; x64) AppleWebKit/537.36 (KHTML, like Gecko) Chrome/137.0.0.0 Safari/537.36 Edg/137.0.0.0','2025-06-25 04:16:19'),(452,4,'dk3SSvOV+OIliiF48uDTOMA3w+mQdu2JxsWQNjs0pwI=','2025-06-25 05:28:11','2025-07-02 05:28:11','2025-06-25 06:44:55',1,'2025-06-25 06:44:55','Mozilla/5.0 (Windows NT 10.0; Win64; x64) AppleWebKit/537.36 (KHTML, like Gecko) Chrome/137.0.0.0 Safari/537.36 Edg/137.0.0.0','2025-06-25 06:12:57'),(453,4,'aGKQwkfbF9UjePy1SZkKltGbT3fyp1Vrn5nmzhYX8wI=','2025-06-25 06:44:59','2025-07-02 06:44:59','2025-06-25 06:47:28',1,'2025-06-25 06:47:28','Mozilla/5.0 (Windows NT 10.0; Win64; x64) AppleWebKit/537.36 (KHTML, like Gecko) Chrome/137.0.0.0 Safari/537.36 Edg/137.0.0.0',NULL),(454,4,'aEH1RxnDAYH52qjnpTZ2w3n13uF4iGDnCgs16pZlTeo=','2025-06-25 06:47:34','2025-07-02 06:47:34','2025-06-25 07:32:30',0,NULL,'Mozilla/5.0 (Windows NT 10.0; Win64; x64) AppleWebKit/537.36 (KHTML, like Gecko) Chrome/137.0.0.0 Safari/537.36 Edg/137.0.0.0','2025-06-25 07:32:30'),(455,4,'q2p+vl7OEqjPonnmbl9LQIJJNjzmRSCcEMyQIytSnBY=','2025-06-25 07:32:42','2025-07-02 07:32:42','2025-06-25 08:01:12',1,'2025-06-25 08:01:12','Mozilla/5.0 (Windows NT 10.0; Win64; x64) AppleWebKit/537.36 (KHTML, like Gecko) Chrome/137.0.0.0 Safari/537.36 Edg/137.0.0.0','2025-06-25 08:01:09'),(456,4,'f0kkTZl9u4LsKuYuPaoXQbwd0QZJnwkW9SoTWvJgI9M=','2025-06-25 12:08:33','2025-07-02 12:08:33','2025-06-25 13:11:53',1,'2025-06-25 13:11:53','Mozilla/5.0 (Windows NT 10.0; Win64; x64) AppleWebKit/537.36 (KHTML, like Gecko) Chrome/137.0.0.0 Safari/537.36 Edg/137.0.0.0','2025-06-25 13:06:51'),(457,4,'CK7mv94TbZu6yFXOZlmC1WoC/2UkjaePaUL3fgVm+j8=','2025-06-25 13:11:58','2025-07-02 13:11:58','2025-06-25 13:12:23',1,'2025-06-25 13:12:23','Mozilla/5.0 (Windows NT 10.0; Win64; x64) AppleWebKit/537.36 (KHTML, like Gecko) Chrome/137.0.0.0 Safari/537.36 Edg/137.0.0.0',NULL),(458,4,'dCSlVaact/wLsiosn46iumgg9bueX91TLTJRvXri3cQ=','2025-06-25 13:12:27','2025-07-02 13:12:27','2025-06-25 13:33:00',1,'2025-06-25 13:33:00','Mozilla/5.0 (Windows NT 10.0; Win64; x64) AppleWebKit/537.36 (KHTML, like Gecko) Chrome/137.0.0.0 Safari/537.36 Edg/137.0.0.0','2025-06-25 13:27:53'),(459,4,'MrFyfCdYYuv3+1vjpmh2juT78CMR71396GIBClmD2t4=','2025-06-25 13:33:05','2025-07-02 13:33:05','2025-06-25 13:36:01',1,'2025-06-25 13:36:01','Mozilla/5.0 (Windows NT 10.0; Win64; x64) AppleWebKit/537.36 (KHTML, like Gecko) Chrome/137.0.0.0 Safari/537.36 Edg/137.0.0.0',NULL),(460,4,'EjFh1syifL0XM45SRB7IP8zrdK1REzH1lZt6B9a9CZ4=','2025-06-26 02:13:07','2025-07-03 02:13:07','2025-06-26 02:43:06',1,'2025-06-26 02:43:06','Mozilla/5.0 (Windows NT 10.0; Win64; x64) AppleWebKit/537.36 (KHTML, like Gecko) Chrome/137.0.0.0 Safari/537.36 Edg/137.0.0.0','2025-06-26 02:41:46'),(461,4,'7UCHQdZYb6iUc1ZAoIzgFadDoVxy7DQHKC3G73oUtmc=','2025-06-26 02:43:09','2025-07-03 02:43:09','2025-06-26 03:43:07',1,'2025-06-26 03:43:07','Mozilla/5.0 (Windows NT 10.0; Win64; x64) AppleWebKit/537.36 (KHTML, like Gecko) Chrome/137.0.0.0 Safari/537.36 Edg/137.0.0.0','2025-06-26 03:42:33'),(462,4,'h/yhjYGfH6GA8hbnk7EYPNvorvdf8jcRFWeMGTubqEw=','2025-06-26 03:43:10','2025-07-03 03:43:10','2025-06-26 04:51:28',1,'2025-06-26 04:51:28','Mozilla/5.0 (Windows NT 10.0; Win64; x64) AppleWebKit/537.36 (KHTML, like Gecko) Chrome/137.0.0.0 Safari/537.36 Edg/137.0.0.0','2025-06-26 04:15:30'),(463,4,'l2R1coqxELon+w9Huh3ZRWOtDBvI8kkSJwHn7ZXAIEI=','2025-06-26 06:20:18','2025-07-03 06:20:18','2025-06-26 06:25:01',1,'2025-06-26 06:25:01','Mozilla/5.0 (Windows NT 10.0; Win64; x64) AppleWebKit/537.36 (KHTML, like Gecko) Chrome/137.0.0.0 Safari/537.36 Edg/137.0.0.0',NULL),(464,4,'j31I0Ub/1kdbWRe3a5IdadxjAqyVWchEfRxRjnt42GQ=','2025-06-26 06:37:33','2025-07-03 06:37:33','2025-06-26 06:43:22',1,'2025-06-26 06:43:22','Mozilla/5.0 (Windows NT 10.0; Win64; x64) AppleWebKit/537.36 (KHTML, like Gecko) Chrome/137.0.0.0 Safari/537.36 Edg/137.0.0.0','2025-06-26 06:42:33'),(465,4,'UI1ZATHWcGUKRExrqs9InjfO9QCkizL+LE9FFV+CLQQ=','2025-06-26 06:43:25','2025-07-03 06:43:25','2025-06-26 06:55:43',1,'2025-06-26 06:55:43','Mozilla/5.0 (Windows NT 10.0; Win64; x64) AppleWebKit/537.36 (KHTML, like Gecko) Chrome/137.0.0.0 Safari/537.36 Edg/137.0.0.0','2025-06-26 06:52:14'),(466,4,'1B2xzptYXOrw+l2c2C7h+U+LML2oRmw99g/nqowaVC8=','2025-06-26 06:55:46','2025-07-03 06:55:46','2025-06-26 06:55:57',1,'2025-06-26 06:55:57','Mozilla/5.0 (Windows NT 10.0; Win64; x64) AppleWebKit/537.36 (KHTML, like Gecko) Chrome/137.0.0.0 Safari/537.36 Edg/137.0.0.0',NULL),(467,4,'GADmuQqu+6coPQlzlMOU4REsDSV6OMbCTcZDmqLcegk=','2025-06-26 06:56:02','2025-07-03 06:56:02','2025-06-26 06:57:01',1,'2025-06-26 06:57:01','Mozilla/5.0 (Windows NT 10.0; Win64; x64) AppleWebKit/537.36 (KHTML, like Gecko) Chrome/137.0.0.0 Safari/537.36 Edg/137.0.0.0',NULL),(468,4,'99oxbueOqdh/amG/VDk+NVK45C4wYWfUeEAk8dnTNkg=','2025-06-26 06:57:05','2025-07-03 06:57:05','2025-06-26 07:44:37',1,'2025-06-26 07:44:37','Mozilla/5.0 (Windows NT 10.0; Win64; x64) AppleWebKit/537.36 (KHTML, like Gecko) Chrome/137.0.0.0 Safari/537.36 Edg/137.0.0.0','2025-06-26 07:40:16'),(469,4,'JIOy/7IiPoDfKacg9PckT9slJX+8qo6n5Zfo7w+dG8I=','2025-06-26 07:44:41','2025-07-03 07:44:41','2025-06-26 07:50:25',0,NULL,'Mozilla/5.0 (Windows NT 10.0; Win64; x64) AppleWebKit/537.36 (KHTML, like Gecko) Chrome/137.0.0.0 Safari/537.36 Edg/137.0.0.0','2025-06-26 07:50:25'),(470,4,'EOR0WnwNVg3q6wWTw6kqTHLF6zzvf8r0Rty+1TPaks4=','2025-06-27 00:23:44','2025-07-04 00:23:44','2025-06-27 00:57:13',1,'2025-06-27 00:57:13','Mozilla/5.0 (Windows NT 10.0; Win64; x64) AppleWebKit/537.36 (KHTML, like Gecko) Chrome/137.0.0.0 Safari/537.36 Edg/137.0.0.0','2025-06-27 00:54:55'),(471,4,'cy1EtM5rxhrXqkx0Sgky+eNos0V8PSwg5vKPhV9oUKw=','2025-06-27 00:57:16','2025-07-04 00:57:16','2025-06-27 01:18:38',1,'2025-06-27 01:18:38','Mozilla/5.0 (Windows NT 10.0; Win64; x64) AppleWebKit/537.36 (KHTML, like Gecko) Chrome/137.0.0.0 Safari/537.36 Edg/137.0.0.0','2025-06-27 01:02:22'),(472,4,'gQh8MQAoQ/Vc1uKz3TECftzsGc3Nmph52x5mQYm+m2g=','2025-06-27 01:18:43','2025-07-04 01:18:43','2025-06-27 02:37:30',1,'2025-06-27 02:37:30','Mozilla/5.0 (Windows NT 10.0; Win64; x64) AppleWebKit/537.36 (KHTML, like Gecko) Chrome/137.0.0.0 Safari/537.36 Edg/137.0.0.0','2025-06-27 02:07:29'),(473,4,'oU+411bEsEpyFq1C9xTLkDoc5A0DbUNdiguZGtDmPHM=','2025-06-27 03:03:35','2025-07-04 03:03:35','2025-06-27 03:09:19',1,'2025-06-27 03:09:19','Mozilla/5.0 (Windows NT 10.0; Win64; x64) AppleWebKit/537.36 (KHTML, like Gecko) Chrome/137.0.0.0 Safari/537.36 Edg/137.0.0.0',NULL),(474,4,'0KxYxYhLHmxTqOl5Pfdj/iSuDmUgC1xKmlj7v0VKvwY=','2025-06-27 03:09:23','2025-07-04 03:09:23','2025-06-27 03:22:42',1,'2025-06-27 03:22:42','Mozilla/5.0 (Windows NT 10.0; Win64; x64) AppleWebKit/537.36 (KHTML, like Gecko) Chrome/137.0.0.0 Safari/537.36 Edg/137.0.0.0','2025-06-27 03:16:41'),(475,4,'OQ7rGDdSOUfmcBRgI4ZkCQn8Peu0I4d0OrapJeJQhw0=','2025-06-27 03:22:48','2025-07-04 03:22:48','2025-06-27 04:00:02',1,'2025-06-27 04:00:02','Mozilla/5.0 (Windows NT 10.0; Win64; x64) AppleWebKit/537.36 (KHTML, like Gecko) Chrome/137.0.0.0 Safari/537.36 Edg/137.0.0.0','2025-06-27 03:56:50'),(476,4,'cCFvbAdOgZXlaEZ0vTLoJl6wlhE20jxU5adbpRRuo+s=','2025-06-27 04:00:08','2025-07-04 04:00:08','2025-06-27 04:00:08',0,NULL,'Mozilla/5.0 (Windows NT 10.0; Win64; x64) AppleWebKit/537.36 (KHTML, like Gecko) Chrome/137.0.0.0 Safari/537.36 Edg/137.0.0.0',NULL),(477,4,'pFQyZXBSPtc/6JbeLE17zoByhzwE6TCkr9hxegSNCDM=','2025-06-27 04:54:34','2025-07-04 04:54:34','2025-06-27 05:07:43',1,'2025-06-27 05:07:43','Mozilla/5.0 (Windows NT 10.0; Win64; x64) AppleWebKit/537.36 (KHTML, like Gecko) Chrome/137.0.0.0 Safari/537.36 Edg/137.0.0.0','2025-06-27 05:05:43'),(478,4,'m2Pfz43yQqCt61HEvLQ5t9FdGoY1DaUomgKEC4knBGM=','2025-06-27 05:07:46','2025-07-04 05:07:46','2025-06-27 05:17:39',1,'2025-06-27 05:17:39','Mozilla/5.0 (Windows NT 10.0; Win64; x64) AppleWebKit/537.36 (KHTML, like Gecko) Chrome/137.0.0.0 Safari/537.36 Edg/137.0.0.0','2025-06-27 05:17:38'),(479,4,'UpejO3zR+Jm7zLes1S8fxkosy12zF+kYxqfE75fGxik=','2025-06-27 05:18:35','2025-07-04 05:18:35','2025-06-27 05:21:46',1,'2025-06-27 05:21:46','Mozilla/5.0 (Windows NT 10.0; Win64; x64) AppleWebKit/537.36 (KHTML, like Gecko) Chrome/137.0.0.0 Safari/537.36 Edg/137.0.0.0',NULL),(480,4,'cfyeeWPVrjofVCXraxJu/FFu1v9ivYDmsd0mVDCD3ZU=','2025-06-27 05:21:48','2025-07-04 05:21:48','2025-06-27 05:24:07',1,'2025-06-27 05:24:07','Mozilla/5.0 (Windows NT 10.0; Win64; x64) AppleWebKit/537.36 (KHTML, like Gecko) Chrome/137.0.0.0 Safari/537.36 Edg/137.0.0.0',NULL),(481,4,'fJcC4hI7wVU6RIX4HIYmSlxYHzMofJel72lG0aOEMlo=','2025-06-27 05:24:11','2025-07-04 05:24:11','2025-06-27 05:29:04',1,'2025-06-27 05:29:04','Mozilla/5.0 (Windows NT 10.0; Win64; x64) AppleWebKit/537.36 (KHTML, like Gecko) Chrome/137.0.0.0 Safari/537.36 Edg/137.0.0.0','2025-06-27 05:29:01'),(482,4,'PwefgWKRPgRcKrdGmW+bFvkzQ5xCJL/oBI6xR07QN74=','2025-06-27 05:29:30','2025-07-04 05:29:30','2025-06-27 05:30:33',1,'2025-06-27 05:30:33','Mozilla/5.0 (Windows NT 10.0; Win64; x64) AppleWebKit/537.36 (KHTML, like Gecko) Chrome/137.0.0.0 Safari/537.36 Edg/137.0.0.0',NULL),(483,4,'A7sA0uB2PA+lU3QR1TIW+U3RpH81xerBVtaITv0lOS4=','2025-06-27 05:30:36','2025-07-04 05:30:36','2025-06-27 05:33:11',1,'2025-06-27 05:33:11','Mozilla/5.0 (Windows NT 10.0; Win64; x64) AppleWebKit/537.36 (KHTML, like Gecko) Chrome/137.0.0.0 Safari/537.36 Edg/137.0.0.0',NULL),(484,4,'/BfPcoOOxFJlEsXvaGpbD1hUUtzQyUhEXKknuMLrSPU=','2025-06-27 05:33:19','2025-07-04 05:33:19','2025-06-27 05:33:39',1,'2025-06-27 05:33:39','Mozilla/5.0 (Windows NT 10.0; Win64; x64) AppleWebKit/537.36 (KHTML, like Gecko) Chrome/137.0.0.0 Safari/537.36 Edg/137.0.0.0',NULL),(485,4,'TEwaiuyVPkFcDclca5bzKHVjpPEyNh03DruLZeO13Wg=','2025-06-27 05:33:42','2025-07-04 05:33:42','2025-06-27 05:39:18',1,'2025-06-27 05:39:18','Mozilla/5.0 (Windows NT 10.0; Win64; x64) AppleWebKit/537.36 (KHTML, like Gecko) Chrome/137.0.0.0 Safari/537.36 Edg/137.0.0.0','2025-06-27 05:38:48'),(486,4,'FGOPpZzPuSfzbHWKZDnrVrYf/GrsPzjHnerHBFd85Kc=','2025-06-27 05:39:21','2025-07-04 05:39:21','2025-06-27 05:39:37',1,'2025-06-27 05:39:37','Mozilla/5.0 (Windows NT 10.0; Win64; x64) AppleWebKit/537.36 (KHTML, like Gecko) Chrome/137.0.0.0 Safari/537.36 Edg/137.0.0.0',NULL),(487,4,'qXVz5HNSNqYrNZgAZ4Fn7JS2O3w+txX95V1s2ONlTfM=','2025-06-27 05:39:39','2025-07-04 05:39:39','2025-06-27 05:40:14',1,'2025-06-27 05:40:14','Mozilla/5.0 (Windows NT 10.0; Win64; x64) AppleWebKit/537.36 (KHTML, like Gecko) Chrome/137.0.0.0 Safari/537.36 Edg/137.0.0.0',NULL),(488,4,'WWrKjaRFEvm09OWHXdiH7opM5Hg7NTz0CcwyMaKRLtQ=','2025-06-27 05:40:17','2025-07-04 05:40:17','2025-06-27 05:40:29',1,'2025-06-27 05:40:29','Mozilla/5.0 (Windows NT 10.0; Win64; x64) AppleWebKit/537.36 (KHTML, like Gecko) Chrome/137.0.0.0 Safari/537.36 Edg/137.0.0.0',NULL),(489,2,'2sTFjWx2dsrjVJsS6GmeV6eg9dEIdF1GcU/O6qlRp04=','2025-06-27 05:42:34','2025-07-04 05:42:34','2025-06-27 05:43:24',1,'2025-06-27 05:43:24','Mozilla/5.0 (Windows NT 10.0; Win64; x64) AppleWebKit/537.36 (KHTML, like Gecko) Chrome/137.0.0.0 Safari/537.36 Edg/137.0.0.0',NULL),(490,3,'7WRQcHaArWa0KFijfn0L6RetRNobqT8lAMBpbS0zuoE=','2025-06-27 05:43:28','2025-07-04 05:43:28','2025-06-27 05:43:49',1,'2025-06-27 05:43:49','Mozilla/5.0 (Windows NT 10.0; Win64; x64) AppleWebKit/537.36 (KHTML, like Gecko) Chrome/137.0.0.0 Safari/537.36 Edg/137.0.0.0',NULL),(491,2,'8AXpX8ggrTr6QKiHRCpTG3HLHsGx4n0iEMB3JjcM9RA=','2025-06-27 05:43:59','2025-07-04 05:43:59','2025-06-27 05:45:09',1,'2025-06-27 05:45:09','Mozilla/5.0 (Windows NT 10.0; Win64; x64) AppleWebKit/537.36 (KHTML, like Gecko) Chrome/137.0.0.0 Safari/537.36 Edg/137.0.0.0',NULL),(492,3,'CHHISC2df5vWssuFR2YW4CJbCQ5IKYuiVFjsT4rOZPU=','2025-06-27 05:45:27','2025-07-04 05:45:27','2025-06-27 05:46:29',1,'2025-06-27 05:46:29','Mozilla/5.0 (Windows NT 10.0; Win64; x64) AppleWebKit/537.36 (KHTML, like Gecko) Chrome/137.0.0.0 Safari/537.36 Edg/137.0.0.0',NULL),(493,4,'OmedR77D8SCC/4wJl7iy9HnGqxdfVIanuZFR+7JDCMk=','2025-06-27 05:46:35','2025-07-04 05:46:35','2025-06-27 06:02:01',1,'2025-06-27 06:02:01','Mozilla/5.0 (Windows NT 10.0; Win64; x64) AppleWebKit/537.36 (KHTML, like Gecko) Chrome/137.0.0.0 Safari/537.36 Edg/137.0.0.0',NULL),(494,4,'HXLWFlDB3S8MQFNzMgvwZcDp3Sxr9w2CT/l3VYF/NS0=','2025-06-27 06:02:05','2025-07-04 06:02:05','2025-06-27 06:03:46',1,'2025-06-27 06:03:46','Mozilla/5.0 (Windows NT 10.0; Win64; x64) AppleWebKit/537.36 (KHTML, like Gecko) Chrome/137.0.0.0 Safari/537.36 Edg/137.0.0.0',NULL),(495,2,'FosSzHCXQxBAKP487A6NEt46CMhTgTPyauDNH8Q4c5o=','2025-06-27 06:03:50','2025-07-04 06:03:50','2025-06-27 06:04:38',1,'2025-06-27 06:04:38','Mozilla/5.0 (Windows NT 10.0; Win64; x64) AppleWebKit/537.36 (KHTML, like Gecko) Chrome/137.0.0.0 Safari/537.36 Edg/137.0.0.0',NULL),(496,4,'lzAUjra9d8QSrGuj6/EGTXOeDunmDSwo/UxjaTzsS98=','2025-06-27 06:12:11','2025-07-04 06:12:11','2025-06-27 06:28:52',1,'2025-06-27 06:28:52','Mozilla/5.0 (Windows NT 10.0; Win64; x64) AppleWebKit/537.36 (KHTML, like Gecko) Chrome/137.0.0.0 Safari/537.36 Edg/137.0.0.0','2025-06-27 06:25:34'),(497,2,'/TLcU0wWSGRT1VrBRvhF8hTQ43dn1MHvoLB/loIiKIE=','2025-06-27 06:28:55','2025-07-04 06:28:55','2025-06-27 06:43:23',1,'2025-06-27 06:43:23','Mozilla/5.0 (Windows NT 10.0; Win64; x64) AppleWebKit/537.36 (KHTML, like Gecko) Chrome/137.0.0.0 Safari/537.36 Edg/137.0.0.0','2025-06-27 06:34:03'),(498,4,'dpUi88EBdaoHcp3tc0CNga/CUdP4SkHCisRLEIQNGbM=','2025-06-27 06:43:26','2025-07-04 06:43:26','2025-06-27 06:43:56',1,'2025-06-27 06:43:56','Mozilla/5.0 (Windows NT 10.0; Win64; x64) AppleWebKit/537.36 (KHTML, like Gecko) Chrome/137.0.0.0 Safari/537.36 Edg/137.0.0.0',NULL),(499,4,'W4HSYvc5YizwKRwr5vgrTbzURTJ20RnPUzqIIw61vPg=','2025-06-27 06:44:00','2025-07-04 06:44:00','2025-06-27 07:04:32',0,NULL,'Mozilla/5.0 (Windows NT 10.0; Win64; x64) AppleWebKit/537.36 (KHTML, like Gecko) Chrome/137.0.0.0 Safari/537.36 Edg/137.0.0.0','2025-06-27 07:04:32'),(500,4,'VUMN4Kd/02DBdLkU/Qlyq2lShPzOCvr+w8q3epT/sRk=','2025-06-27 07:04:37','2025-07-04 07:04:37','2025-06-27 07:07:00',1,'2025-06-27 07:07:00','Mozilla/5.0 (Windows NT 10.0; Win64; x64) AppleWebKit/537.36 (KHTML, like Gecko) Chrome/137.0.0.0 Safari/537.36 Edg/137.0.0.0',NULL),(501,4,'W+RsfNepFifiWEC9NkM/whGEjT72bUbqsSMua73MG6w=','2025-06-27 07:07:07','2025-07-04 07:07:07','2025-06-27 07:09:04',1,'2025-06-27 07:09:04','Mozilla/5.0 (Windows NT 10.0; Win64; x64) AppleWebKit/537.36 (KHTML, like Gecko) Chrome/137.0.0.0 Safari/537.36 Edg/137.0.0.0',NULL),(502,3,'fFP1EuVs/581dGvGI0rb+aDm/PYf6PXkOuBVqdYjytI=','2025-06-27 07:09:09','2025-07-04 07:09:09','2025-06-27 07:13:07',1,'2025-06-27 07:13:07','Mozilla/5.0 (Windows NT 10.0; Win64; x64) AppleWebKit/537.36 (KHTML, like Gecko) Chrome/137.0.0.0 Safari/537.36 Edg/137.0.0.0',NULL),(503,4,'aX6h+i9clJW2F/n0bUgFDIvj+ui8i3zjmY5WBpcdhZk=','2025-06-27 07:13:11','2025-07-04 07:13:11','2025-06-27 07:50:13',0,NULL,'Mozilla/5.0 (Windows NT 10.0; Win64; x64) AppleWebKit/537.36 (KHTML, like Gecko) Chrome/137.0.0.0 Safari/537.36 Edg/137.0.0.0','2025-06-27 07:50:13'),(504,4,'B7Zz37u4aaotxsJBXdsXeWuCAxEMM7uarV8yDEpZv9Q=','2025-06-27 07:50:38','2025-07-04 07:50:38','2025-06-27 07:51:27',1,'2025-06-27 07:51:27','Mozilla/5.0 (Windows NT 10.0; Win64; x64) AppleWebKit/537.36 (KHTML, like Gecko) Chrome/137.0.0.0 Safari/537.36 Edg/137.0.0.0',NULL),(505,4,'7Y7JJrb7LxpgDYDG5iqF6+LS2YUnOL1c72rQzbryDK8=','2025-06-27 07:51:31','2025-07-04 07:51:31','2025-06-27 07:52:01',1,'2025-06-27 07:52:01','Mozilla/5.0 (Windows NT 10.0; Win64; x64) AppleWebKit/537.36 (KHTML, like Gecko) Chrome/137.0.0.0 Safari/537.36 Edg/137.0.0.0',NULL),(506,4,'T9CzMCz3Pww1XViF//EdrMMRDgl9zHisg5X0KYRlerk=','2025-06-28 01:15:57','2025-07-05 01:15:57','2025-06-28 01:25:23',0,NULL,'Mozilla/5.0 (Windows NT 10.0; Win64; x64) AppleWebKit/537.36 (KHTML, like Gecko) Chrome/137.0.0.0 Safari/537.36 Edg/137.0.0.0','2025-06-28 01:25:23'),(507,4,'UNYTOpRLx26Jij9xiGUWa8UaGyVLTIerznpJurAhxLg=','2025-06-28 01:25:30','2025-07-05 01:25:30','2025-06-28 01:26:05',1,'2025-06-28 01:26:05','Mozilla/5.0 (Windows NT 10.0; Win64; x64) AppleWebKit/537.36 (KHTML, like Gecko) Chrome/137.0.0.0 Safari/537.36 Edg/137.0.0.0',NULL),(508,4,'i5EYtvcyFeO8lfbO0dFjc6FeDFtX+irzb+tvC8sqNuw=','2025-06-28 01:26:09','2025-07-05 01:26:09','2025-06-28 01:31:13',1,'2025-06-28 01:31:13','Mozilla/5.0 (Windows NT 10.0; Win64; x64) AppleWebKit/537.36 (KHTML, like Gecko) Chrome/137.0.0.0 Safari/537.36 Edg/137.0.0.0',NULL),(509,4,'pljdCtTrXgB9Y7p53acxISAEHkeilIz9KX1iBzoqzVE=','2025-06-28 01:31:24','2025-07-05 01:31:24','2025-06-28 03:16:26',1,'2025-06-28 03:16:26','Mozilla/5.0 (Windows NT 10.0; Win64; x64) AppleWebKit/537.36 (KHTML, like Gecko) Chrome/137.0.0.0 Safari/537.36 Edg/137.0.0.0','2025-06-28 01:45:18'),(510,4,'TmXRjQOEGzoJQZeJposzz8OeScgQtup+FqVzKCfVYrw=','2025-06-28 03:16:32','2025-07-05 03:16:32','2025-06-28 03:28:07',0,NULL,'Mozilla/5.0 (Windows NT 10.0; Win64; x64) AppleWebKit/537.36 (KHTML, like Gecko) Chrome/137.0.0.0 Safari/537.36 Edg/137.0.0.0','2025-06-28 03:28:06'),(511,4,'/dAx9MVvaKyVcdyupqGZcilTg+GHGS8x4P3aJA7vDqE=','2025-06-28 03:28:16','2025-07-05 03:28:16','2025-06-28 03:36:18',1,'2025-06-28 03:36:18','Mozilla/5.0 (Windows NT 10.0; Win64; x64) AppleWebKit/537.36 (KHTML, like Gecko) Chrome/137.0.0.0 Safari/537.36 Edg/137.0.0.0',NULL),(512,4,'q42ICsIh7bMS+buM9Z2tE2dNnwvNHsSUElbeKjF8+jU=','2025-06-28 03:36:21','2025-07-05 03:36:21','2025-06-28 03:37:45',1,'2025-06-28 03:37:45','Mozilla/5.0 (Windows NT 10.0; Win64; x64) AppleWebKit/537.36 (KHTML, like Gecko) Chrome/137.0.0.0 Safari/537.36 Edg/137.0.0.0',NULL),(513,4,'N+os9L9D8nofx23Ozye911oOMB/JPIF/dGpUTQHwayo=','2025-06-28 03:38:11','2025-07-05 03:38:11','2025-06-28 03:49:30',0,NULL,'Mozilla/5.0 (Windows NT 10.0; Win64; x64) AppleWebKit/537.36 (KHTML, like Gecko) Chrome/137.0.0.0 Safari/537.36 Edg/137.0.0.0','2025-06-28 03:49:30'),(514,4,'OW5u8dHeD2MVSW2DER9GlTCCYMoMJ+Q/qrww46wJlZE=','2025-06-28 03:50:06','2025-07-05 03:50:06','2025-06-28 03:50:06',0,NULL,'Mozilla/5.0 (Windows NT 10.0; Win64; x64) AppleWebKit/537.36 (KHTML, like Gecko) Chrome/137.0.0.0 Safari/537.36 Edg/137.0.0.0',NULL),(515,4,'iTfHb4qY9e8jtATO57LCCl+Q5Y4ehp4c3GAuLHcEU+Q=','2025-06-28 03:50:53','2025-07-05 03:50:53','2025-06-28 03:50:53',0,NULL,'Mozilla/5.0 (Windows NT 10.0; Win64; x64) AppleWebKit/537.36 (KHTML, like Gecko) Chrome/137.0.0.0 Safari/537.36 Edg/137.0.0.0',NULL),(516,4,'nynq2cDOhj0sD1vXLnGl18QDOym357SlXSwNsG57DUw=','2025-06-28 03:53:23','2025-07-05 03:53:23','2025-06-28 03:53:23',0,NULL,'Mozilla/5.0 (Windows NT 10.0; Win64; x64) AppleWebKit/537.36 (KHTML, like Gecko) Chrome/137.0.0.0 Safari/537.36 Edg/137.0.0.0',NULL),(517,4,'ds/KMs65pwlFMx2ZqDKZSWKPI4MsMWIAhYmM2VcpZtc=','2025-06-28 04:04:46','2025-07-05 04:04:46','2025-06-28 04:05:11',1,'2025-06-28 04:05:11','Mozilla/5.0 (Windows NT 10.0; Win64; x64) AppleWebKit/537.36 (KHTML, like Gecko) Chrome/137.0.0.0 Safari/537.36 Edg/137.0.0.0',NULL),(518,4,'f80fsq5HBZehgWWT+lv3+oh2hM/ErBDGP9cp3nhdMAY=','2025-06-28 04:06:56','2025-07-05 04:06:56','2025-06-28 04:06:56',0,NULL,'Mozilla/5.0 (Windows NT 10.0; Win64; x64) AppleWebKit/537.36 (KHTML, like Gecko) Chrome/137.0.0.0 Safari/537.36 Edg/137.0.0.0',NULL),(519,4,'jgQjufSg0w5BvHwD9ExxaywMsGBbyS/RuBE/hrdcdfo=','2025-06-28 04:10:34','2025-07-05 04:10:34','2025-06-28 04:17:22',1,'2025-06-28 04:17:22','Mozilla/5.0 (Windows NT 10.0; Win64; x64) AppleWebKit/537.36 (KHTML, like Gecko) Chrome/137.0.0.0 Safari/537.36 Edg/137.0.0.0','2025-06-28 04:17:21'),(520,4,'mX3FYAI04IFD7gk+m/+RBFn/dNB/fmJ2E+PxC8ClrD0=','2025-06-28 04:17:25','2025-07-05 04:17:25','2025-06-28 04:18:10',1,'2025-06-28 04:18:10','Mozilla/5.0 (Windows NT 10.0; Win64; x64) AppleWebKit/537.36 (KHTML, like Gecko) Chrome/137.0.0.0 Safari/537.36 Edg/137.0.0.0',NULL),(521,4,'9da7F65EkoGmCq1OAVLEYamxwCHHW7ONhmlIGo9WxQI=','2025-06-28 05:37:36','2025-07-05 05:37:36','2025-06-28 05:38:50',1,'2025-06-28 05:38:50','Mozilla/5.0 (Windows NT 10.0; Win64; x64) AppleWebKit/537.36 (KHTML, like Gecko) Chrome/137.0.0.0 Safari/537.36 Edg/137.0.0.0',NULL),(522,4,'LwpEvKd01Qdt4aGopzYNmZQs3Jmbvy1WOtBRL/sLExA=','2025-06-28 05:38:55','2025-07-05 05:38:55','2025-06-28 05:43:10',1,'2025-06-28 05:43:10','Mozilla/5.0 (Windows NT 10.0; Win64; x64) AppleWebKit/537.36 (KHTML, like Gecko) Chrome/137.0.0.0 Safari/537.36 Edg/137.0.0.0',NULL),(523,4,'2d011NV9xDel5o7tNPAYm6jQZdFlicMIqp5/GHFaju0=','2025-06-28 05:43:13','2025-07-05 05:43:13','2025-06-28 05:47:19',1,'2025-06-28 05:47:19','Mozilla/5.0 (Windows NT 10.0; Win64; x64) AppleWebKit/537.36 (KHTML, like Gecko) Chrome/137.0.0.0 Safari/537.36 Edg/137.0.0.0',NULL),(524,4,'S/oAbiQ/LXqs8OSqqhif5h3uROebv1fZ79QLtITrdHI=','2025-06-28 05:47:26','2025-07-05 05:47:26','2025-06-28 07:18:31',1,'2025-06-28 07:18:31','Mozilla/5.0 (Windows NT 10.0; Win64; x64) AppleWebKit/537.36 (KHTML, like Gecko) Chrome/137.0.0.0 Safari/537.36 Edg/137.0.0.0','2025-06-28 05:58:50'),(525,4,'8NqRBK8yDSKRsdTBjniYb+hTiMrcRnO4PjuxQYj8Yos=','2025-06-28 07:18:36','2025-07-05 07:18:36','2025-06-28 07:44:48',0,NULL,'Mozilla/5.0 (Windows NT 10.0; Win64; x64) AppleWebKit/537.36 (KHTML, like Gecko) Chrome/137.0.0.0 Safari/537.36 Edg/137.0.0.0','2025-06-28 07:44:48'),(526,4,'h2wjcNrH84YgnYljYXiW59ZSRWsJjN6KgV7KF9Mg2UY=','2025-06-29 23:31:23','2025-07-06 23:31:23','2025-06-30 00:21:55',0,NULL,'Mozilla/5.0 (Windows NT 10.0; Win64; x64) AppleWebKit/537.36 (KHTML, like Gecko) Chrome/137.0.0.0 Safari/537.36 Edg/137.0.0.0','2025-06-30 00:21:55'),(527,4,'gblpwuYvdZUTzrxrvAd/V5K9Mibn9ddFJzTDCeRGWVo=','2025-06-30 00:22:02','2025-07-07 00:22:02','2025-06-30 00:30:11',1,'2025-06-30 00:30:11','Mozilla/5.0 (Windows NT 10.0; Win64; x64) AppleWebKit/537.36 (KHTML, like Gecko) Chrome/137.0.0.0 Safari/537.36 Edg/137.0.0.0',NULL),(528,4,'Mf851a5FHl3l1b6sC4u2HE7M2rFUM+JnK5O0Y/gqKNI=','2025-06-30 00:30:14','2025-07-07 00:30:14','2025-06-30 01:31:48',1,'2025-06-30 01:31:48','Mozilla/5.0 (Windows NT 10.0; Win64; x64) AppleWebKit/537.36 (KHTML, like Gecko) Chrome/137.0.0.0 Safari/537.36 Edg/137.0.0.0','2025-06-30 01:26:03'),(529,4,'fQUWLxj4HcJfYSkzHO0dDNSsKao3RH3kMwVj6u98f+k=','2025-06-30 01:32:11','2025-07-07 01:32:11','2025-06-30 02:43:45',1,'2025-06-30 02:43:45','Mozilla/5.0 (Windows NT 10.0; Win64; x64) AppleWebKit/537.36 (KHTML, like Gecko) Chrome/137.0.0.0 Safari/537.36 Edg/137.0.0.0','2025-06-30 02:13:28'),(530,4,'k/h7EOwj35ZC/Az9WyG8vojJqu161sTbIlGber55nzM=','2025-06-30 01:43:42','2025-07-07 01:43:42','2025-06-30 01:43:42',0,NULL,'PostmanRuntime/7.44.1',NULL),(531,4,'TjmFy8yRSFzGTCZJTM5aO2jAtjrEwYKKOyxWDTson10=','2025-06-30 01:56:47','2025-07-07 01:56:47','2025-06-30 01:56:47',0,NULL,'PostmanRuntime/7.44.1',NULL),(532,4,'JyE75erWRz445DGVo5YrFH6lRpfI0VkS2V58vpUXhhc=','2025-06-30 02:41:40','2025-07-07 02:41:40','2025-06-30 02:41:40',0,NULL,'PostmanRuntime/7.44.1',NULL),(533,4,'I9NPr1uTEpW+EyapUyb4UseTYiz0G4RIXE17PHgZHf0=','2025-06-30 02:44:59','2025-07-07 02:44:59','2025-06-30 03:50:26',1,'2025-06-30 03:50:26','Mozilla/5.0 (Windows NT 10.0; Win64; x64) AppleWebKit/537.36 (KHTML, like Gecko) Chrome/137.0.0.0 Safari/537.36 Edg/137.0.0.0','2025-06-30 03:36:08'),(534,4,'RltH32zvilytTKpaPfJ23Tq9FDTZGJd3Im0R7yGOzMw=','2025-06-30 03:05:18','2025-07-07 03:05:18','2025-06-30 03:05:18',0,NULL,'PostmanRuntime/7.44.1',NULL),(535,4,'j28kxkY7OSVY/Hoa2x8G89Mm7rFd/gOsejnQEBNCFrs=','2025-06-30 03:59:42','2025-07-07 03:59:42','2025-06-30 04:35:45',0,NULL,'Mozilla/5.0 (Windows NT 10.0; Win64; x64) AppleWebKit/537.36 (KHTML, like Gecko) Chrome/137.0.0.0 Safari/537.36 Edg/137.0.0.0','2025-06-30 04:35:45'),(536,4,'Biiwsi8UdAfdeBS0iVp7zMV7g4YoTdjMPeDm9N0sS9k=','2025-06-30 04:35:51','2025-07-07 04:35:51','2025-06-30 04:38:18',1,'2025-06-30 04:38:18','Mozilla/5.0 (Windows NT 10.0; Win64; x64) AppleWebKit/537.36 (KHTML, like Gecko) Chrome/137.0.0.0 Safari/537.36 Edg/137.0.0.0',NULL),(537,4,'Jd4Q94p8JXZ8q2QNbCDJm+iNVbdIScsES39+f2rqTxw=','2025-06-30 04:38:21','2025-07-07 04:38:21','2025-06-30 04:38:48',1,'2025-06-30 04:38:48','Mozilla/5.0 (Windows NT 10.0; Win64; x64) AppleWebKit/537.36 (KHTML, like Gecko) Chrome/137.0.0.0 Safari/537.36 Edg/137.0.0.0',NULL),(538,4,'QVvbe/i7c3R+/SevBZk0lRQP2x1d06NgxowmG+E17tQ=','2025-06-30 04:38:51','2025-07-07 04:38:51','2025-06-30 05:37:59',1,'2025-06-30 05:37:59','Mozilla/5.0 (Windows NT 10.0; Win64; x64) AppleWebKit/537.36 (KHTML, like Gecko) Chrome/137.0.0.0 Safari/537.36 Edg/137.0.0.0','2025-06-30 05:37:40'),(539,4,'gnIDbuXxR5peIHFyDMedLwW71guFY9VztcQJWrSQeHE=','2025-06-30 06:02:03','2025-07-07 06:02:03','2025-06-30 08:03:09',1,'2025-06-30 08:03:09','Mozilla/5.0 (Windows NT 10.0; Win64; x64) AppleWebKit/537.36 (KHTML, like Gecko) Chrome/137.0.0.0 Safari/537.36 Edg/137.0.0.0','2025-06-30 06:54:04'),(540,4,'LyA9+2oM9vAtaIdLLb0G2fwWbEeDpN0GcmE+uCwFGjk=','2025-06-30 08:03:38','2025-07-07 08:03:38','2025-06-30 08:04:53',1,'2025-06-30 08:04:53','Mozilla/5.0 (Windows NT 10.0; Win64; x64) AppleWebKit/537.36 (KHTML, like Gecko) Chrome/137.0.0.0 Safari/537.36 Edg/137.0.0.0',NULL),(541,4,'FdtJ0B4jbEjVWb+X5yBM1ME3MM5CFdLcn1mJAAb0CJw=','2025-06-30 23:28:52','2025-07-07 23:28:52','2025-07-01 00:32:26',1,'2025-07-01 00:32:26','Mozilla/5.0 (Windows NT 10.0; Win64; x64) AppleWebKit/537.36 (KHTML, like Gecko) Chrome/138.0.0.0 Safari/537.36 Edg/138.0.0.0','2025-07-01 00:13:51'),(542,4,'UcZlyTWsKRNdPxEHnjn+H7g6Wz/Vv4BF7INS1VTKMiw=','2025-06-30 23:33:19','2025-07-07 23:33:19','2025-06-30 23:33:19',0,NULL,'PostmanRuntime/7.44.1',NULL),(543,4,'gZTFQKhInyPnvcTkeHavpYxvzT1mETIJ4zxuNK89pZA=','2025-06-30 23:44:08','2025-07-07 23:44:08','2025-06-30 23:44:08',0,NULL,'PostmanRuntime/7.44.1',NULL),(544,4,'3V0lwZYk/UeusLIB8pBxlUH/JYFQclPTXQ21iCi6a+g=','2025-07-01 00:01:51','2025-07-08 00:01:51','2025-07-01 00:01:51',0,NULL,'PostmanRuntime/7.44.1',NULL),(545,4,'9aoEgRQ95TbWwHzplBFXt9qINb2KjqwPuuanFVwN/IU=','2025-07-01 00:32:31','2025-07-08 00:32:31','2025-07-01 01:35:51',1,'2025-07-01 01:35:51','Mozilla/5.0 (Windows NT 10.0; Win64; x64) AppleWebKit/537.36 (KHTML, like Gecko) Chrome/138.0.0.0 Safari/537.36 Edg/138.0.0.0','2025-07-01 01:27:00'),(546,4,'netl/zx8qleAaVFsVl1Ig6UafRMr0BaffUD+by476FM=','2025-07-01 01:38:33','2025-07-08 01:38:33','2025-07-01 02:36:51',1,'2025-07-01 02:36:51','Mozilla/5.0 (Windows NT 10.0; Win64; x64) AppleWebKit/537.36 (KHTML, like Gecko) Chrome/138.0.0.0 Safari/537.36 Edg/138.0.0.0','2025-07-01 02:15:25'),(547,3,'L6HXNw/tkXmtfxXljk86LeA1t6HGmnlrX/JwBSoHxLk=','2025-07-01 02:37:04','2025-07-08 02:37:04','2025-07-01 02:55:26',1,'2025-07-01 02:55:26','Mozilla/5.0 (Windows NT 10.0; Win64; x64) AppleWebKit/537.36 (KHTML, like Gecko) Chrome/138.0.0.0 Safari/537.36 Edg/138.0.0.0','2025-07-01 02:43:31'),(548,4,'n8QJRWRKhr7pphoAmiIK4QMWmeK9ADWzRjN+8/fxDCU=','2025-07-01 02:55:29','2025-07-08 02:55:29','2025-07-01 03:02:48',1,'2025-07-01 03:02:48','Mozilla/5.0 (Windows NT 10.0; Win64; x64) AppleWebKit/537.36 (KHTML, like Gecko) Chrome/138.0.0.0 Safari/537.36 Edg/138.0.0.0',NULL),(549,3,'gH8QGLmPmWLbOxD063oZ8PDKUCPxom/XCIwq89lnpTs=','2025-07-01 03:03:00','2025-07-08 03:03:00','2025-07-01 03:07:35',1,'2025-07-01 03:07:35','Mozilla/5.0 (Windows NT 10.0; Win64; x64) AppleWebKit/537.36 (KHTML, like Gecko) Chrome/138.0.0.0 Safari/537.36 Edg/138.0.0.0',NULL),(550,2,'5IEH0snXlSeTZPyPRCb1f4T8xA60bgOZ0BnQi8GRYfw=','2025-07-01 03:07:39','2025-07-08 03:07:39','2025-07-01 03:37:41',1,'2025-07-01 03:37:41','Mozilla/5.0 (Windows NT 10.0; Win64; x64) AppleWebKit/537.36 (KHTML, like Gecko) Chrome/138.0.0.0 Safari/537.36 Edg/138.0.0.0','2025-07-01 03:37:40'),(551,4,'fGzUcTkm4pBs1/zjj/Ruw2Y6APT306aupNmb85Y88xw=','2025-07-01 03:36:03','2025-07-08 03:36:03','2025-07-01 03:36:03',0,NULL,'PostmanRuntime/7.44.1',NULL),(552,4,'yrmG6lwCI9AMr3O0wo+dcqnl4zOwlLXTWdeiDvfC2Hs=','2025-07-01 03:37:45','2025-07-08 03:37:45','2025-07-01 03:57:51',0,NULL,'Mozilla/5.0 (Windows NT 10.0; Win64; x64) AppleWebKit/537.36 (KHTML, like Gecko) Chrome/138.0.0.0 Safari/537.36 Edg/138.0.0.0','2025-07-01 03:57:51'),(553,4,'VJzjQybkZgN0xSpBEIZGtXX+gwv5VZSZ4mAEk/+rt94=','2025-07-01 05:36:06','2025-07-08 05:36:06','2025-07-01 05:46:45',1,'2025-07-01 05:46:45','Mozilla/5.0 (Windows NT 10.0; Win64; x64) AppleWebKit/537.36 (KHTML, like Gecko) Chrome/138.0.0.0 Safari/537.36 Edg/138.0.0.0','2025-07-01 05:44:53'),(554,2,'fMnkw+/fdfOGw3lw2X0XgscWK3qT2S3UcwgUYu75E5s=','2025-07-01 05:46:54','2025-07-08 05:46:54','2025-07-01 05:49:57',1,'2025-07-01 05:49:57','Mozilla/5.0 (Windows NT 10.0; Win64; x64) AppleWebKit/537.36 (KHTML, like Gecko) Chrome/138.0.0.0 Safari/537.36 Edg/138.0.0.0',NULL),(555,3,'gtGvYsvb4raE0FNfJdEccgie8AL/ybGHhis6eVnjxos=','2025-07-01 05:50:01','2025-07-08 05:50:01','2025-07-01 05:55:09',1,'2025-07-01 05:55:09','Mozilla/5.0 (Windows NT 10.0; Win64; x64) AppleWebKit/537.36 (KHTML, like Gecko) Chrome/138.0.0.0 Safari/537.36 Edg/138.0.0.0','2025-07-01 05:55:01'),(556,3,'YiC8ZfnCMaTgH1XH2X7MCLfxxlhIVJv8KAm29OPmIuA=','2025-07-01 05:55:15','2025-07-08 05:55:15','2025-07-01 06:06:44',1,'2025-07-01 06:06:44','Mozilla/5.0 (Windows NT 10.0; Win64; x64) AppleWebKit/537.36 (KHTML, like Gecko) Chrome/138.0.0.0 Safari/537.36 Edg/138.0.0.0','2025-07-01 06:06:40'),(557,4,'YEXVJaUYlAwAFNBQpIPWoSyF5dSInb2WbWPoX629PEM=','2025-07-01 06:06:52','2025-07-08 06:06:52','2025-07-01 06:10:04',1,'2025-07-01 06:10:04','Mozilla/5.0 (Windows NT 10.0; Win64; x64) AppleWebKit/537.36 (KHTML, like Gecko) Chrome/138.0.0.0 Safari/537.36 Edg/138.0.0.0',NULL),(558,6,'mf2md7AMTd8xK9V3EgREdh5oHwLI8VcZ7nXJWzvEdqo=','2025-07-01 06:10:45','2025-07-08 06:10:45','2025-07-01 06:12:10',1,'2025-07-01 06:12:10','Mozilla/5.0 (Windows NT 10.0; Win64; x64) AppleWebKit/537.36 (KHTML, like Gecko) Chrome/138.0.0.0 Safari/537.36 Edg/138.0.0.0',NULL),(559,4,'VH3d5VCAlHyHGv82XgiSdEtpJvJuH7eWe6RxdJ3fLv4=','2025-07-01 06:12:13','2025-07-08 06:12:13','2025-07-01 06:12:15',1,'2025-07-01 06:12:15','Mozilla/5.0 (Windows NT 10.0; Win64; x64) AppleWebKit/537.36 (KHTML, like Gecko) Chrome/138.0.0.0 Safari/537.36 Edg/138.0.0.0',NULL),(560,6,'wp1p7/h4DHhlRJH8ehHF3ehWEjGA6gnOnGOnYehcBNQ=','2025-07-01 06:12:24','2025-07-08 06:12:24','2025-07-01 06:49:05',0,NULL,'Mozilla/5.0 (Windows NT 10.0; Win64; x64) AppleWebKit/537.36 (KHTML, like Gecko) Chrome/138.0.0.0 Safari/537.36 Edg/138.0.0.0','2025-07-01 06:49:05'),(561,4,'8yXkHY3aSu2+ihsZALUvZXv/FKSk1zdYQBpzo3U6kow=','2025-07-01 06:13:10','2025-07-08 06:13:10','2025-07-01 06:13:10',0,NULL,'PostmanRuntime/7.44.1',NULL),(562,4,'JpE4aC5o1eEJ0NmaKAopShRpGzUgX55QUvV95G2g/RA=','2025-07-01 06:58:11','2025-07-08 06:58:11','2025-07-01 06:58:24',1,'2025-07-01 06:58:24','Mozilla/5.0 (Windows NT 10.0; Win64; x64) AppleWebKit/537.36 (KHTML, like Gecko) Chrome/138.0.0.0 Safari/537.36 Edg/138.0.0.0',NULL),(563,6,'Ev1dFnC9mVjRD2jRX5DdHECI7Hj/up0OAyHC6LeBZlc=','2025-07-01 06:58:29','2025-07-08 06:58:29','2025-07-01 07:01:50',1,'2025-07-01 07:01:50','Mozilla/5.0 (Windows NT 10.0; Win64; x64) AppleWebKit/537.36 (KHTML, like Gecko) Chrome/138.0.0.0 Safari/537.36 Edg/138.0.0.0',NULL),(564,4,'d5xew8oHJnG3boyUkFhElixQUlpOMnxuKtvD5EJpD/Y=','2025-07-01 07:01:54','2025-07-08 07:01:54','2025-07-01 08:03:12',1,'2025-07-01 08:03:12','Mozilla/5.0 (Windows NT 10.0; Win64; x64) AppleWebKit/537.36 (KHTML, like Gecko) Chrome/138.0.0.0 Safari/537.36 Edg/138.0.0.0',NULL),(565,4,'rtrW2OE79o4Z1a42sXCsS/uUFTEEAfy5ZRHd1vTNftA=','2025-07-02 05:32:38','2025-07-09 05:32:38','2025-07-02 05:37:14',1,'2025-07-02 05:37:14','Mozilla/5.0 (Windows NT 10.0; Win64; x64) AppleWebKit/537.36 (KHTML, like Gecko) Chrome/138.0.0.0 Safari/537.36 Edg/138.0.0.0',NULL),(566,6,'BbG5iKg8Y46xTdy4cYiQHb7OdKfTW+rmsWvFeq33420=','2025-07-02 05:37:19','2025-07-09 05:37:19','2025-07-02 05:46:46',1,'2025-07-02 05:46:46','Mozilla/5.0 (Windows NT 10.0; Win64; x64) AppleWebKit/537.36 (KHTML, like Gecko) Chrome/138.0.0.0 Safari/537.36 Edg/138.0.0.0','2025-07-02 05:46:18'),(567,4,'AK1RbQoLFiTIDQvEnp2pIUaJcPsf2JjSsg0IkplLA1E=','2025-07-02 05:46:50','2025-07-09 05:46:50','2025-07-02 06:52:13',1,'2025-07-02 06:52:13','Mozilla/5.0 (Windows NT 10.0; Win64; x64) AppleWebKit/537.36 (KHTML, like Gecko) Chrome/138.0.0.0 Safari/537.36 Edg/138.0.0.0','2025-07-02 06:44:56'),(568,4,'JbXsvfwDUnj+Vh7NlTN7PlB+/occwRGzuBJcOzi58FY=','2025-07-02 06:53:03','2025-07-09 06:53:03','2025-07-02 07:31:02',1,'2025-07-02 07:31:02','Mozilla/5.0 (Windows NT 10.0; Win64; x64) AppleWebKit/537.36 (KHTML, like Gecko) Chrome/138.0.0.0 Safari/537.36 Edg/138.0.0.0','2025-07-02 07:27:19'),(569,4,'i7iJBww33aCDJjHdkOmXsMqtGBIHfoLymEVLKjeNl6s=','2025-07-02 07:03:12','2025-07-09 07:03:12','2025-07-02 07:03:12',0,NULL,'PostmanRuntime/7.44.1',NULL),(570,6,'oeyOeWA5NJ6r40yBlBLNk+OIh5Vuy/WxWATkniPCA7s=','2025-07-02 07:31:10','2025-07-09 07:31:10','2025-07-02 07:31:17',1,'2025-07-02 07:31:17','Mozilla/5.0 (Windows NT 10.0; Win64; x64) AppleWebKit/537.36 (KHTML, like Gecko) Chrome/138.0.0.0 Safari/537.36 Edg/138.0.0.0',NULL),(571,4,'L7LlaejxPG50xCS5u8BZDrzTQyuvwB93whFUgaRX7Ts=','2025-07-02 07:31:20','2025-07-09 07:31:20','2025-07-02 07:55:20',0,NULL,'Mozilla/5.0 (Windows NT 10.0; Win64; x64) AppleWebKit/537.36 (KHTML, like Gecko) Chrome/138.0.0.0 Safari/537.36 Edg/138.0.0.0','2025-07-02 07:55:20'),(572,4,'nNHfqMpaMnwtqS7SHz3TBQ9SJ170Sm58iA+0szExl6A=','2025-07-02 23:56:05','2025-07-09 23:56:04','2025-07-02 23:56:05',0,NULL,'Mozilla/5.0 (Windows NT 10.0; Win64; x64) AppleWebKit/537.36 (KHTML, like Gecko) Chrome/138.0.0.0 Safari/537.36 Edg/138.0.0.0',NULL),(573,4,'IQdbY6MnVwxg+01XTXQ49SyBYoeAvs8V+AmzynHKtXc=','2025-07-02 23:59:46','2025-07-09 23:59:46','2025-07-03 01:25:05',1,'2025-07-03 01:25:05','Mozilla/5.0 (Windows NT 10.0; Win64; x64) AppleWebKit/537.36 (KHTML, like Gecko) Chrome/138.0.0.0 Safari/537.36 Edg/138.0.0.0','2025-07-03 00:35:30'),(574,9,'02500DaZVHAxpMvtFaHbX7e6FD7DfWO3jejJfBOdDpw=','2025-07-03 01:29:48','2025-07-10 01:29:48','2025-07-03 01:49:14',1,'2025-07-03 01:49:14','Mozilla/5.0 (Windows NT 10.0; Win64; x64) AppleWebKit/537.36 (KHTML, like Gecko) Chrome/138.0.0.0 Safari/537.36 Edg/138.0.0.0',NULL),(575,9,'MLiXky4FabZjN13TQBf4PTwNr1ipOnOnRzJJJx9q0MY=','2025-07-03 01:49:20','2025-07-10 01:49:20','2025-07-03 01:49:20',0,NULL,'Mozilla/5.0 (Windows NT 10.0; Win64; x64) AppleWebKit/537.36 (KHTML, like Gecko) Chrome/138.0.0.0 Safari/537.36 Edg/138.0.0.0',NULL),(576,9,'0FdwEjKv1Mmis7dSxZGgXPKq8OtRtXCGn5kAzARHrag=','2025-07-03 01:50:25','2025-07-10 01:50:25','2025-07-03 03:46:19',1,'2025-07-03 03:46:19','Mozilla/5.0 (Windows NT 10.0; Win64; x64) AppleWebKit/537.36 (KHTML, like Gecko) Chrome/138.0.0.0 Safari/537.36 Edg/138.0.0.0',NULL),(577,9,'9kqeom//+4u23uQIBBGfxo2N4hkN068qvCau/hnnOC8=','2025-07-03 06:40:23','2025-07-10 06:40:23','2025-07-03 07:29:45',1,'2025-07-03 07:29:45','Mozilla/5.0 (Windows NT 10.0; Win64; x64) AppleWebKit/537.36 (KHTML, like Gecko) Chrome/138.0.0.0 Safari/537.36 Edg/138.0.0.0','2025-07-03 06:54:31'),(578,9,'mADuGRxqazJaOCtylBa83ynkZGDWH7dEEmLChJebFpE=','2025-07-03 06:56:15','2025-07-10 06:56:15','2025-07-03 06:56:15',0,NULL,'PostmanRuntime/7.44.1',NULL),(579,9,'oeUoV4/yd/ECJJ4u9+GH54n73VsTBOIhVRUWd+S9CxQ=','2025-07-03 07:07:56','2025-07-10 07:07:56','2025-07-03 07:07:56',0,NULL,'PostmanRuntime/7.44.1',NULL),(580,9,'ZRh/dGY2cVGLcSQsA30k0cD2kLA6F+qo0rtDo/iuyBE=','2025-07-03 07:10:30','2025-07-10 07:10:30','2025-07-03 07:10:30',0,NULL,'PostmanRuntime/7.44.1',NULL),(581,9,'tGrmczxcbn+T7Lo2GqMR1MKUIXthgNsUQ06fJ2IWrs8=','2025-07-03 07:12:31','2025-07-10 07:12:31','2025-07-03 07:12:31',0,NULL,'PostmanRuntime/7.44.1',NULL),(582,9,'jxjVI5hzyTtrpjWd+ZlKkBgEUy1+e6LqcsVxiM3lMy0=','2025-07-03 07:30:26','2025-07-10 07:30:26','2025-07-03 07:35:44',1,'2025-07-03 07:35:44','Mozilla/5.0 (Windows NT 10.0; Win64; x64) AppleWebKit/537.36 (KHTML, like Gecko) Chrome/138.0.0.0 Safari/537.36 Edg/138.0.0.0',NULL),(583,9,'xZSUpDJubgnsLP/NNlElB0H7ReWchqXv5TIk29Ii4ZY=','2025-07-03 07:35:50','2025-07-10 07:35:50','2025-07-03 07:39:50',1,'2025-07-03 07:39:50','Mozilla/5.0 (Windows NT 10.0; Win64; x64) AppleWebKit/537.36 (KHTML, like Gecko) Chrome/138.0.0.0 Safari/537.36 Edg/138.0.0.0',NULL),(584,9,'/uLZW54sNlPPfhfTS5GSEse42X3enSAZjvflJrXPuXY=','2025-07-03 07:39:57','2025-07-10 07:39:57','2025-07-03 07:57:42',1,'2025-07-03 07:57:42','Mozilla/5.0 (Windows NT 10.0; Win64; x64) AppleWebKit/537.36 (KHTML, like Gecko) Chrome/138.0.0.0 Safari/537.36 Edg/138.0.0.0','2025-07-03 07:57:11'),(585,4,'HLin0NojdKP5EIL4nH5bvRw2EhG79spMyprWNE3Pm4k=','2025-07-03 07:57:47','2025-07-10 07:57:47','2025-07-03 08:04:33',1,'2025-07-03 08:04:33','Mozilla/5.0 (Windows NT 10.0; Win64; x64) AppleWebKit/537.36 (KHTML, like Gecko) Chrome/138.0.0.0 Safari/537.36 Edg/138.0.0.0',NULL),(586,9,'5tWUxISZClYrWkN40qftC2VBVLlls+GT9usKhlwEDGI=','2025-07-03 08:02:51','2025-07-10 08:02:51','2025-07-03 08:02:51',0,NULL,'PostmanRuntime/7.44.1',NULL),(587,9,'zwAmCeuKouDSOo42KCy8UzaxUxoJDJ8VJIrXiWqXIwo=','2025-07-03 23:46:19','2025-07-10 23:46:19','2025-07-04 00:46:39',1,'2025-07-04 00:46:39','Mozilla/5.0 (Windows NT 10.0; Win64; x64) AppleWebKit/537.36 (KHTML, like Gecko) Chrome/138.0.0.0 Safari/537.36 Edg/138.0.0.0','2025-07-04 00:37:28'),(588,9,'hnHwpO1VCwSB2FpiAxydv+9NMI979chducsCNdQTpzw=','2025-07-04 00:46:48','2025-07-11 00:46:48','2025-07-04 01:30:43',0,NULL,'Mozilla/5.0 (Windows NT 10.0; Win64; x64) AppleWebKit/537.36 (KHTML, like Gecko) Chrome/138.0.0.0 Safari/537.36 Edg/138.0.0.0','2025-07-04 01:30:43'),(589,9,'CDLP6tmwf0O3B6OyXSX4Ogt1RBWgSV53mY2jPG9RWv8=','2025-07-04 01:39:50','2025-07-11 01:39:50','2025-07-04 02:20:41',0,NULL,'Mozilla/5.0 (Windows NT 10.0; Win64; x64) AppleWebKit/537.36 (KHTML, like Gecko) Chrome/138.0.0.0 Safari/537.36 Edg/138.0.0.0','2025-07-04 02:20:41'),(590,9,'th3B+UuUAQGJ1eWXiZvZ8SP7l6fbeBBdnkx8dt8XE+A=','2025-07-04 02:20:47','2025-07-11 02:20:47','2025-07-04 02:20:47',0,NULL,'Mozilla/5.0 (Windows NT 10.0; Win64; x64) AppleWebKit/537.36 (KHTML, like Gecko) Chrome/138.0.0.0 Safari/537.36 Edg/138.0.0.0',NULL),(591,9,'fTq17QyOmDAXYvLFvMj33B6eU2tvICmmRRa+GwD1oH8=','2025-07-04 02:26:22','2025-07-11 02:26:22','2025-07-04 05:02:44',1,'2025-07-04 05:02:44','Mozilla/5.0 (Windows NT 10.0; Win64; x64) AppleWebKit/537.36 (KHTML, like Gecko) Chrome/138.0.0.0 Safari/537.36 Edg/138.0.0.0','2025-07-04 03:01:17'),(592,6,'ZYtKY+4ilw0cek32uzM13R6+K89tUN/sWLCogTpsB80=','2025-07-04 05:05:51','2025-07-11 05:05:51','2025-07-04 05:31:41',1,'2025-07-04 05:31:41','Mozilla/5.0 (Windows NT 10.0; Win64; x64) AppleWebKit/537.36 (KHTML, like Gecko) Chrome/138.0.0.0 Safari/537.36 Edg/138.0.0.0',NULL),(593,9,'Bnc1XtJcon/kGY3G6BDCtP5ngTK89wOlkeM+SePTF3U=','2025-07-04 05:11:41','2025-07-11 05:11:41','2025-07-04 05:11:41',0,NULL,'PostmanRuntime/7.44.1',NULL),(594,9,'bvlcgp48DoIpqnt24Cnq72Br1qMxJJFNpYAqnqRnqyU=','2025-07-04 05:20:47','2025-07-11 05:20:47','2025-07-04 05:20:47',0,NULL,'PostmanRuntime/7.44.1',NULL),(595,9,'55u5POph5PN0tHIuqfAGW4s/jVnfMJfQf+4y7I55AK4=','2025-07-04 05:30:56','2025-07-11 05:30:56','2025-07-04 05:30:56',0,NULL,'PostmanRuntime/7.44.1',NULL),(596,6,'5aEJQWHYMS2SstH8DRLKklHiUQuvofBgKhTaX7cjwAY=','2025-07-04 05:31:46','2025-07-11 05:31:46','2025-07-04 05:47:37',0,NULL,'Mozilla/5.0 (Windows NT 10.0; Win64; x64) AppleWebKit/537.36 (KHTML, like Gecko) Chrome/138.0.0.0 Safari/537.36 Edg/138.0.0.0','2025-07-04 05:47:37'),(597,9,'WydMJuDbuuIjxBibKrvIGMBR2UDfluXzINnXIWP5ex0=','2025-07-04 05:44:58','2025-07-11 05:44:58','2025-07-04 05:44:58',0,NULL,'PostmanRuntime/7.44.1',NULL),(598,9,'EyRhUcN8E/cXTznHK8+72meaa/fkV0XWp4a7gKyGLnw=','2025-07-04 05:48:01','2025-07-11 05:48:01','2025-07-04 05:48:01',0,NULL,'PostmanRuntime/7.44.1',NULL),(599,6,'cVXM+xkNBPj5neMHPzaIxp2dW4ulGvCTir1t7wml6TQ=','2025-07-04 05:54:46','2025-07-11 05:54:46','2025-07-04 05:54:50',1,'2025-07-04 05:54:50','Mozilla/5.0 (Windows NT 10.0; Win64; x64) AppleWebKit/537.36 (KHTML, like Gecko) Chrome/138.0.0.0 Safari/537.36 Edg/138.0.0.0',NULL),(600,9,'YshA93oLdbRlxCxIiITHkVALhehPuRgXg/Xl0ix4Vms=','2025-07-04 05:54:55','2025-07-11 05:54:55','2025-07-04 06:11:26',1,'2025-07-04 06:11:26','Mozilla/5.0 (Windows NT 10.0; Win64; x64) AppleWebKit/537.36 (KHTML, like Gecko) Chrome/138.0.0.0 Safari/537.36 Edg/138.0.0.0','2025-07-04 06:07:41'),(601,9,'Gty7LvjrjAHDzf7sKvAib5kfbaBu7A+1etCMnmH99I8=','2025-07-04 06:11:32','2025-07-11 06:11:32','2025-07-04 06:57:07',1,'2025-07-04 06:57:07','Mozilla/5.0 (Windows NT 10.0; Win64; x64) AppleWebKit/537.36 (KHTML, like Gecko) Chrome/138.0.0.0 Safari/537.36 Edg/138.0.0.0','2025-07-04 06:55:25'),(602,9,'o8kY9Hruk1L3faBFUUXYwgu5/NAm+ddnKdL5IMmrxns=','2025-07-04 06:18:58','2025-07-11 06:18:58','2025-07-04 06:18:58',0,NULL,'PostmanRuntime/7.44.1',NULL),(603,9,'wLH4ahpKYSZxc13GR4Iap5fbNNZhTrmjMoErDZi2xhg=','2025-07-04 06:57:14','2025-07-11 06:57:14','2025-07-04 07:17:41',0,NULL,'Mozilla/5.0 (Windows NT 10.0; Win64; x64) AppleWebKit/537.36 (KHTML, like Gecko) Chrome/138.0.0.0 Safari/537.36 Edg/138.0.0.0','2025-07-04 07:17:41'),(604,9,'1MWNgDF66GtOD7uGZkUf1vmbRbsWkvLvUGnVKBuk0Sg=','2025-07-04 07:25:24','2025-07-11 07:25:24','2025-07-04 07:44:55',0,NULL,'Mozilla/5.0 (Windows NT 10.0; Win64; x64) AppleWebKit/537.36 (KHTML, like Gecko) Chrome/138.0.0.0 Safari/537.36 Edg/138.0.0.0','2025-07-04 07:44:55'),(605,9,'paZ9Was+xlzXuOKSQYpHuf4suqPv3IcVYbTWTo9n8GE=','2025-07-04 07:49:44','2025-07-11 07:49:44','2025-07-04 07:56:05',1,'2025-07-04 07:56:05','Mozilla/5.0 (Windows NT 10.0; Win64; x64) AppleWebKit/537.36 (KHTML, like Gecko) Chrome/138.0.0.0 Safari/537.36 Edg/138.0.0.0',NULL),(606,9,'kreOtkzgdgKmaAFJ7yOXD+RKHs2A9QSnphQNkomfsBk=','2025-07-04 07:56:14','2025-07-11 07:56:14','2025-07-04 08:02:47',1,'2025-07-04 08:02:47','Mozilla/5.0 (Windows NT 10.0; Win64; x64) AppleWebKit/537.36 (KHTML, like Gecko) Chrome/138.0.0.0 Safari/537.36 Edg/138.0.0.0','2025-07-04 08:02:05'),(607,9,'7nS2/EDn+Y9SU+q3YPXTpfWrdrkwo4bfq18qco9mh4E=','2025-07-04 23:28:49','2025-07-11 23:28:49','2025-07-05 00:29:33',1,'2025-07-05 00:29:33','Mozilla/5.0 (Windows NT 10.0; Win64; x64) AppleWebKit/537.36 (KHTML, like Gecko) Chrome/138.0.0.0 Safari/537.36 Edg/138.0.0.0','2025-07-04 23:51:15'),(608,9,'QT5dXTMS5bbh1QWnjzs0H+I58r7g2Q9Nj78qTB97R2w=','2025-07-05 00:29:41','2025-07-12 00:29:41','2025-07-05 00:53:41',1,'2025-07-05 00:53:41','Mozilla/5.0 (Windows NT 10.0; Win64; x64) AppleWebKit/537.36 (KHTML, like Gecko) Chrome/138.0.0.0 Safari/537.36 Edg/138.0.0.0','2025-07-05 00:45:37'),(609,9,'Ej4mm1BB/VeYe7l5G0A/yfNm28JZ0aa/l3C2AKJ+BU0=','2025-07-05 00:53:50','2025-07-12 00:53:50','2025-07-05 01:17:03',1,'2025-07-05 01:17:03','Mozilla/5.0 (Windows NT 10.0; Win64; x64) AppleWebKit/537.36 (KHTML, like Gecko) Chrome/138.0.0.0 Safari/537.36 Edg/138.0.0.0','2025-07-05 01:16:44'),(610,9,'f8G91P8PZTKbASnK2bDAeQWap2n/J7Oc39Rgjm1pnU0=','2025-07-05 01:07:43','2025-07-12 01:07:43','2025-07-05 01:07:43',0,NULL,'PostmanRuntime/7.44.1',NULL),(611,9,'yF/LNOqBcQod2j6RkQkqK/2JY88iucFGmCSA7UZhxLc=','2025-07-05 01:17:06','2025-07-12 01:17:06','2025-07-05 01:24:20',0,NULL,'Mozilla/5.0 (Windows NT 10.0; Win64; x64) AppleWebKit/537.36 (KHTML, like Gecko) Chrome/138.0.0.0 Safari/537.36 Edg/138.0.0.0','2025-07-05 01:24:20'),(612,9,'6ZLdne/YpcLMfqmiHE2wnAwuhKy7YLn83SZLZRCRR8A=','2025-07-05 01:38:11','2025-07-12 01:38:11','2025-07-05 01:48:42',1,'2025-07-05 01:48:42','Mozilla/5.0 (Windows NT 10.0; Win64; x64) AppleWebKit/537.36 (KHTML, like Gecko) Chrome/138.0.0.0 Safari/537.36 Edg/138.0.0.0',NULL),(613,9,'BBGwJMVYnEdu6M+E/FZykgRnyUZw+l+jyusIMSDn4E4=','2025-07-05 01:49:56','2025-07-12 01:49:56','2025-07-05 02:28:27',1,'2025-07-05 02:28:27','Mozilla/5.0 (Windows NT 10.0; Win64; x64) AppleWebKit/537.36 (KHTML, like Gecko) Chrome/138.0.0.0 Safari/537.36 Edg/138.0.0.0','2025-07-05 02:27:04'),(614,9,'EFrWCyRT7MbN9BpMLY7DoFgV56/RdgNNRMREk7gsRos=','2025-07-05 02:28:29','2025-07-12 02:28:29','2025-07-05 03:10:37',1,'2025-07-05 03:10:37','Mozilla/5.0 (Windows NT 10.0; Win64; x64) AppleWebKit/537.36 (KHTML, like Gecko) Chrome/138.0.0.0 Safari/537.36 Edg/138.0.0.0','2025-07-05 03:09:04'),(615,9,'Dv5fFrahey5R9qF9NSmcXkHSEvl63X99BCudPnPY4Hg=','2025-07-05 03:10:41','2025-07-12 03:10:41','2025-07-05 03:16:22',1,'2025-07-05 03:16:22','Mozilla/5.0 (Windows NT 10.0; Win64; x64) AppleWebKit/537.36 (KHTML, like Gecko) Chrome/138.0.0.0 Safari/537.36 Edg/138.0.0.0','2025-07-05 03:16:14'),(616,9,'T6RTHH7zKOaPhSfzl0PSKmhKYh6VqOCvJ/FUifM992A=','2025-07-05 03:18:26','2025-07-12 03:18:26','2025-07-05 03:26:58',1,'2025-07-05 03:26:58','Mozilla/5.0 (Windows NT 10.0; Win64; x64) AppleWebKit/537.36 (KHTML, like Gecko) Chrome/138.0.0.0 Safari/537.36 Edg/138.0.0.0',NULL),(617,9,'xCzlzvTfH1yWusVkLH86F9TDm+gYff/0X4NKZ6sSGqU=','2025-07-05 03:27:01','2025-07-12 03:27:01','2025-07-05 03:27:01',0,NULL,'Mozilla/5.0 (Windows NT 10.0; Win64; x64) AppleWebKit/537.36 (KHTML, like Gecko) Chrome/138.0.0.0 Safari/537.36 Edg/138.0.0.0',NULL),(618,9,'/S0HNa1V3fsD2pabi/KupocafJK0GVuxkn5oHwJrs+Y=','2025-07-05 03:35:12','2025-07-12 03:35:12','2025-07-05 03:47:40',1,'2025-07-05 03:47:40','Mozilla/5.0 (Windows NT 10.0; Win64; x64) AppleWebKit/537.36 (KHTML, like Gecko) Chrome/138.0.0.0 Safari/537.36 Edg/138.0.0.0','2025-07-05 03:40:43'),(619,9,'ZDfvKA8ocQrQ1sJ4syE55/qKD28rQzo3TFKZA5HaG3k=','2025-07-05 03:47:43','2025-07-12 03:47:43','2025-07-05 03:53:27',1,'2025-07-05 03:53:27','Mozilla/5.0 (Windows NT 10.0; Win64; x64) AppleWebKit/537.36 (KHTML, like Gecko) Chrome/138.0.0.0 Safari/537.36 Edg/138.0.0.0',NULL),(620,6,'14vEHwH29OlISZj5UqNcd8gsgy8sGFdPKBsW4vPCcZE=','2025-07-05 03:53:32','2025-07-12 03:53:32','2025-07-05 04:02:15',1,'2025-07-05 04:02:15','Mozilla/5.0 (Windows NT 10.0; Win64; x64) AppleWebKit/537.36 (KHTML, like Gecko) Chrome/138.0.0.0 Safari/537.36 Edg/138.0.0.0',NULL),(621,9,'FQqsMsR8XNiwW75otmeWOHZIXqoEonMeO//CIXUkHWY=','2025-07-07 00:53:28','2025-07-14 00:53:28','2025-07-07 00:53:36',1,'2025-07-07 00:53:36','Mozilla/5.0 (Windows NT 10.0; Win64; x64) AppleWebKit/537.36 (KHTML, like Gecko) Chrome/138.0.0.0 Safari/537.36 Edg/138.0.0.0',NULL),(622,6,'Dxj64ISW9mYjT06a5rWv+42AEaxdHTFSAWjuuO0K/H0=','2025-07-07 00:53:44','2025-07-14 00:53:44','2025-07-07 00:54:18',1,'2025-07-07 00:54:18','Mozilla/5.0 (Windows NT 10.0; Win64; x64) AppleWebKit/537.36 (KHTML, like Gecko) Chrome/138.0.0.0 Safari/537.36 Edg/138.0.0.0',NULL),(623,9,'hKL7UW0CJPFC5mDYg7eh1iHCxUtc66MAFffFuptGPfk=','2025-07-07 00:54:21','2025-07-14 00:54:21','2025-07-07 00:54:56',1,'2025-07-07 00:54:56','Mozilla/5.0 (Windows NT 10.0; Win64; x64) AppleWebKit/537.36 (KHTML, like Gecko) Chrome/138.0.0.0 Safari/537.36 Edg/138.0.0.0',NULL),(624,7,'JAf7Tdy6e/PhpavTq5pUGKnQ2fPBJbgxfNXitOjPtWk=','2025-07-07 01:10:19','2025-07-14 01:10:19','2025-07-07 01:10:35',1,'2025-07-07 01:10:35','Mozilla/5.0 (Windows NT 10.0; Win64; x64) AppleWebKit/537.36 (KHTML, like Gecko) Chrome/138.0.0.0 Safari/537.36 Edg/138.0.0.0',NULL),(625,7,'StVW+VJQkEmH0enWIuU8k/IYRu1omgbmtTKinp2kuGU=','2025-07-07 01:10:40','2025-07-14 01:10:40','2025-07-07 01:21:30',1,'2025-07-07 01:21:30','Mozilla/5.0 (Windows NT 10.0; Win64; x64) AppleWebKit/537.36 (KHTML, like Gecko) Chrome/138.0.0.0 Safari/537.36 Edg/138.0.0.0','2025-07-07 01:20:23'),(626,7,'CeXoC4obLqfHzbnsGhSV2D7EZmlkk8a0w3c9alLTUC0=','2025-07-07 01:21:38','2025-07-14 01:21:38','2025-07-07 01:33:02',1,'2025-07-07 01:33:02','Mozilla/5.0 (Windows NT 10.0; Win64; x64) AppleWebKit/537.36 (KHTML, like Gecko) Chrome/138.0.0.0 Safari/537.36 Edg/138.0.0.0','2025-07-07 01:32:52'),(627,7,'dLLX3FoBS7tHywACDUNhQRJ7Xlu4OK/yuL+0/3zT6Yk=','2025-07-07 01:33:06','2025-07-14 01:33:06','2025-07-07 01:35:48',1,'2025-07-07 01:35:48','Mozilla/5.0 (Windows NT 10.0; Win64; x64) AppleWebKit/537.36 (KHTML, like Gecko) Chrome/138.0.0.0 Safari/537.36 Edg/138.0.0.0',NULL),(628,7,'Um3ES+B2gu/2d4nMwWEaENZwhJNhf2JVEnuHeZ/Cxdg=','2025-07-07 01:35:53','2025-07-14 01:35:53','2025-07-07 02:08:26',1,'2025-07-07 02:08:26','Mozilla/5.0 (Windows NT 10.0; Win64; x64) AppleWebKit/537.36 (KHTML, like Gecko) Chrome/138.0.0.0 Safari/537.36 Edg/138.0.0.0','2025-07-07 02:06:46'),(629,7,'0pmmhCpz4Rsj9GAfrmJnSX0YKaVaoa4sVL2HXchcwsQ=','2025-07-07 02:08:31','2025-07-14 02:08:31','2025-07-07 02:18:10',1,'2025-07-07 02:18:10','Mozilla/5.0 (Windows NT 10.0; Win64; x64) AppleWebKit/537.36 (KHTML, like Gecko) Chrome/138.0.0.0 Safari/537.36 Edg/138.0.0.0','2025-07-07 02:17:02'),(630,7,'GAhzugybMtYM6l5wHf9ATdWQifxQocOWu/J7/VH9zFg=','2025-07-07 02:18:15','2025-07-14 02:18:15','2025-07-07 02:21:41',1,'2025-07-07 02:21:41','Mozilla/5.0 (Windows NT 10.0; Win64; x64) AppleWebKit/537.36 (KHTML, like Gecko) Chrome/138.0.0.0 Safari/537.36 Edg/138.0.0.0',NULL),(631,7,'5c2JjNeaql1K7W/lWumLQv2TpSQKpbONa+uvRd2NL8o=','2025-07-07 02:21:46','2025-07-14 02:21:46','2025-07-07 02:40:09',1,'2025-07-07 02:40:09','Mozilla/5.0 (Windows NT 10.0; Win64; x64) AppleWebKit/537.36 (KHTML, like Gecko) Chrome/138.0.0.0 Safari/537.36 Edg/138.0.0.0','2025-07-07 02:40:08'),(632,7,'SJIGVTXLEd85wLY1KD3XvtSx8eVP0ZwsI4YK+FUz5ZU=','2025-07-07 02:40:18','2025-07-14 02:40:18','2025-07-07 02:42:38',1,'2025-07-07 02:42:38','Mozilla/5.0 (Windows NT 10.0; Win64; x64) AppleWebKit/537.36 (KHTML, like Gecko) Chrome/138.0.0.0 Safari/537.36 Edg/138.0.0.0',NULL),(633,7,'+RDjKi1RhheLCNnE8ea16+/37YGA+XUxNpsl29BRZsI=','2025-07-07 02:42:43','2025-07-14 02:42:43','2025-07-07 03:00:12',1,'2025-07-07 03:00:12','Mozilla/5.0 (Windows NT 10.0; Win64; x64) AppleWebKit/537.36 (KHTML, like Gecko) Chrome/138.0.0.0 Safari/537.36 Edg/138.0.0.0','2025-07-07 02:58:13'),(634,7,'zvZfFm4PqnrE+5Q8s4opngwk7XF7r3ybaIiCLU/RpJY=','2025-07-07 03:00:16','2025-07-14 03:00:16','2025-07-07 04:54:31',1,'2025-07-07 04:54:31','Mozilla/5.0 (Windows NT 10.0; Win64; x64) AppleWebKit/537.36 (KHTML, like Gecko) Chrome/138.0.0.0 Safari/537.36 Edg/138.0.0.0','2025-07-07 03:18:55'),(635,9,'tOecVRchA8ujOb20Ftbwquto6hnIMuG8LWnV30NRnKE=','2025-07-07 03:04:26','2025-07-14 03:04:26','2025-07-07 03:04:26',0,NULL,'PostmanRuntime/7.44.1',NULL),(636,7,'CWulWiTl9lcno51pBwScvqADr74h1srg+D6K6RG5LLo=','2025-07-07 03:04:56','2025-07-14 03:04:56','2025-07-07 03:04:56',0,NULL,'PostmanRuntime/7.44.1',NULL),(637,7,'74+OV9uZjGj2Hj6TFZL3oBI0nwautF5KEHe4dFHypAc=','2025-07-07 04:54:38','2025-07-14 04:54:38','2025-07-07 05:06:15',1,'2025-07-07 05:06:15','Mozilla/5.0 (Windows NT 10.0; Win64; x64) AppleWebKit/537.36 (KHTML, like Gecko) Chrome/138.0.0.0 Safari/537.36 Edg/138.0.0.0','2025-07-07 05:06:11'),(638,7,'7evaf52g494F0cNnemd0xNymSlW46VlmswMMPQqopr4=','2025-07-07 05:06:20','2025-07-14 05:06:20','2025-07-07 06:11:22',1,'2025-07-07 06:11:22','Mozilla/5.0 (Windows NT 10.0; Win64; x64) AppleWebKit/537.36 (KHTML, like Gecko) Chrome/138.0.0.0 Safari/537.36 Edg/138.0.0.0','2025-07-07 06:05:23'),(639,7,'gFHPCpva0VAic6B/fOpgCDc3FhijS2VhY29IVmqxiro=','2025-07-07 06:11:26','2025-07-14 06:11:26','2025-07-07 07:13:53',1,'2025-07-07 07:13:53','Mozilla/5.0 (Windows NT 10.0; Win64; x64) AppleWebKit/537.36 (KHTML, like Gecko) Chrome/138.0.0.0 Safari/537.36 Edg/138.0.0.0','2025-07-07 07:08:39'),(640,7,'NahQc4g3O06UhRgBvU14AU4lyPIAaP1IyTtlT5C1ncI=','2025-07-07 07:14:12','2025-07-14 07:14:12','2025-07-07 07:37:10',1,'2025-07-07 07:37:10','Mozilla/5.0 (Windows NT 10.0; Win64; x64) AppleWebKit/537.36 (KHTML, like Gecko) Chrome/138.0.0.0 Safari/537.36 Edg/138.0.0.0','2025-07-07 07:36:42'),(641,7,'n3ynk2iw8IlausXkV25tmoyp48KX2jCDIfD6HTvyL5g=','2025-07-07 07:37:14','2025-07-14 07:37:14','2025-07-07 07:37:14',0,NULL,'Mozilla/5.0 (Windows NT 10.0; Win64; x64) AppleWebKit/537.36 (KHTML, like Gecko) Chrome/138.0.0.0 Safari/537.36 Edg/138.0.0.0',NULL),(642,7,'0spLMJqTaapQkcvYtP1WJ/Aj1GXark4fKuIXaZ/RzE8=','2025-07-07 07:40:26','2025-07-14 07:40:26','2025-07-07 07:57:01',1,'2025-07-07 07:57:01','Mozilla/5.0 (Windows NT 10.0; Win64; x64) AppleWebKit/537.36 (KHTML, like Gecko) Chrome/138.0.0.0 Safari/537.36 Edg/138.0.0.0','2025-07-07 07:51:29'),(643,7,'+GOIFFbv3IB0fq2vJzETwYsX2DsD9auo9Ljjo2rs8hk=','2025-07-07 08:01:38','2025-07-14 08:01:38','2025-07-07 08:01:40',1,'2025-07-07 08:01:40','Mozilla/5.0 (Windows NT 10.0; Win64; x64) AppleWebKit/537.36 (KHTML, like Gecko) Chrome/138.0.0.0 Safari/537.36 Edg/138.0.0.0',NULL),(644,7,'K4DdZ0Z6OkvPVXzzOHSMbWlFZAgqkTOE5GGR2jKeo4Y=','2025-07-07 23:40:01','2025-07-14 23:40:01','2025-07-07 23:40:27',1,'2025-07-07 23:40:27','Mozilla/5.0 (Windows NT 10.0; Win64; x64) AppleWebKit/537.36 (KHTML, like Gecko) Chrome/138.0.0.0 Safari/537.36 Edg/138.0.0.0',NULL),(645,9,'aWRyzEsxvzRwQusyd+uHaSPHcGe9VD5s2pPfyce2TGk=','2025-07-07 23:41:31','2025-07-14 23:41:31','2025-07-07 23:42:28',1,'2025-07-07 23:42:28','Mozilla/5.0 (Windows NT 10.0; Win64; x64) AppleWebKit/537.36 (KHTML, like Gecko) Chrome/138.0.0.0 Safari/537.36 Edg/138.0.0.0',NULL),(646,7,'jQssJw1wOTMWS/4x34ttG6W/C8XbmfdxoAm6QhZ/mP0=','2025-07-07 23:43:00','2025-07-14 23:43:00','2025-07-07 23:43:02',1,'2025-07-07 23:43:02','Mozilla/5.0 (Windows NT 10.0; Win64; x64) AppleWebKit/537.36 (KHTML, like Gecko) Chrome/138.0.0.0 Safari/537.36 Edg/138.0.0.0',NULL),(647,2,'racuKFqVfMCFs0xpj5JJpK75FD2i3chTIawgD3SVijs=','2025-07-07 23:43:08','2025-07-14 23:43:08','2025-07-07 23:43:40',1,'2025-07-07 23:43:40','Mozilla/5.0 (Windows NT 10.0; Win64; x64) AppleWebKit/537.36 (KHTML, like Gecko) Chrome/138.0.0.0 Safari/537.36 Edg/138.0.0.0',NULL),(648,7,'ZzKEYCPIEGnNXXf7FBOU76T+KoEaN0aax8oYJMlSMEI=','2025-07-08 00:15:45','2025-07-15 00:15:45','2025-07-08 00:17:04',1,'2025-07-08 00:17:04','Mozilla/5.0 (Windows NT 10.0; Win64; x64) AppleWebKit/537.36 (KHTML, like Gecko) Chrome/138.0.0.0 Safari/537.36 Edg/138.0.0.0',NULL),(649,7,'LT7XXQshXs12ibBHajDvG2cgx6xMMxy+xA2zbrlZkDc=','2025-07-08 00:57:32','2025-07-15 00:57:32','2025-07-08 00:57:32',0,NULL,'Mozilla/5.0 (Windows NT 10.0; Win64; x64) AppleWebKit/537.36 (KHTML, like Gecko) Chrome/138.0.0.0 Safari/537.36 Edg/138.0.0.0',NULL),(650,7,'30SoDwNzOb7nj4AtVzN6PIg2AnNwktqoCGiSlMZ9Mns=','2025-07-08 00:59:36','2025-07-15 00:59:36','2025-07-08 01:00:37',1,'2025-07-08 01:00:37','Mozilla/5.0 (Windows NT 10.0; Win64; x64) AppleWebKit/537.36 (KHTML, like Gecko) Chrome/138.0.0.0 Safari/537.36 Edg/138.0.0.0',NULL),(651,7,'TAD3LJOt4EX6HZSlsYIL4fyalOgxics+uhKNxoUhm6Q=','2025-07-08 02:08:12','2025-07-15 02:08:12','2025-07-08 02:12:02',1,'2025-07-08 02:12:02','Mozilla/5.0 (Windows NT 10.0; Win64; x64) AppleWebKit/537.36 (KHTML, like Gecko) Chrome/138.0.0.0 Safari/537.36 Edg/138.0.0.0',NULL),(652,7,'zFz7RPrQ+vofk1RJtNZz8z3aB+aBuGAflnifsdj1G6I=','2025-07-08 05:07:04','2025-07-15 05:07:04','2025-07-08 05:19:06',1,'2025-07-08 05:19:06','Mozilla/5.0 (Windows NT 10.0; Win64; x64) AppleWebKit/537.36 (KHTML, like Gecko) Chrome/138.0.0.0 Safari/537.36 Edg/138.0.0.0','2025-07-08 05:19:03'),(653,7,'EXHqdubM1T1/NUBqVRzjrO6PowYOSWgFWiGLOPRYWiQ=','2025-07-08 05:19:19','2025-07-15 05:19:19','2025-07-08 05:19:19',0,NULL,'Mozilla/5.0 (Windows NT 10.0; Win64; x64) AppleWebKit/537.36 (KHTML, like Gecko) Chrome/138.0.0.0 Safari/537.36 Edg/138.0.0.0',NULL),(654,7,'cQX6wMwcLf32gaTaPCxUCJDP23asYOQUv7z99VHDh6g=','2025-07-08 05:21:58','2025-07-15 05:21:58','2025-07-08 05:42:58',1,'2025-07-08 05:42:58','Mozilla/5.0 (Windows NT 10.0; Win64; x64) AppleWebKit/537.36 (KHTML, like Gecko) Chrome/138.0.0.0 Safari/537.36 Edg/138.0.0.0','2025-07-08 05:42:05'),(655,7,'4OXoW4Xmfv2eN7mPQ+lUWCLNzXraD4Fb4VndTzY8HzI=','2025-07-08 05:43:14','2025-07-15 05:43:14','2025-07-08 06:01:31',1,'2025-07-08 06:01:31','Mozilla/5.0 (Windows NT 10.0; Win64; x64) AppleWebKit/537.36 (KHTML, like Gecko) Chrome/138.0.0.0 Safari/537.36 Edg/138.0.0.0','2025-07-08 06:01:14'),(656,7,'+NS93xtOO6loRYm79YnN/2O3MBMzZCdiW8P47h6grdQ=','2025-07-08 06:01:35','2025-07-15 06:01:35','2025-07-08 06:01:50',1,'2025-07-08 06:01:50','Mozilla/5.0 (Windows NT 10.0; Win64; x64) AppleWebKit/537.36 (KHTML, like Gecko) Chrome/138.0.0.0 Safari/537.36 Edg/138.0.0.0',NULL),(657,7,'4LXaI0QTgWjj3uhV6r5MZmUbDlhC1C398trW8+7T6go=','2025-07-08 06:01:53','2025-07-15 06:01:53','2025-07-08 06:17:48',1,'2025-07-08 06:17:48','Mozilla/5.0 (Windows NT 10.0; Win64; x64) AppleWebKit/537.36 (KHTML, like Gecko) Chrome/138.0.0.0 Safari/537.36 Edg/138.0.0.0','2025-07-08 06:09:55'),(658,7,'8SNvLJ9w6KGGdRVta9XPRHTZbZ7QNJDH7vyfS9xox/k=','2025-07-08 06:17:53','2025-07-15 06:17:53','2025-07-08 06:25:23',0,NULL,'Mozilla/5.0 (Windows NT 10.0; Win64; x64) AppleWebKit/537.36 (KHTML, like Gecko) Chrome/138.0.0.0 Safari/537.36 Edg/138.0.0.0','2025-07-08 06:25:23'),(659,7,'UPQgEO+qzs7rKNzYgE9wpAK8/+NUFHq1gcUsHGWArzc=','2025-07-08 06:44:00','2025-07-15 06:43:59','2025-07-08 06:49:44',1,'2025-07-08 06:49:44','Mozilla/5.0 (Windows NT 10.0; Win64; x64) AppleWebKit/537.36 (KHTML, like Gecko) Chrome/138.0.0.0 Safari/537.36 Edg/138.0.0.0','2025-07-08 06:49:36'),(660,7,'x02yfOvWmvE2eYrFJTF+8cYOQpUKrAcWHeynPMfKAaY=','2025-07-08 06:49:51','2025-07-15 06:49:51','2025-07-08 06:50:06',1,'2025-07-08 06:50:06','Mozilla/5.0 (Windows NT 10.0; Win64; x64) AppleWebKit/537.36 (KHTML, like Gecko) Chrome/138.0.0.0 Safari/537.36 Edg/138.0.0.0',NULL),(661,7,'D+GxzP2yhz3jeFTGUdRZNVGUwlrEVKuf0yXuxHppmjA=','2025-07-08 06:50:15','2025-07-15 06:50:15','2025-07-08 07:26:36',1,'2025-07-08 07:26:36','Mozilla/5.0 (Windows NT 10.0; Win64; x64) AppleWebKit/537.36 (KHTML, like Gecko) Chrome/138.0.0.0 Safari/537.36 Edg/138.0.0.0','2025-07-08 07:25:18'),(662,7,'13g7rkFuTcq58mtTo6QJqw+31fBa6byaktYKDOTN9Mg=','2025-07-08 07:26:43','2025-07-15 07:26:43','2025-07-08 07:26:43',0,NULL,'Mozilla/5.0 (Windows NT 10.0; Win64; x64) AppleWebKit/537.36 (KHTML, like Gecko) Chrome/138.0.0.0 Safari/537.36 Edg/138.0.0.0',NULL),(663,7,'+ehRPjK/sUcr6tNcVguUvDPMWWeX3wU+xW5YO9/rjsQ=','2025-07-08 07:27:04','2025-07-15 07:27:04','2025-07-08 07:31:03',1,'2025-07-08 07:31:03','Mozilla/5.0 (Windows NT 10.0; Win64; x64) AppleWebKit/537.36 (KHTML, like Gecko) Chrome/138.0.0.0 Safari/537.36 Edg/138.0.0.0',NULL),(664,7,'rhX6U2Ir1jsHoD0Ya8643wlJVTOR++DGIjEWlfnc8VY=','2025-07-08 07:31:09','2025-07-15 07:31:09','2025-07-08 07:56:50',0,NULL,'Mozilla/5.0 (Windows NT 10.0; Win64; x64) AppleWebKit/537.36 (KHTML, like Gecko) Chrome/138.0.0.0 Safari/537.36 Edg/138.0.0.0','2025-07-08 07:56:50'),(665,7,'UhoNMapHc2UG/K6aaKosBXWasYwdAW/HnB4HBF6wczA=','2025-07-08 07:57:33','2025-07-15 07:57:33','2025-07-08 08:01:27',1,'2025-07-08 08:01:27','Mozilla/5.0 (Windows NT 10.0; Win64; x64) AppleWebKit/537.36 (KHTML, like Gecko) Chrome/138.0.0.0 Safari/537.36 Edg/138.0.0.0',NULL),(666,3,'Hm8tS4Kcrb/rsUQinLUrS3JX3I3Dl3PRRlPGfLX8jd4=','2025-07-08 23:28:36','2025-07-15 23:28:36','2025-07-08 23:37:38',1,'2025-07-08 23:37:38','Mozilla/5.0 (Windows NT 10.0; Win64; x64) AppleWebKit/537.36 (KHTML, like Gecko) Chrome/138.0.0.0 Safari/537.36 Edg/138.0.0.0','2025-07-08 23:33:31'),(667,7,'RbQLbz7LDkbDn4zG7AwLYcuzL1GP5xr0XFqZBONrnes=','2025-07-08 23:37:41','2025-07-15 23:37:41','2025-07-08 23:38:21',1,'2025-07-08 23:38:21','Mozilla/5.0 (Windows NT 10.0; Win64; x64) AppleWebKit/537.36 (KHTML, like Gecko) Chrome/138.0.0.0 Safari/537.36 Edg/138.0.0.0',NULL),(668,3,'pubMZiuoMbpHxxiuELGLCluZWnOgRK8531qZmaMHS1U=','2025-07-08 23:38:31','2025-07-15 23:38:31','2025-07-08 23:43:58',1,'2025-07-08 23:43:58','Mozilla/5.0 (Windows NT 10.0; Win64; x64) AppleWebKit/537.36 (KHTML, like Gecko) Chrome/138.0.0.0 Safari/537.36 Edg/138.0.0.0',NULL),(669,7,'gvtAZ2ebgCtyzL+Rxu7lVhh/jIZmC89YWGhPnVXMcGk=','2025-07-08 23:44:01','2025-07-15 23:44:01','2025-07-08 23:44:01',0,NULL,'Mozilla/5.0 (Windows NT 10.0; Win64; x64) AppleWebKit/537.36 (KHTML, like Gecko) Chrome/138.0.0.0 Safari/537.36 Edg/138.0.0.0',NULL),(670,3,'tExY/kbs79c6pdLknvHkPyoHBXlu7oAvdKl9MeH3XPQ=','2025-07-08 23:50:26','2025-07-15 23:50:26','2025-07-08 23:51:38',1,'2025-07-08 23:51:38','Mozilla/5.0 (Windows NT 10.0; Win64; x64) AppleWebKit/537.36 (KHTML, like Gecko) Chrome/138.0.0.0 Safari/537.36 Edg/138.0.0.0',NULL),(671,3,'aZS/TCBosE82o0zrme8d4uT/bHM0Rc7zY2/6O+Luehc=','2025-07-09 00:15:53','2025-07-16 00:15:53','2025-07-09 01:02:19',1,'2025-07-09 01:02:19','Mozilla/5.0 (Windows NT 10.0; Win64; x64) AppleWebKit/537.36 (KHTML, like Gecko) Chrome/138.0.0.0 Safari/537.36 Edg/138.0.0.0','2025-07-09 01:00:06'),(672,2,'EX+mVT4/oyQR77NjEAVuDPNQKtwTvuQsGHF9THXh87U=','2025-07-09 01:02:26','2025-07-16 01:02:26','2025-07-09 01:12:19',1,'2025-07-09 01:12:19','Mozilla/5.0 (Windows NT 10.0; Win64; x64) AppleWebKit/537.36 (KHTML, like Gecko) Chrome/138.0.0.0 Safari/537.36 Edg/138.0.0.0','2025-07-09 01:11:32'),(673,3,'+ao92hoZC15RfTsJNn2mYD9WVJ12WP9mPMXXzTfZdmA=','2025-07-09 01:12:26','2025-07-16 01:12:26','2025-07-09 02:20:38',1,'2025-07-09 02:20:38','Mozilla/5.0 (Windows NT 10.0; Win64; x64) AppleWebKit/537.36 (KHTML, like Gecko) Chrome/138.0.0.0 Safari/537.36 Edg/138.0.0.0','2025-07-09 01:50:23'),(674,3,'y5nT5DVzq2v2sEiiJZWG6UtQonviP9mnMSlFGbl7PNk=','2025-07-09 02:20:44','2025-07-16 02:20:44','2025-07-09 03:00:57',1,'2025-07-09 03:00:57','Mozilla/5.0 (Windows NT 10.0; Win64; x64) AppleWebKit/537.36 (KHTML, like Gecko) Chrome/138.0.0.0 Safari/537.36 Edg/138.0.0.0','2025-07-09 02:54:52'),(675,7,'2TQjpGf07F2IBJu13nwaqAFaBngvpTYBOPA2ns5XCtg=','2025-07-09 03:03:37','2025-07-16 03:03:37','2025-07-09 03:04:01',1,'2025-07-09 03:04:01','Mozilla/5.0 (Windows NT 10.0; Win64; x64) AppleWebKit/537.36 (KHTML, like Gecko) Chrome/138.0.0.0 Safari/537.36 Edg/138.0.0.0',NULL),(676,3,'E3fmPHd4ERi8aXLiJ8qxLkeBQzKBRjXsMUZhgfPpWgw=','2025-07-09 03:06:31','2025-07-16 03:06:31','2025-07-09 03:24:47',1,'2025-07-09 03:24:47','Mozilla/5.0 (Windows NT 10.0; Win64; x64) AppleWebKit/537.36 (KHTML, like Gecko) Chrome/138.0.0.0 Safari/537.36 Edg/138.0.0.0','2025-07-09 03:20:15'),(677,2,'eHWkZa5RCm0ac2m4uUAxA5sd6j/kRkZCl4ODSLU4XOE=','2025-07-09 03:25:03','2025-07-16 03:25:03','2025-07-09 03:52:48',1,'2025-07-09 03:52:48','Mozilla/5.0 (Windows NT 10.0; Win64; x64) AppleWebKit/537.36 (KHTML, like Gecko) Chrome/138.0.0.0 Safari/537.36 Edg/138.0.0.0','2025-07-09 03:50:14'),(678,7,'etKu1GEli2LICvPWtsGtFrShJAAvrO27XU/042cQG40=','2025-07-09 03:52:54','2025-07-16 03:52:54','2025-07-09 03:55:30',1,'2025-07-09 03:55:30','Mozilla/5.0 (Windows NT 10.0; Win64; x64) AppleWebKit/537.36 (KHTML, like Gecko) Chrome/138.0.0.0 Safari/537.36 Edg/138.0.0.0',NULL),(679,7,'r762ZxzSVCBPYDTpI1JZbmp0N/h7tUGD6EcNbqj5f0Q=','2025-07-09 03:55:33','2025-07-16 03:55:33','2025-07-09 04:05:44',1,'2025-07-09 04:05:44','Mozilla/5.0 (Windows NT 10.0; Win64; x64) AppleWebKit/537.36 (KHTML, like Gecko) Chrome/138.0.0.0 Safari/537.36 Edg/138.0.0.0','2025-07-09 04:05:37'),(680,7,'AiVxR8vZ8rrM6ok/sIkXAf1bol8c17xL8GIMwqMbf7U=','2025-07-09 04:05:47','2025-07-16 04:05:47','2025-07-09 04:07:32',1,'2025-07-09 04:07:32','Mozilla/5.0 (Windows NT 10.0; Win64; x64) AppleWebKit/537.36 (KHTML, like Gecko) Chrome/138.0.0.0 Safari/537.36 Edg/138.0.0.0',NULL),(681,2,'27AcpKdsROMdOXqsLiwS8pHNsbfObWN5+QmjufCTaws=','2025-07-09 04:23:07','2025-07-16 04:23:07','2025-07-09 04:23:36',1,'2025-07-09 04:23:36','Mozilla/5.0 (Windows NT 10.0; Win64; x64) AppleWebKit/537.36 (KHTML, like Gecko) Chrome/138.0.0.0 Safari/537.36 Edg/138.0.0.0',NULL),(682,3,'xIYaLVCjFNsT3VgFyk3gZ5iNtxDBraQDe2cdTU3GniA=','2025-07-09 04:23:39','2025-07-16 04:23:39','2025-07-09 04:24:52',1,'2025-07-09 04:24:52','Mozilla/5.0 (Windows NT 10.0; Win64; x64) AppleWebKit/537.36 (KHTML, like Gecko) Chrome/138.0.0.0 Safari/537.36 Edg/138.0.0.0',NULL),(683,7,'3/cvyGyg/+sWp1BI0T+HWcqd4MktHPxEqhag+wp1pVA=','2025-07-09 05:30:09','2025-07-16 05:30:09','2025-07-09 06:03:06',1,'2025-07-09 06:03:06','Mozilla/5.0 (Windows NT 10.0; Win64; x64) AppleWebKit/537.36 (KHTML, like Gecko) Chrome/138.0.0.0 Safari/537.36 Edg/138.0.0.0','2025-07-09 06:00:22'),(684,7,'zcKaOlNSPZTrLP8/fc5/V0EjowlzXWGXfOo83mbbue8=','2025-07-09 06:03:13','2025-07-16 06:03:13','2025-07-09 06:38:58',1,'2025-07-09 06:38:58','Mozilla/5.0 (Windows NT 10.0; Win64; x64) AppleWebKit/537.36 (KHTML, like Gecko) Chrome/138.0.0.0 Safari/537.36 Edg/138.0.0.0','2025-07-09 06:36:35'),(685,9,'pKKSq6KOXYmJwFGwBvZyiuUar28QwlwO6eS7mUGyZ9Q=','2025-07-09 06:40:02','2025-07-16 06:40:02','2025-07-09 06:40:32',1,'2025-07-09 06:40:32','Mozilla/5.0 (Windows NT 10.0; Win64; x64) AppleWebKit/537.36 (KHTML, like Gecko) Chrome/138.0.0.0 Safari/537.36 Edg/138.0.0.0',NULL),(686,9,'6NDZyEFPcw2q07Ha04bREgichJf7IgkLaKinKL5v8Wg=','2025-07-09 06:41:01','2025-07-16 06:41:01','2025-07-09 07:00:01',1,'2025-07-09 07:00:01','Mozilla/5.0 (Windows NT 10.0; Win64; x64) AppleWebKit/537.36 (KHTML, like Gecko) Chrome/138.0.0.0 Safari/537.36 Edg/138.0.0.0','2025-07-09 06:55:48'),(687,10,'0TXU+eOogqHPBas4rEVQq5tzSpL0AN46NoimjSmfmiA=','2025-07-09 07:01:03','2025-07-16 07:01:03','2025-07-09 07:19:21',1,'2025-07-09 07:19:21','Mozilla/5.0 (Windows NT 10.0; Win64; x64) AppleWebKit/537.36 (KHTML, like Gecko) Chrome/138.0.0.0 Safari/537.36 Edg/138.0.0.0','2025-07-09 07:10:05'),(688,10,'85xNxzUr1UFyUevcZlh+3n4Y5HyyopMKByR5Nb5MWp4=','2025-07-09 07:21:01','2025-07-16 07:21:01','2025-07-09 07:35:24',1,'2025-07-09 07:35:24','Mozilla/5.0 (Windows NT 10.0; Win64; x64) AppleWebKit/537.36 (KHTML, like Gecko) Chrome/138.0.0.0 Safari/537.36 Edg/138.0.0.0','2025-07-09 07:35:10'),(689,2,'8zK6LwTzdGUq1c/LVwLGT+5cCEfa7bQSTm6yGnT2l+A=','2025-07-09 07:35:38','2025-07-16 07:35:38','2025-07-09 07:37:16',1,'2025-07-09 07:37:16','Mozilla/5.0 (Windows NT 10.0; Win64; x64) AppleWebKit/537.36 (KHTML, like Gecko) Chrome/138.0.0.0 Safari/537.36 Edg/138.0.0.0',NULL),(690,3,'W7XwlHExm6J/yUkF7SCReOseNQ6dnawyduGhM/qTJao=','2025-07-09 07:37:30','2025-07-16 07:37:30','2025-07-09 07:57:10',0,NULL,'Mozilla/5.0 (Windows NT 10.0; Win64; x64) AppleWebKit/537.36 (KHTML, like Gecko) Chrome/138.0.0.0 Safari/537.36 Edg/138.0.0.0','2025-07-09 07:57:10'),(691,7,'xvweeuCTq7fWabv7+VmxcjbGBUEQBuvGVdi2lsYpag0=','2025-07-10 00:05:45','2025-07-17 00:05:45','2025-07-10 01:06:13',1,'2025-07-10 01:06:13','Mozilla/5.0 (Windows NT 10.0; Win64; x64) AppleWebKit/537.36 (KHTML, like Gecko) Chrome/138.0.0.0 Safari/537.36 Edg/138.0.0.0','2025-07-10 00:51:03'),(692,7,'3DEkqtRraqcTjoRLtbh/b5lHX8UlZpRJZ0JD9H1gsz4=','2025-07-10 01:06:16','2025-07-17 01:06:16','2025-07-10 02:17:22',1,'2025-07-10 02:17:22','Mozilla/5.0 (Windows NT 10.0; Win64; x64) AppleWebKit/537.36 (KHTML, like Gecko) Chrome/138.0.0.0 Safari/537.36 Edg/138.0.0.0','2025-07-10 01:49:44'),(693,7,'q0jPboU0wNCcW3h1UYf9G7GySW+ExLX9U2IZDZc27QU=','2025-07-10 02:17:27','2025-07-17 02:17:27','2025-07-10 02:36:11',1,'2025-07-10 02:36:11','Mozilla/5.0 (Windows NT 10.0; Win64; x64) AppleWebKit/537.36 (KHTML, like Gecko) Chrome/138.0.0.0 Safari/537.36 Edg/138.0.0.0','2025-07-10 02:32:10'),(694,7,'bhn7IYER03IzMSFRtsdxgoghxgtm2Tnx+5LjIEpMkBk=','2025-07-10 02:36:18','2025-07-17 02:36:18','2025-07-10 03:24:54',1,'2025-07-10 03:24:54','Mozilla/5.0 (Windows NT 10.0; Win64; x64) AppleWebKit/537.36 (KHTML, like Gecko) Chrome/138.0.0.0 Safari/537.36 Edg/138.0.0.0','2025-07-10 03:24:26'),(695,9,'U3TN7SWF3aDxNcA+vbJcDNgZ62dmuIXHjnpQqNTLPQ8=','2025-07-10 03:24:58','2025-07-17 03:24:58','2025-07-10 03:28:12',1,'2025-07-10 03:28:12','Mozilla/5.0 (Windows NT 10.0; Win64; x64) AppleWebKit/537.36 (KHTML, like Gecko) Chrome/138.0.0.0 Safari/537.36 Edg/138.0.0.0',NULL),(696,7,'51CSUUtOoJ4ggl5WKbrXuiYQqoEwUvwjDSQMBdR3wiI=','2025-07-10 04:57:03','2025-07-17 04:57:03','2025-07-10 05:01:28',1,'2025-07-10 05:01:28','Mozilla/5.0 (Windows NT 10.0; Win64; x64) AppleWebKit/537.36 (KHTML, like Gecko) Chrome/138.0.0.0 Safari/537.36 Edg/138.0.0.0',NULL),(697,3,'XvO5O1nfo26zdf3tX0Q99wUVHjk9cT+DC3WfnjVMosk=','2025-07-10 05:01:34','2025-07-17 05:01:34','2025-07-10 05:30:00',1,'2025-07-10 05:30:00','Mozilla/5.0 (Windows NT 10.0; Win64; x64) AppleWebKit/537.36 (KHTML, like Gecko) Chrome/138.0.0.0 Safari/537.36 Edg/138.0.0.0','2025-07-10 05:26:57'),(698,2,'Q2vJ79TXgboNYj1mlerTGQkqeqv5mAj80yTKVcTgzr0=','2025-07-10 05:30:15','2025-07-17 05:30:15','2025-07-10 06:47:40',1,'2025-07-10 06:47:40','Mozilla/5.0 (Windows NT 10.0; Win64; x64) AppleWebKit/537.36 (KHTML, like Gecko) Chrome/138.0.0.0 Safari/537.36 Edg/138.0.0.0','2025-07-10 06:12:32'),(699,2,'Ag0sge9JJzoof6ijgy7rOdCjnyL5Hk9CO/+P5iBkUI4=','2025-07-10 06:47:45','2025-07-17 06:47:45','2025-07-10 06:53:34',1,'2025-07-10 06:53:34','Mozilla/5.0 (Windows NT 10.0; Win64; x64) AppleWebKit/537.36 (KHTML, like Gecko) Chrome/138.0.0.0 Safari/537.36 Edg/138.0.0.0','2025-07-10 06:52:57'),(700,7,'kkkMPBiov4XDVOACpfcRd5nKkh/Qt/pf1MpFOma3WUY=','2025-07-10 06:53:37','2025-07-17 06:53:37','2025-07-10 06:55:15',1,'2025-07-10 06:55:15','Mozilla/5.0 (Windows NT 10.0; Win64; x64) AppleWebKit/537.36 (KHTML, like Gecko) Chrome/138.0.0.0 Safari/537.36 Edg/138.0.0.0',NULL),(701,3,'0s0gOnM3GUZGhrB4K7Zphp8oqSL0TlvrCE9VfKlAUC8=','2025-07-10 06:55:32','2025-07-17 06:55:32','2025-07-10 07:01:35',1,'2025-07-10 07:01:35','Mozilla/5.0 (Windows NT 10.0; Win64; x64) AppleWebKit/537.36 (KHTML, like Gecko) Chrome/138.0.0.0 Safari/537.36 Edg/138.0.0.0',NULL),(702,7,'67t0aXwU2U4zOzvNH6/piGvOcqVQdlq79e9qpDr3tjQ=','2025-07-10 07:01:39','2025-07-17 07:01:39','2025-07-10 07:54:05',1,'2025-07-10 07:54:05','Mozilla/5.0 (Windows NT 10.0; Win64; x64) AppleWebKit/537.36 (KHTML, like Gecko) Chrome/138.0.0.0 Safari/537.36 Edg/138.0.0.0','2025-07-10 07:51:57'),(703,7,'Wk0j9Pnn+7G+FCIgqmvhKQSO1L1lJK9gBKbTuivnHuc=','2025-07-11 00:13:34','2025-07-18 00:13:34','2025-07-11 00:15:50',1,'2025-07-11 00:15:50','Mozilla/5.0 (Windows NT 10.0; Win64; x64) AppleWebKit/537.36 (KHTML, like Gecko) Chrome/138.0.0.0 Safari/537.36 Edg/138.0.0.0',NULL),(704,4,'4ENCmkh+TgD79lgLvphqca4i1A18oMp5dh2GmJJv5hs=','2025-07-11 00:16:02','2025-07-18 00:16:02','2025-07-11 01:21:49',1,'2025-07-11 01:21:49','Mozilla/5.0 (Windows NT 10.0; Win64; x64) AppleWebKit/537.36 (KHTML, like Gecko) Chrome/138.0.0.0 Safari/537.36 Edg/138.0.0.0',NULL),(705,3,'/7sHvNe5GFaXQCW5TbANKTL6cm+bJTk1XlHDcmMESv0=','2025-07-11 03:10:40','2025-07-18 03:10:40','2025-07-11 05:35:29',1,'2025-07-11 05:35:29','Mozilla/5.0 (Windows NT 10.0; Win64; x64) AppleWebKit/537.36 (KHTML, like Gecko) Chrome/138.0.0.0 Safari/537.36 Edg/138.0.0.0','2025-07-11 04:01:34'),(706,7,'2ryRfy8ohFyUZCQJRnIMbBGRZEmQZARVeLNfq5XiLwM=','2025-07-11 05:40:28','2025-07-18 05:40:28','2025-07-11 06:02:42',1,'2025-07-11 06:02:42','Mozilla/5.0 (Windows NT 10.0; Win64; x64) AppleWebKit/537.36 (KHTML, like Gecko) Chrome/138.0.0.0 Safari/537.36 Edg/138.0.0.0','2025-07-11 06:02:40'),(707,3,'cWYBuNXUIw3o/Ec1YUu96FNyXSb+sMGyEYFrb6ccL0w=','2025-07-11 06:10:50','2025-07-18 06:10:50','2025-07-11 07:25:41',1,'2025-07-11 07:25:41','Mozilla/5.0 (Windows NT 10.0; Win64; x64) AppleWebKit/537.36 (KHTML, like Gecko) Chrome/138.0.0.0 Safari/537.36 Edg/138.0.0.0','2025-07-11 07:08:03'),(708,3,'Rg6G8KqPfFZbW4nSugyaIe7FUD2kB8ibTfDR8GY9Nzs=','2025-07-11 07:28:19','2025-07-18 07:28:19','2025-07-11 07:57:11',0,NULL,'Mozilla/5.0 (Windows NT 10.0; Win64; x64) AppleWebKit/537.36 (KHTML, like Gecko) Chrome/138.0.0.0 Safari/537.36 Edg/138.0.0.0','2025-07-11 07:57:11'),(709,3,'SqaY8SHkdfn47WJMioN+EHPjJThfX9CypdHNlD4VE7s=','2025-07-11 23:37:48','2025-07-18 23:37:47','2025-07-12 00:54:52',1,'2025-07-12 00:54:52','Mozilla/5.0 (Windows NT 10.0; Win64; x64) AppleWebKit/537.36 (KHTML, like Gecko) Chrome/138.0.0.0 Safari/537.36 Edg/138.0.0.0','2025-07-12 00:35:52'),(710,2,'q+RJIQ0k37y4Ha80X+Gz4Z07r4J536zrOCkujMD616M=','2025-07-12 03:23:47','2025-07-19 03:23:47','2025-07-12 03:25:23',1,'2025-07-12 03:25:23','Mozilla/5.0 (Windows NT 10.0; Win64; x64) AppleWebKit/537.36 (KHTML, like Gecko) Chrome/138.0.0.0 Safari/537.36 Edg/138.0.0.0',NULL),(711,3,'LthpAL7++uVXie/wqmXzlqC5YEs0hZppmy7uCPAyicA=','2025-07-12 03:25:29','2025-07-19 03:25:29','2025-07-12 04:45:32',1,'2025-07-12 04:45:32','Mozilla/5.0 (Windows NT 10.0; Win64; x64) AppleWebKit/537.36 (KHTML, like Gecko) Chrome/138.0.0.0 Safari/537.36 Edg/138.0.0.0','2025-07-12 04:17:22'),(712,3,'UqFvGxgzWZKAIl7CtM+p2dsNES+QdgsdxKYfIiyy3Ug=','2025-07-12 06:01:36','2025-07-19 06:01:36','2025-07-12 07:07:05',1,'2025-07-12 07:07:05','Mozilla/5.0 (Windows NT 10.0; Win64; x64) AppleWebKit/537.36 (KHTML, like Gecko) Chrome/138.0.0.0 Safari/537.36 Edg/138.0.0.0','2025-07-12 06:32:12'),(713,3,'XN4Kg3olyOtLCyYzvAcSEaEjx+J8KMQeGyTqwe+2i2g=','2025-07-12 07:10:58','2025-07-19 07:10:58','2025-07-12 07:27:55',1,'2025-07-12 07:27:55','Mozilla/5.0 (Windows NT 10.0; Win64; x64) AppleWebKit/537.36 (KHTML, like Gecko) Chrome/138.0.0.0 Safari/537.36 Edg/138.0.0.0','2025-07-12 07:23:35'),(714,7,'Y0bR/ZiCiG1ce8NaMA9qYHK0yVdYaNeSxj3I1AfN7K8=','2025-07-12 07:27:59','2025-07-19 07:27:59','2025-07-12 08:01:01',1,'2025-07-12 08:01:01','Mozilla/5.0 (Windows NT 10.0; Win64; x64) AppleWebKit/537.36 (KHTML, like Gecko) Chrome/138.0.0.0 Safari/537.36 Edg/138.0.0.0','2025-07-12 07:32:57'),(715,7,'mUVMhVg4RhvqIr1C9vGVtN6S30wvoumS5dXPqNOSI00=','2025-07-13 23:42:35','2025-07-20 23:42:35','2025-07-14 00:09:10',1,'2025-07-14 00:09:10','Mozilla/5.0 (Windows NT 10.0; Win64; x64) AppleWebKit/537.36 (KHTML, like Gecko) Chrome/138.0.0.0 Safari/537.36 Edg/138.0.0.0','2025-07-14 00:07:09'),(716,7,'pfUUpX3pqE1Q2iVmH+GsNpVYQqeeVpEly/z/L3osBLM=','2025-07-14 00:26:06','2025-07-21 00:26:06','2025-07-14 00:45:49',1,'2025-07-14 00:45:49','Mozilla/5.0 (Windows NT 10.0; Win64; x64) AppleWebKit/537.36 (KHTML, like Gecko) Chrome/138.0.0.0 Safari/537.36 Edg/138.0.0.0','2025-07-14 00:36:41'),(717,2,'15vr89JsJgdKuQtyuiYDw+x1nBNEyN08k92oNiHEcGE=','2025-07-14 00:45:59','2025-07-21 00:45:59','2025-07-14 00:46:42',1,'2025-07-14 00:46:42','Mozilla/5.0 (Windows NT 10.0; Win64; x64) AppleWebKit/537.36 (KHTML, like Gecko) Chrome/138.0.0.0 Safari/537.36 Edg/138.0.0.0',NULL),(718,3,'uaKxhDnnTla7ryx3t6ih1xacK3oJS1t0F+lFNR+06Ss=','2025-07-14 00:46:51','2025-07-21 00:46:51','2025-07-14 00:55:17',1,'2025-07-14 00:55:17','Mozilla/5.0 (Windows NT 10.0; Win64; x64) AppleWebKit/537.36 (KHTML, like Gecko) Chrome/138.0.0.0 Safari/537.36 Edg/138.0.0.0',NULL),(719,4,'7n0iN9MmHqIf1P6tAHAdqiKA3g5z3pTudY1SwwDrs44=','2025-07-14 00:55:26','2025-07-21 00:55:26','2025-07-14 01:29:21',1,'2025-07-14 01:29:21','Mozilla/5.0 (Windows NT 10.0; Win64; x64) AppleWebKit/537.36 (KHTML, like Gecko) Chrome/138.0.0.0 Safari/537.36 Edg/138.0.0.0','2025-07-14 01:29:14'),(720,3,'DFeK52aB0EliJ8WhSYr7OKoGcqjYdviO/dxJfU/Zc1o=','2025-07-14 01:29:24','2025-07-21 01:29:24','2025-07-14 01:31:43',1,'2025-07-14 01:31:43','Mozilla/5.0 (Windows NT 10.0; Win64; x64) AppleWebKit/537.36 (KHTML, like Gecko) Chrome/138.0.0.0 Safari/537.36 Edg/138.0.0.0',NULL),(721,4,'q9ALpvxfsSqy1k08lvNoqD/ue/VgNxMvhGY7w90+tjk=','2025-07-14 01:31:47','2025-07-21 01:31:47','2025-07-14 02:36:32',1,'2025-07-14 02:36:32','Mozilla/5.0 (Windows NT 10.0; Win64; x64) AppleWebKit/537.36 (KHTML, like Gecko) Chrome/138.0.0.0 Safari/537.36 Edg/138.0.0.0','2025-07-14 02:18:26'),(722,4,'82KBZXKd/zsZEUCYeF91Sn7bp7xBFA82Yr9aSTkwBTs=','2025-07-14 02:35:00','2025-07-21 02:35:00','2025-07-14 02:36:21',1,'2025-07-14 02:36:21','Mozilla/5.0 (Windows NT 10.0; Win64; x64) AppleWebKit/537.36 (KHTML, like Gecko) Chrome/138.0.0.0 Safari/537.36',NULL),(723,4,'cQyZp16A8U1IxFRmQF2cP2/6scC9jqov1aXyLXfSlVg=','2025-07-14 02:36:36','2025-07-21 02:36:36','2025-07-14 03:38:02',1,'2025-07-14 03:38:02','Mozilla/5.0 (Windows NT 10.0; Win64; x64) AppleWebKit/537.36 (KHTML, like Gecko) Chrome/138.0.0.0 Safari/537.36 Edg/138.0.0.0','2025-07-14 03:35:06'),(724,4,'Ggr8zSX/B88X0g1It3scd0Aai/3HC6X7WguGc+vlr6U=','2025-07-14 14:24:16','2025-07-21 14:24:16','2025-07-14 15:28:23',1,'2025-07-14 15:28:23','Mozilla/5.0 (Windows NT 10.0; Win64; x64) AppleWebKit/537.36 (KHTML, like Gecko) Chrome/138.0.0.0 Safari/537.36 Edg/138.0.0.0','2025-07-14 15:17:02'),(725,4,'vzbvTIC7w0ZgAwXCIG0H9deBGDqN7eBgKuSGUk0jk14=','2025-07-14 15:28:30','2025-07-21 15:28:30','2025-07-14 16:42:00',1,'2025-07-14 16:42:00','Mozilla/5.0 (Windows NT 10.0; Win64; x64) AppleWebKit/537.36 (KHTML, like Gecko) Chrome/138.0.0.0 Safari/537.36 Edg/138.0.0.0','2025-07-14 16:17:14'),(726,4,'rqQasCImro/9iD8IBvM4DaO/O0xoCH+OyDzGtYs2wb0=','2025-07-14 16:47:50','2025-07-21 16:47:50','2025-07-14 16:48:27',1,'2025-07-14 16:48:27','Mozilla/5.0 (Windows NT 10.0; Win64; x64) AppleWebKit/537.36 (KHTML, like Gecko) Chrome/138.0.0.0 Safari/537.36 Edg/138.0.0.0',NULL),(727,7,'4k3ITKwXnXFZmRrbd6tVWuAUErokhwD2Da2qbZkKNKA=','2025-07-14 16:48:30','2025-07-21 16:48:30','2025-07-14 17:02:29',1,'2025-07-14 17:02:29','Mozilla/5.0 (Windows NT 10.0; Win64; x64) AppleWebKit/537.36 (KHTML, like Gecko) Chrome/138.0.0.0 Safari/537.36 Edg/138.0.0.0','2025-07-14 17:01:38'),(728,4,'5iboZSKWdIoY/TFUCPSNtz2w1RnTaYmIcF4721Rcwn4=','2025-07-14 17:02:35','2025-07-21 17:02:35','2025-07-14 17:38:40',0,NULL,'Mozilla/5.0 (Windows NT 10.0; Win64; x64) AppleWebKit/537.36 (KHTML, like Gecko) Chrome/138.0.0.0 Safari/537.36 Edg/138.0.0.0','2025-07-14 17:38:40'),(729,4,'DPcmm9NCbX98Pli33eyT7WYVW+mJCPD8Ik9hGh2CNkM=','2025-07-15 12:43:14','2025-07-22 12:43:14','2025-07-15 14:50:10',1,'2025-07-15 14:50:10','Mozilla/5.0 (Windows NT 10.0; Win64; x64) AppleWebKit/537.36 (KHTML, like Gecko) Chrome/138.0.0.0 Safari/537.36 Edg/138.0.0.0','2025-07-15 13:37:29'),(730,2,'BmbCL0inlNvKmR/dAYh9KII1viiZkYoWc+VJ7xKK0VQ=','2025-07-15 14:50:17','2025-07-22 14:50:17','2025-07-15 14:51:28',1,'2025-07-15 14:51:28','Mozilla/5.0 (Windows NT 10.0; Win64; x64) AppleWebKit/537.36 (KHTML, like Gecko) Chrome/138.0.0.0 Safari/537.36 Edg/138.0.0.0',NULL),(731,3,'n20kOYv3qSNHEW1A6vLJ8tlF0RzrFkTXR9plyo2tKgQ=','2025-07-15 14:51:31','2025-07-22 14:51:31','2025-07-15 15:14:39',1,'2025-07-15 15:14:39','Mozilla/5.0 (Windows NT 10.0; Win64; x64) AppleWebKit/537.36 (KHTML, like Gecko) Chrome/138.0.0.0 Safari/537.36 Edg/138.0.0.0','2025-07-15 15:14:26'),(732,9,'dCTZrCMQ10S39tjTf53RwkHpYjZxglUtdPl14pLjgrk=','2025-07-15 15:15:35','2025-07-22 15:15:35','2025-07-15 15:28:05',1,'2025-07-15 15:28:05','Mozilla/5.0 (Windows NT 10.0; Win64; x64) AppleWebKit/537.36 (KHTML, like Gecko) Chrome/138.0.0.0 Safari/537.36 Edg/138.0.0.0','2025-07-15 15:21:39'),(733,7,'27wiqAFDMxcnERbZzMq1og/wrMrkvymrvaCop7Tatvg=','2025-07-15 15:28:11','2025-07-22 15:28:11','2025-07-15 15:28:24',1,'2025-07-15 15:28:24','Mozilla/5.0 (Windows NT 10.0; Win64; x64) AppleWebKit/537.36 (KHTML, like Gecko) Chrome/138.0.0.0 Safari/537.36 Edg/138.0.0.0',NULL),(734,9,'YVHahFlmyOYskqSywRu0qgDXb6Vk8OCG8oFxWeF9gmQ=','2025-07-15 15:28:28','2025-07-22 15:28:28','2025-07-15 15:29:27',1,'2025-07-15 15:29:27','Mozilla/5.0 (Windows NT 10.0; Win64; x64) AppleWebKit/537.36 (KHTML, like Gecko) Chrome/138.0.0.0 Safari/537.36 Edg/138.0.0.0',NULL),(735,7,'yW4Nq17sJAS0cfVuM9OTWwcoydGfaCzqcF5GJibCmn8=','2025-07-15 15:29:32','2025-07-22 15:29:32','2025-07-15 15:35:44',1,'2025-07-15 15:35:44','Mozilla/5.0 (Windows NT 10.0; Win64; x64) AppleWebKit/537.36 (KHTML, like Gecko) Chrome/138.0.0.0 Safari/537.36 Edg/138.0.0.0','2025-07-15 15:34:35'),(736,9,'435JCAPh2a+mBG8JyJjl5nSmkeqtKTnI5Nh6JA8dkms=','2025-07-15 15:35:50','2025-07-22 15:35:50','2025-07-15 16:20:38',1,'2025-07-15 16:20:38','Mozilla/5.0 (Windows NT 10.0; Win64; x64) AppleWebKit/537.36 (KHTML, like Gecko) Chrome/138.0.0.0 Safari/537.36 Edg/138.0.0.0','2025-07-15 16:18:22'),(737,9,'PpP6vXz2xf4e4eOT+p8MQpPYlEfb2sHD892IKryiLfQ=','2025-07-15 16:20:43','2025-07-22 16:20:43','2025-07-15 16:21:48',1,'2025-07-15 16:21:48','Mozilla/5.0 (Windows NT 10.0; Win64; x64) AppleWebKit/537.36 (KHTML, like Gecko) Chrome/138.0.0.0 Safari/537.36 Edg/138.0.0.0',NULL),(738,7,'VH4nNYMbIRu8HORCLqbZqG7c8KJ+8Dz+FSZEjz6k8BQ=','2025-07-15 16:22:43','2025-07-22 16:22:43','2025-07-15 16:35:21',1,'2025-07-15 16:35:21','Mozilla/5.0 (Windows NT 10.0; Win64; x64) AppleWebKit/537.36 (KHTML, like Gecko) Chrome/138.0.0.0 Safari/537.36 Edg/138.0.0.0','2025-07-15 16:35:18'),(739,4,'WIhezTGo7uTzhcHj3q2IuPr4lhE+I8nbWlRlFzWVryU=','2025-07-15 16:35:24','2025-07-22 16:35:24','2025-07-15 16:48:43',1,'2025-07-15 16:48:43','Mozilla/5.0 (Windows NT 10.0; Win64; x64) AppleWebKit/537.36 (KHTML, like Gecko) Chrome/138.0.0.0 Safari/537.36 Edg/138.0.0.0','2025-07-15 16:48:29'),(740,9,'xLcS1bcLkITBXS6q5vtUXdmFV8GRBvMVCmiqugKsdF8=','2025-07-15 16:48:51','2025-07-22 16:48:51','2025-07-15 16:53:26',1,'2025-07-15 16:53:26','Mozilla/5.0 (Windows NT 10.0; Win64; x64) AppleWebKit/537.36 (KHTML, like Gecko) Chrome/138.0.0.0 Safari/537.36 Edg/138.0.0.0',NULL),(741,9,'ein7QVVhQvtZLbVEgObZA0r6ptpbMZlK4VaTca6HIJ4=','2025-07-15 16:53:31','2025-07-22 16:53:31','2025-07-15 17:05:06',1,'2025-07-15 17:05:06','Mozilla/5.0 (Windows NT 10.0; Win64; x64) AppleWebKit/537.36 (KHTML, like Gecko) Chrome/138.0.0.0 Safari/537.36 Edg/138.0.0.0','2025-07-15 16:59:28'),(742,9,'zufzLE6dLyU3fUlsvbBg7oKkz8EkOoxn+VJCivUvaAo=','2025-07-15 17:08:16','2025-07-22 17:08:16','2025-07-15 17:18:11',1,'2025-07-15 17:18:11','Mozilla/5.0 (Windows NT 10.0; Win64; x64) AppleWebKit/537.36 (KHTML, like Gecko) Chrome/138.0.0.0 Safari/537.36 Edg/138.0.0.0','2025-07-15 17:13:48'),(743,3,'GH7h/vGx16p0DYB5DK7eykgzo7mGMp4pswjfP4R5Yv4=','2025-07-15 17:18:20','2025-07-22 17:18:20','2025-07-15 17:21:22',1,'2025-07-15 17:21:22','Mozilla/5.0 (Windows NT 10.0; Win64; x64) AppleWebKit/537.36 (KHTML, like Gecko) Chrome/138.0.0.0 Safari/537.36 Edg/138.0.0.0',NULL),(744,7,'ZUyUSgy1k1S5IQ2yrODD/wIE2Rc7g+z8hklluoLplTM=','2025-07-15 19:28:10','2025-07-22 19:28:10','2025-07-15 19:47:37',1,'2025-07-15 19:47:37','Mozilla/5.0 (Windows NT 10.0; Win64; x64) AppleWebKit/537.36 (KHTML, like Gecko) Chrome/138.0.0.0 Safari/537.36 Edg/138.0.0.0','2025-07-15 19:46:34'),(745,9,'R0HN86hxSmxwulyZjzi2yWd/s9bblyQaWz42prhLP+Q=','2025-07-15 21:41:50','2025-07-22 21:41:50','2025-07-15 21:42:00',1,'2025-07-15 21:42:00','Mozilla/5.0 (Windows NT 10.0; Win64; x64) AppleWebKit/537.36 (KHTML, like Gecko) Chrome/138.0.0.0 Safari/537.36 Edg/138.0.0.0',NULL),(746,7,'JE8aRtI5znfnDSj/fkDM8vgjr8fssiTpYy7OOWaYaxE=','2025-07-15 21:42:05','2025-07-22 21:42:05','2025-07-15 21:51:18',1,'2025-07-15 21:51:18','Mozilla/5.0 (Windows NT 10.0; Win64; x64) AppleWebKit/537.36 (KHTML, like Gecko) Chrome/138.0.0.0 Safari/537.36 Edg/138.0.0.0','2025-07-15 21:49:20'),(747,3,'XAlvPWmE111CAtbm9icnjJkfdGRkbf0+WkyljjkhudU=','2025-07-15 21:51:32','2025-07-22 21:51:32','2025-07-15 21:55:12',1,'2025-07-15 21:55:12','Mozilla/5.0 (Windows NT 10.0; Win64; x64) AppleWebKit/537.36 (KHTML, like Gecko) Chrome/138.0.0.0 Safari/537.36 Edg/138.0.0.0',NULL),(748,7,'+5tk17SbTq0Rvu7ayf2lO50W1GzS5N8dJv0e43lJQlo=','2025-07-15 22:06:30','2025-07-22 22:06:30','2025-07-15 22:18:45',1,'2025-07-15 22:18:45','Mozilla/5.0 (Windows NT 10.0; Win64; x64) AppleWebKit/537.36 (KHTML, like Gecko) Chrome/138.0.0.0 Safari/537.36 Edg/138.0.0.0',NULL),(749,3,'oMQ7I37ETOW0X07TXoxuJaCCoDgs2k2+xQThpVRoc7A=','2025-07-16 09:16:03','2025-07-23 09:16:03','2025-07-16 09:17:51',1,'2025-07-16 09:17:51','Mozilla/5.0 (Windows NT 10.0; Win64; x64) AppleWebKit/537.36 (KHTML, like Gecko) Chrome/138.0.0.0 Safari/537.36 Edg/138.0.0.0',NULL),(750,7,'/O3DO7/QDX9bm9+8pLB9xUrftY+eQKGP9cV7jgH9eeI=','2025-07-16 09:17:55','2025-07-23 09:17:55','2025-07-16 09:26:10',0,NULL,'Mozilla/5.0 (Windows NT 10.0; Win64; x64) AppleWebKit/537.36 (KHTML, like Gecko) Chrome/138.0.0.0 Safari/537.36 Edg/138.0.0.0','2025-07-16 09:26:10'),(751,7,'41srMHYUwKczIIUf85r/rpo4ME7kusc5QUY3PTnxkwI=','2025-07-16 09:47:48','2025-07-23 09:47:48','2025-07-16 09:50:36',1,'2025-07-16 09:50:36','Mozilla/5.0 (Windows NT 10.0; Win64; x64) AppleWebKit/537.36 (KHTML, like Gecko) Chrome/138.0.0.0 Safari/537.36 Edg/138.0.0.0',NULL),(752,9,'SuiBc6Q/g2HMiMj+m3rS8xlNx0+jsMeegH4v7nU/Kg8=','2025-07-16 09:50:40','2025-07-23 09:50:40','2025-07-16 10:40:21',1,'2025-07-16 10:40:21','Mozilla/5.0 (Windows NT 10.0; Win64; x64) AppleWebKit/537.36 (KHTML, like Gecko) Chrome/138.0.0.0 Safari/537.36 Edg/138.0.0.0','2025-07-16 10:16:44'),(753,3,'43JXRukejVF8skYOBW4gHJt/mbLUd3eQWdWarkD++AQ=','2025-07-16 10:40:27','2025-07-23 10:40:27','2025-07-16 11:52:51',1,'2025-07-16 11:52:51','Mozilla/5.0 (Windows NT 10.0; Win64; x64) AppleWebKit/537.36 (KHTML, like Gecko) Chrome/138.0.0.0 Safari/537.36 Edg/138.0.0.0','2025-07-16 11:33:49'),(754,3,'TgMTckBQ1PMUSBGMNQ1u37VIJJNKHZS5fUhOjVI08xA=','2025-07-16 11:52:55','2025-07-23 11:52:55','2025-07-16 12:14:11',1,'2025-07-16 12:14:11','Mozilla/5.0 (Windows NT 10.0; Win64; x64) AppleWebKit/537.36 (KHTML, like Gecko) Chrome/138.0.0.0 Safari/537.36 Edg/138.0.0.0','2025-07-16 12:13:13'),(755,10,'hfUfHvG7Yu+jpMO7WZ6mMeOSq+xiZJg9GZwcrGR+FgM=','2025-07-16 12:14:16','2025-07-23 12:14:16','2025-07-16 12:20:20',1,'2025-07-16 12:20:20','Mozilla/5.0 (Windows NT 10.0; Win64; x64) AppleWebKit/537.36 (KHTML, like Gecko) Chrome/138.0.0.0 Safari/537.36 Edg/138.0.0.0',NULL),(756,7,'B2ODUEj0Jj2bbbNUPxs7pLNncWctfLfp0YwYod7vjs4=','2025-07-16 12:20:24','2025-07-23 12:20:24','2025-07-16 12:20:33',1,'2025-07-16 12:20:33','Mozilla/5.0 (Windows NT 10.0; Win64; x64) AppleWebKit/537.36 (KHTML, like Gecko) Chrome/138.0.0.0 Safari/537.36 Edg/138.0.0.0',NULL),(757,10,'5/CQglahxT90Ns4aAVmrX1fOHIJEKzmar+DUmEYggrw=','2025-07-16 12:20:37','2025-07-23 12:20:37','2025-07-16 12:58:58',1,'2025-07-16 12:58:58','Mozilla/5.0 (Windows NT 10.0; Win64; x64) AppleWebKit/537.36 (KHTML, like Gecko) Chrome/138.0.0.0 Safari/537.36 Edg/138.0.0.0','2025-07-16 12:48:02'),(758,10,'KbixLRGx2/6Xdl6TwwSs/Z7l8l+kJLS9rN+E/xhLs2k=','2025-07-16 12:59:02','2025-07-23 12:59:02','2025-07-16 13:18:07',1,'2025-07-16 13:18:07','Mozilla/5.0 (Windows NT 10.0; Win64; x64) AppleWebKit/537.36 (KHTML, like Gecko) Chrome/138.0.0.0 Safari/537.36 Edg/138.0.0.0','2025-07-16 13:17:59'),(759,10,'QgoFzq6ZncPNZ3PIeGIMef/wcA2j3F403OCMvsdaIL0=','2025-07-16 13:18:12','2025-07-23 13:18:12','2025-07-16 13:27:27',1,'2025-07-16 13:27:27','Mozilla/5.0 (Windows NT 10.0; Win64; x64) AppleWebKit/537.36 (KHTML, like Gecko) Chrome/138.0.0.0 Safari/537.36 Edg/138.0.0.0','2025-07-16 13:23:27'),(760,7,'gpTzPF6Y0M+yMKOlB5g3mxR8mIsb7vPtULlymdnJUG8=','2025-07-16 13:27:31','2025-07-23 13:27:31','2025-07-16 13:41:37',1,'2025-07-16 13:41:37','Mozilla/5.0 (Windows NT 10.0; Win64; x64) AppleWebKit/537.36 (KHTML, like Gecko) Chrome/138.0.0.0 Safari/537.36 Edg/138.0.0.0','2025-07-16 13:40:30'),(761,10,'UhUH4Oh2eH/k2+yJphabvmIB/KMevdpRe6k0zw0zlXA=','2025-07-16 13:41:41','2025-07-23 13:41:41','2025-07-16 13:41:54',1,'2025-07-16 13:41:54','Mozilla/5.0 (Windows NT 10.0; Win64; x64) AppleWebKit/537.36 (KHTML, like Gecko) Chrome/138.0.0.0 Safari/537.36 Edg/138.0.0.0',NULL),(762,9,'hBBlLwVrP8sFvVIo716Pu2XiK71sWMt36lT6asFHdQI=','2025-07-16 13:42:00','2025-07-23 13:42:00','2025-07-16 14:56:42',1,'2025-07-16 14:56:42','Mozilla/5.0 (Windows NT 10.0; Win64; x64) AppleWebKit/537.36 (KHTML, like Gecko) Chrome/138.0.0.0 Safari/537.36 Edg/138.0.0.0','2025-07-16 13:48:10'),(763,7,'gS7POG1b1Q7E80WFk2MtmrG9olgQAiLzHKn12Oo10p4=','2025-07-16 14:57:10','2025-07-23 14:57:10','2025-07-16 15:11:29',1,'2025-07-16 15:11:29','Mozilla/5.0 (Windows NT 10.0; Win64; x64) AppleWebKit/537.36 (KHTML, like Gecko) Chrome/138.0.0.0 Safari/537.36 Edg/138.0.0.0',NULL),(764,9,'mI1FH0i0XZBlXOP7T34Pyh5jIf3cuvMsjF5+jvvQ3hM=','2025-07-16 15:11:34','2025-07-23 15:11:34','2025-07-16 15:42:51',1,'2025-07-16 15:42:51','Mozilla/5.0 (Windows NT 10.0; Win64; x64) AppleWebKit/537.36 (KHTML, like Gecko) Chrome/138.0.0.0 Safari/537.36 Edg/138.0.0.0','2025-07-16 15:40:26'),(765,4,'uo5NsNTsqt2BNKu4wpmPgp0MdrTpGtlU3pwFEe1im3o=','2025-07-16 15:42:55','2025-07-23 15:42:55','2025-07-16 16:19:10',0,NULL,'Mozilla/5.0 (Windows NT 10.0; Win64; x64) AppleWebKit/537.36 (KHTML, like Gecko) Chrome/138.0.0.0 Safari/537.36 Edg/138.0.0.0','2025-07-16 16:19:10'),(766,4,'i0LZ1oS3F84Tu+wzXTMQPHF0D5zsh2w+8LiaMr6c3QA=','2025-07-16 16:19:20','2025-07-23 16:19:20','2025-07-16 17:08:22',1,'2025-07-16 17:08:22','Mozilla/5.0 (Windows NT 10.0; Win64; x64) AppleWebKit/537.36 (KHTML, like Gecko) Chrome/138.0.0.0 Safari/537.36 Edg/138.0.0.0','2025-07-16 17:06:19'),(767,7,'Hse6mHezCi9Scuug2dJF+qcNJFoW11gKjAsOQy+i4As=','2025-07-16 17:08:25','2025-07-23 17:08:25','2025-07-16 17:08:25',0,NULL,'Mozilla/5.0 (Windows NT 10.0; Win64; x64) AppleWebKit/537.36 (KHTML, like Gecko) Chrome/138.0.0.0 Safari/537.36 Edg/138.0.0.0',NULL),(768,6,'emwlvO8/43EB+aKWieAN5uMCv084hiiUN0XvxzLxbrY=','2025-07-16 17:14:56','2025-07-23 17:14:56','2025-07-16 17:22:37',0,NULL,'Mozilla/5.0 (Windows NT 10.0; Win64; x64) AppleWebKit/537.36 (KHTML, like Gecko) Chrome/138.0.0.0 Safari/537.36 Edg/138.0.0.0','2025-07-16 17:22:37'),(769,6,'8Tt118N6YHH47Wlw3tGOyhRQW3oC6q9qxVk3ja8NPaI=','2025-07-16 17:22:44','2025-07-23 17:22:44','2025-07-16 17:22:44',0,NULL,'Mozilla/5.0 (Windows NT 10.0; Win64; x64) AppleWebKit/537.36 (KHTML, like Gecko) Chrome/138.0.0.0 Safari/537.36 Edg/138.0.0.0',NULL),(770,6,'d6y96sXpZMEkuxPIpzhhTcFeOx5htSIgR9smaIyWF2g=','2025-07-16 17:31:45','2025-07-23 17:31:45','2025-07-16 17:34:28',1,'2025-07-16 17:34:28','Mozilla/5.0 (Windows NT 10.0; Win64; x64) AppleWebKit/537.36 (KHTML, like Gecko) Chrome/138.0.0.0 Safari/537.36 Edg/138.0.0.0',NULL),(771,10,'m0yq5c1AzixZ7ek/fu/yIdUz2aldH0OXoseC95q8XmU=','2025-07-16 17:34:32','2025-07-23 17:34:32','2025-07-16 17:37:55',1,'2025-07-16 17:37:55','Mozilla/5.0 (Windows NT 10.0; Win64; x64) AppleWebKit/537.36 (KHTML, like Gecko) Chrome/138.0.0.0 Safari/537.36 Edg/138.0.0.0',NULL),(772,3,'qWIOcyvTmZ1Tbi2jO8pf3wJOpsRtcD/f6tMlLywnDxU=','2025-07-16 17:37:59','2025-07-23 17:37:59','2025-07-16 17:39:36',1,'2025-07-16 17:39:36','Mozilla/5.0 (Windows NT 10.0; Win64; x64) AppleWebKit/537.36 (KHTML, like Gecko) Chrome/138.0.0.0 Safari/537.36 Edg/138.0.0.0',NULL),(773,10,'ByUd/EFR3gkBvh/uMBM7BtxKgX5xrmwXMkkkn1JNMbM=','2025-07-16 17:39:45','2025-07-23 17:39:45','2025-07-16 17:47:18',1,'2025-07-16 17:47:18','Mozilla/5.0 (Windows NT 10.0; Win64; x64) AppleWebKit/537.36 (KHTML, like Gecko) Chrome/138.0.0.0 Safari/537.36 Edg/138.0.0.0',NULL),(774,4,'gTXbHLXfplOFcGjuunfd83q9YiaJ/c5p+apSrmR2nqc=','2025-07-18 09:46:49','2025-07-25 09:46:49','2025-07-18 10:23:41',0,NULL,'Mozilla/5.0 (Windows NT 10.0; Win64; x64) AppleWebKit/537.36 (KHTML, like Gecko) Chrome/138.0.0.0 Safari/537.36 Edg/138.0.0.0','2025-07-18 10:23:41'),(775,4,'UtbO9Uskt2+y4I1nUHmcY/io/Fggg7TsuxO66XSnKPM=','2025-07-18 10:47:12','2025-07-25 10:47:12','2025-07-18 10:49:19',1,'2025-07-18 10:49:19','Mozilla/5.0 (Windows NT 10.0; Win64; x64) AppleWebKit/537.36 (KHTML, like Gecko) Chrome/138.0.0.0 Safari/537.36 Edg/138.0.0.0',NULL),(776,4,'4yiL06Zlq7La0rSk6MnwAqIw1q4bGavtbdRHra+hfQ8=','2025-07-18 10:49:27','2025-07-25 10:49:27','2025-07-18 10:49:27',0,NULL,'Mozilla/5.0 (Windows NT 10.0; Win64; x64) AppleWebKit/537.36 (KHTML, like Gecko) Chrome/138.0.0.0 Safari/537.36 Edg/138.0.0.0',NULL),(777,4,'E72H+vjxnPADXAKZJFDpCxIDZ0WZ83BnCb7uDjug48s=','2025-07-18 10:53:30','2025-07-25 10:53:30','2025-07-18 11:03:55',0,NULL,'Mozilla/5.0 (Windows NT 10.0; Win64; x64) AppleWebKit/537.36 (KHTML, like Gecko) Chrome/138.0.0.0 Safari/537.36 Edg/138.0.0.0','2025-07-18 11:03:55'),(778,4,'rTyqgTMl9mGD0icjYC5UISQiq/xDPBvvTnolUB6VKV4=','2025-07-18 11:05:22','2025-07-25 11:05:22','2025-07-18 11:05:22',0,NULL,'Mozilla/5.0 (Windows NT 10.0; Win64; x64) AppleWebKit/537.36 (KHTML, like Gecko) Chrome/138.0.0.0 Safari/537.36 Edg/138.0.0.0',NULL),(779,4,'bVBnshXkK6qH5s1SYpI5L4P/mGrJLM0awDStNfJOX/Q=','2025-07-18 11:09:22','2025-07-25 11:09:22','2025-07-18 11:09:22',0,NULL,'Mozilla/5.0 (Windows NT 10.0; Win64; x64) AppleWebKit/537.36 (KHTML, like Gecko) Chrome/138.0.0.0 Safari/537.36 Edg/138.0.0.0',NULL),(780,4,'5Zsjg3RafC+/29vgu3Rl0wxIMGxVbfhAZ2uoGAgmOHo=','2025-07-18 11:13:51','2025-07-25 11:13:51','2025-07-18 11:13:51',0,NULL,'Mozilla/5.0 (Windows NT 10.0; Win64; x64) AppleWebKit/537.36 (KHTML, like Gecko) Chrome/138.0.0.0 Safari/537.36 Edg/138.0.0.0',NULL),(781,4,'JQG5G7dBg971ZkXUy1ptJU0eJrrVJ642sKc6wqicm9s=','2025-07-18 11:27:02','2025-07-25 11:27:02','2025-07-18 11:43:29',0,NULL,'Mozilla/5.0 (Windows NT 10.0; Win64; x64) AppleWebKit/537.36 (KHTML, like Gecko) Chrome/138.0.0.0 Safari/537.36 Edg/138.0.0.0','2025-07-18 11:43:29'),(782,4,'2NJzpRkOkf3HnPrYbiW352dzJHEF1P+vgXCGx1LH0/Y=','2025-07-18 12:04:40','2025-07-25 12:04:40','2025-07-18 12:17:58',0,NULL,'Mozilla/5.0 (Windows NT 10.0; Win64; x64) AppleWebKit/537.36 (KHTML, like Gecko) Chrome/138.0.0.0 Safari/537.36 Edg/138.0.0.0','2025-07-18 12:17:58'),(783,4,'nn8u6n0wOdQzJiFY69HtqGyPEBQ4CGr9QNMdVTFTU6Q=','2025-07-18 12:20:35','2025-07-25 12:20:35','2025-07-18 12:20:35',0,NULL,'Mozilla/5.0 (Windows NT 10.0; Win64; x64) AppleWebKit/537.36 (KHTML, like Gecko) Chrome/138.0.0.0 Safari/537.36 Edg/138.0.0.0',NULL),(784,4,'iRW+zNsHBX73Mk/R/Mc7ESXt0WzZs4WehCM1dmpRCTQ=','2025-07-18 12:21:59','2025-07-25 12:21:59','2025-07-18 12:21:59',0,NULL,'Mozilla/5.0 (Windows NT 10.0; Win64; x64) AppleWebKit/537.36 (KHTML, like Gecko) Chrome/138.0.0.0 Safari/537.36 Edg/138.0.0.0',NULL),(785,4,'KRnvpZiSkxwBKjNbYDGCVyzeYRAP2A/xmdUgbcMoaFY=','2025-07-18 12:44:07','2025-07-25 12:44:07','2025-07-18 12:44:07',0,NULL,'Mozilla/5.0 (Windows NT 10.0; Win64; x64) AppleWebKit/537.36 (KHTML, like Gecko) Chrome/138.0.0.0 Safari/537.36 Edg/138.0.0.0',NULL),(786,4,'TK3P63OuACDlXJgLPTo2rFxFrQzOkIkQS46gvZN9Jxo=','2025-07-18 12:44:32','2025-07-25 12:44:32','2025-07-18 12:50:05',1,'2025-07-18 12:50:05','Mozilla/5.0 (Windows NT 10.0; Win64; x64) AppleWebKit/537.36 (KHTML, like Gecko) Chrome/138.0.0.0 Safari/537.36 Edg/138.0.0.0','2025-07-18 12:50:03'),(787,4,'BKFeIVnbchgaQtpRSWZXlF64yO5B2vEX1FTIzS14fio=','2025-07-18 12:50:28','2025-07-25 12:50:28','2025-07-18 12:50:28',0,NULL,'Mozilla/5.0 (Windows NT 10.0; Win64; x64) AppleWebKit/537.36 (KHTML, like Gecko) Chrome/138.0.0.0 Safari/537.36 Edg/138.0.0.0',NULL),(788,4,'VMibWk2AkRdj9u5Y9GUad2Ayy4F5v+eoPb53x+LJmRc=','2025-07-18 12:53:36','2025-07-25 12:53:36','2025-07-18 12:58:53',0,NULL,'Mozilla/5.0 (Windows NT 10.0; Win64; x64) AppleWebKit/537.36 (KHTML, like Gecko) Chrome/138.0.0.0 Safari/537.36 Edg/138.0.0.0','2025-07-18 12:58:53'),(789,4,'hWW57q4B7J4KXyCxtMFSYXX8kJGSij+9w2I1SeCcqkQ=','2025-07-18 12:58:56','2025-07-25 12:58:56','2025-07-18 12:58:56',0,NULL,'Mozilla/5.0 (Windows NT 10.0; Win64; x64) AppleWebKit/537.36 (KHTML, like Gecko) Chrome/138.0.0.0 Safari/537.36 Edg/138.0.0.0',NULL),(790,4,'zjYlaNIcU5QH32FP6fJ3taMtCPmTKPjuT99ZRIlqrjU=','2025-07-18 13:02:43','2025-07-25 13:02:43','2025-07-18 13:02:43',0,NULL,'Mozilla/5.0 (Windows NT 10.0; Win64; x64) AppleWebKit/537.36 (KHTML, like Gecko) Chrome/138.0.0.0 Safari/537.36 Edg/138.0.0.0',NULL),(791,4,'0h7tGf87vYknqsQLA+mPU3WXr1Z5DqSAWnlmTg54OZ8=','2025-07-18 13:04:59','2025-07-25 13:04:59','2025-07-18 13:10:54',0,NULL,'Mozilla/5.0 (Windows NT 10.0; Win64; x64) AppleWebKit/537.36 (KHTML, like Gecko) Chrome/138.0.0.0 Safari/537.36 Edg/138.0.0.0','2025-07-18 13:10:54'),(792,4,'FDdYVQIjBH1wByBvHkdMcndU2kxuzJyp9BL4ZXjr/8E=','2025-07-18 13:29:03','2025-07-25 13:29:03','2025-07-18 13:34:27',0,NULL,'Mozilla/5.0 (Windows NT 10.0; Win64; x64) AppleWebKit/537.36 (KHTML, like Gecko) Chrome/138.0.0.0 Safari/537.36 Edg/138.0.0.0','2025-07-18 13:34:27'),(793,4,'D/tFKEMWjGIo0W1H6dk57M9vd7Iy6+jIta9moijb+1s=','2025-07-18 13:35:20','2025-07-25 13:35:20','2025-07-18 13:48:48',0,NULL,'Mozilla/5.0 (Windows NT 10.0; Win64; x64) AppleWebKit/537.36 (KHTML, like Gecko) Chrome/138.0.0.0 Safari/537.36 Edg/138.0.0.0','2025-07-18 13:48:48'),(794,4,'1rpXQq3FC2RaLloUMTTbO+5JEBdcA8d+CILbd1AYBIQ=','2025-07-18 13:59:18','2025-07-25 13:59:18','2025-07-18 13:59:18',0,NULL,'Mozilla/5.0 (Windows NT 10.0; Win64; x64) AppleWebKit/537.36 (KHTML, like Gecko) Chrome/138.0.0.0 Safari/537.36 Edg/138.0.0.0',NULL),(795,4,'ahDbr1gidvu5xj9Y+pqw7Cm/A7WCBGoK/pJISzTqw/8=','2025-07-18 15:24:50','2025-07-25 15:24:50','2025-07-18 15:25:04',1,'2025-07-18 15:25:04','Mozilla/5.0 (Windows NT 10.0; Win64; x64) AppleWebKit/537.36 (KHTML, like Gecko) Chrome/138.0.0.0 Safari/537.36 Edg/138.0.0.0',NULL),(796,4,'eqYSTblT4SBHhbraRsTZ/8nXrTIgUYW4GEGaz4AKxHE=','2025-07-18 15:26:07','2025-07-25 15:26:07','2025-07-18 15:26:07',0,NULL,'Mozilla/5.0 (Windows NT 10.0; Win64; x64) AppleWebKit/537.36 (KHTML, like Gecko) Chrome/138.0.0.0 Safari/537.36 Edg/138.0.0.0',NULL),(797,4,'H8Y1E+XbhRUfbgmCEea7xJd49B0H8BOaqbM+hFOtzjA=','2025-07-18 15:27:43','2025-07-25 15:27:43','2025-07-18 15:27:43',0,NULL,'Mozilla/5.0 (Windows NT 10.0; Win64; x64) AppleWebKit/537.36 (KHTML, like Gecko) Chrome/138.0.0.0 Safari/537.36 Edg/138.0.0.0',NULL),(798,4,'EKygNcYxB4AUhUTJabJFa91SewD0SaUA9dMhqcD741w=','2025-07-18 15:33:08','2025-07-25 15:33:08','2025-07-18 15:33:08',0,NULL,'Mozilla/5.0 (Windows NT 10.0; Win64; x64) AppleWebKit/537.36 (KHTML, like Gecko) Chrome/138.0.0.0 Safari/537.36 Edg/138.0.0.0',NULL),(799,4,'7PSBeE/Cxusp/fCGgUu0NTCTbNSS0Bi4+ox8sRSlnTg=','2025-07-18 15:35:03','2025-07-25 15:35:03','2025-07-18 15:41:14',0,NULL,'Mozilla/5.0 (Windows NT 10.0; Win64; x64) AppleWebKit/537.36 (KHTML, like Gecko) Chrome/138.0.0.0 Safari/537.36 Edg/138.0.0.0','2025-07-18 15:41:14'),(800,4,'CZ9seB2LfkXY9TqCvZdDYq5pxdMQweiCmvaTvrn2PuM=','2025-07-18 15:42:11','2025-07-25 15:42:11','2025-07-18 15:42:11',0,NULL,'Mozilla/5.0 (Windows NT 10.0; Win64; x64) AppleWebKit/537.36 (KHTML, like Gecko) Chrome/138.0.0.0 Safari/537.36 Edg/138.0.0.0',NULL),(801,4,'899qFj4Lk2YJVubzl5c4tS5aF7g4e2LZWTkuRDARTyc=','2025-07-18 15:44:44','2025-07-25 15:44:44','2025-07-18 15:44:44',0,NULL,'Mozilla/5.0 (Windows NT 10.0; Win64; x64) AppleWebKit/537.36 (KHTML, like Gecko) Chrome/138.0.0.0 Safari/537.36 Edg/138.0.0.0',NULL),(802,4,'/pEN5K1OTrmHi8UJ41WnvpOQeUQv6SOscp1g1HMkR+8=','2025-07-18 15:58:27','2025-07-25 15:58:27','2025-07-18 16:08:18',1,'2025-07-18 16:08:18','Mozilla/5.0 (Windows NT 10.0; Win64; x64) AppleWebKit/537.36 (KHTML, like Gecko) Chrome/138.0.0.0 Safari/537.36 Edg/138.0.0.0','2025-07-18 16:04:41'),(803,4,'gz0ABXyefIuPUmiKs7fcflKug58BkAfBlcnQFNNSc1I=','2025-07-18 16:23:51','2025-07-25 16:23:51','2025-07-18 17:20:24',1,'2025-07-18 17:20:24','Mozilla/5.0 (Windows NT 10.0; Win64; x64) AppleWebKit/537.36 (KHTML, like Gecko) Chrome/138.0.0.0 Safari/537.36 Edg/138.0.0.0','2025-07-18 17:11:13'),(804,4,'6FViWoFCgKF69vhr6s+t5LnakFWrnUp4pyHxAl7vCKw=','2025-07-19 11:29:10','2025-07-26 11:29:10','2025-07-19 11:29:10',0,NULL,'Mozilla/5.0 (Windows NT 10.0; Win64; x64) AppleWebKit/537.36 (KHTML, like Gecko) Chrome/138.0.0.0 Safari/537.36 Edg/138.0.0.0',NULL),(805,2,'ItF6vuyYAD4PmQRjfyeiJq83i9jDS7zPIPGVEb60zE4=','2025-07-19 11:52:49','2025-07-26 11:52:49','2025-07-19 11:53:28',1,'2025-07-19 11:53:28','Mozilla/5.0 (Windows NT 10.0; Win64; x64) AppleWebKit/537.36 (KHTML, like Gecko) Chrome/138.0.0.0 Safari/537.36 Edg/138.0.0.0',NULL),(806,2,'KDABEzwtmp44eLnxu+9/5LF390kNFPL6g2wO3KJx/jA=','2025-07-19 11:53:42','2025-07-26 11:53:42','2025-07-19 11:53:42',0,NULL,'Mozilla/5.0 (Windows NT 10.0; Win64; x64) AppleWebKit/537.36 (KHTML, like Gecko) Chrome/138.0.0.0 Safari/537.36 Edg/138.0.0.0',NULL),(807,4,'4Ibf64l5bU7jqM6wmXGhgyOC/4d6gsVAqcwEyT7cEwE=','2025-07-21 13:42:54','2025-07-28 13:42:54','2025-07-21 14:43:22',1,'2025-07-21 14:43:22','Mozilla/5.0 (Windows NT 10.0; Win64; x64) AppleWebKit/537.36 (KHTML, like Gecko) Chrome/138.0.0.0 Safari/537.36 Edg/138.0.0.0','2025-07-21 14:14:50'),(808,4,'HgFtrXSh8bmOzWZvcr39WBiC07YWMIB7A3f8twV/YhE=','2025-08-01 17:12:50','2025-08-08 17:12:50','2025-08-01 17:13:08',1,'2025-08-01 17:13:08','Mozilla/5.0 (Windows NT 10.0; Win64; x64) AppleWebKit/537.36 (KHTML, like Gecko) Chrome/138.0.0.0 Safari/537.36 Edg/138.0.0.0',NULL),(809,2,'x+sM/2wKY5LQFmaHfBJV+IopHI/WX/dod0Zs2hd7NqA=','2025-08-04 09:05:31','2025-08-11 09:05:31','2025-08-04 09:07:22',1,'2025-08-04 09:07:22','Mozilla/5.0 (Windows NT 10.0; Win64; x64) AppleWebKit/537.36 (KHTML, like Gecko) Chrome/138.0.0.0 Safari/537.36 Edg/138.0.0.0',NULL),(810,3,'12FFuan9DVHmobtBCT64bGdEaCXWpBojMVWdqktwBTw=','2025-08-04 09:07:31','2025-08-11 09:07:31','2025-08-04 09:08:26',1,'2025-08-04 09:08:26','Mozilla/5.0 (Windows NT 10.0; Win64; x64) AppleWebKit/537.36 (KHTML, like Gecko) Chrome/138.0.0.0 Safari/537.36 Edg/138.0.0.0',NULL),(811,4,'3TLG5khJSLoVe8m13q15PM+XZtGAC4UQa0Ail0rvPOE=','2025-08-04 09:08:31','2025-08-11 09:08:31','2025-08-04 10:07:01',1,'2025-08-04 10:07:01','Mozilla/5.0 (Windows NT 10.0; Win64; x64) AppleWebKit/537.36 (KHTML, like Gecko) Chrome/138.0.0.0 Safari/537.36 Edg/138.0.0.0','2025-08-04 10:06:44'),(812,7,'DKKxviwx9ODlTj77d4RA+CoN7HBp+pju7yblu9W7NVE=','2025-08-04 10:07:10','2025-08-11 10:07:10','2025-08-04 11:12:38',1,'2025-08-04 11:12:38','Mozilla/5.0 (Windows NT 10.0; Win64; x64) AppleWebKit/537.36 (KHTML, like Gecko) Chrome/138.0.0.0 Safari/537.36 Edg/138.0.0.0','2025-08-04 10:53:54'),(813,4,'DDTfj0YQ1B0tLNfq2uSJhRxekHH/7/rvEISoDD69yFo=','2025-08-04 11:12:52','2025-08-11 11:12:52','2025-08-04 11:12:52',0,NULL,'Mozilla/5.0 (Windows NT 10.0; Win64; x64) AppleWebKit/537.36 (KHTML, like Gecko) Chrome/138.0.0.0 Safari/537.36 Edg/138.0.0.0',NULL),(814,3,'hCCkUlsWPd3UXG4OyCnx1ElR8Or4TnWeoodj7rL8zN8=','2025-08-04 11:40:49','2025-08-11 11:40:49','2025-08-04 15:51:24',1,'2025-08-04 15:51:24','Mozilla/5.0 (Windows NT 10.0; Win64; x64) AppleWebKit/537.36 (KHTML, like Gecko) Chrome/138.0.0.0 Safari/537.36 Edg/138.0.0.0','2025-08-04 11:57:36'),(815,4,'k5ngEJGNhYY90bUquDTScRL+iFIfqf2k8m4CZhLp78U=','2025-08-04 15:59:01','2025-08-11 15:59:01','2025-08-04 16:15:35',1,'2025-08-04 16:15:35','Mozilla/5.0 (Windows NT 10.0; Win64; x64) AppleWebKit/537.36 (KHTML, like Gecko) Chrome/138.0.0.0 Safari/537.36 Edg/138.0.0.0','2025-08-04 16:12:20'),(816,4,'qKTOaEMLQAPt6KCASVyf8NhjjoTGw2LvRdItrswJXck=','2025-08-04 16:27:20','2025-08-11 16:27:20','2025-08-04 17:31:56',1,'2025-08-04 17:31:56','Mozilla/5.0 (Windows NT 10.0; Win64; x64) AppleWebKit/537.36 (KHTML, like Gecko) Chrome/138.0.0.0 Safari/537.36 Edg/138.0.0.0','2025-08-04 17:15:49'),(817,4,'24AM9YXyS7+xTYns/0hj2Lht/34xLoZYtTUKchyTfck=','2025-08-04 17:32:02','2025-08-11 17:32:02','2025-08-04 17:46:55',1,'2025-08-04 17:46:55','Mozilla/5.0 (Windows NT 10.0; Win64; x64) AppleWebKit/537.36 (KHTML, like Gecko) Chrome/138.0.0.0 Safari/537.36 Edg/138.0.0.0',NULL),(818,7,'9EdEuz1eanDTf4WQpKdurRaktZ/femrcpPcPN323yYg=','2025-08-07 10:00:38','2025-08-14 10:00:38','2025-08-07 10:07:24',1,'2025-08-07 10:07:24','Mozilla/5.0 (Windows NT 10.0; Win64; x64) AppleWebKit/537.36 (KHTML, like Gecko) Chrome/138.0.0.0 Safari/537.36 Edg/138.0.0.0','2025-08-07 10:07:23'),(819,7,'WDIVmEY8IbBvFmyFVB9ARVKeEbIlRbroLhgN9Xd6yqk=','2025-08-07 10:07:41','2025-08-14 10:07:41','2025-08-07 10:13:05',1,'2025-08-07 10:13:05','Mozilla/5.0 (Windows NT 10.0; Win64; x64) AppleWebKit/537.36 (KHTML, like Gecko) Chrome/138.0.0.0 Safari/537.36 Edg/138.0.0.0','2025-08-07 10:12:35'),(820,3,'tYzrNBnypwP2k6EPc+RiOkQeC7AYRJwCBZ77b2tZe00=','2025-08-07 10:13:11','2025-08-14 10:13:11','2025-08-07 10:14:20',1,'2025-08-07 10:14:20','Mozilla/5.0 (Windows NT 10.0; Win64; x64) AppleWebKit/537.36 (KHTML, like Gecko) Chrome/138.0.0.0 Safari/537.36 Edg/138.0.0.0',NULL),(821,10,'7taSD0vGoQKPW6qxRCaIe0jPTEBbbTP9lU0XUuY3BUE=','2025-08-07 10:14:28','2025-08-14 10:14:28','2025-08-07 10:19:45',1,'2025-08-07 10:19:45','Mozilla/5.0 (Windows NT 10.0; Win64; x64) AppleWebKit/537.36 (KHTML, like Gecko) Chrome/138.0.0.0 Safari/537.36 Edg/138.0.0.0','2025-08-07 10:19:44'),(822,7,'mj//mNHMaUo1w+uwpBLyLjYhHCL9N1EhdK9/Y4vE+Gk=','2025-08-07 10:39:27','2025-08-14 10:39:27','2025-08-07 10:43:40',1,'2025-08-07 10:43:40','Mozilla/5.0 (Windows NT 10.0; Win64; x64) AppleWebKit/537.36 (KHTML, like Gecko) Chrome/138.0.0.0 Safari/537.36 Edg/138.0.0.0',NULL),(823,10,'EBvfI/nsRFXGKIVVTp7mO2+t9jkHtcT++CJI0QH6KSg=','2025-08-07 10:43:43','2025-08-14 10:43:43','2025-08-07 12:31:05',1,'2025-08-07 12:31:05','Mozilla/5.0 (Windows NT 10.0; Win64; x64) AppleWebKit/537.36 (KHTML, like Gecko) Chrome/138.0.0.0 Safari/537.36 Edg/138.0.0.0','2025-08-07 10:48:35'),(824,7,'+gmtVTEYClq2lUjuejqizeju0t0j+03mrPfX9m8qQn4=','2025-08-07 12:31:08','2025-08-14 12:31:08','2025-08-07 12:31:14',1,'2025-08-07 12:31:14','Mozilla/5.0 (Windows NT 10.0; Win64; x64) AppleWebKit/537.36 (KHTML, like Gecko) Chrome/138.0.0.0 Safari/537.36 Edg/138.0.0.0',NULL),(825,10,'2+FLXsarL64yr788HGAp5nMvebQ3Ww/uWy50HR3fduE=','2025-08-07 12:31:17','2025-08-14 12:31:17','2025-08-07 12:31:19',1,'2025-08-07 12:31:19','Mozilla/5.0 (Windows NT 10.0; Win64; x64) AppleWebKit/537.36 (KHTML, like Gecko) Chrome/138.0.0.0 Safari/537.36 Edg/138.0.0.0',NULL),(826,4,'doq7HgnD266W2V5umsCLnybcCwJCEFodS5A3fOfSouQ=','2025-08-07 12:31:28','2025-08-14 12:31:28','2025-08-07 12:56:06',0,NULL,'Mozilla/5.0 (Windows NT 10.0; Win64; x64) AppleWebKit/537.36 (KHTML, like Gecko) Chrome/138.0.0.0 Safari/537.36 Edg/138.0.0.0','2025-08-07 12:56:06'),(827,3,'7zBzAQixURjaHGzHMiTUSnwokn/V/y2SNl50X5M+600=','2025-08-07 14:54:18','2025-08-14 14:54:18','2025-08-07 14:54:21',1,'2025-08-07 14:54:21','Mozilla/5.0 (Windows NT 10.0; Win64; x64) AppleWebKit/537.36 (KHTML, like Gecko) Chrome/138.0.0.0 Safari/537.36 Edg/138.0.0.0',NULL),(828,10,'ql/Q4Swtoo72xITjY2j1crJXR1mnJWpnEtGhSD50bus=','2025-08-07 14:54:42','2025-08-14 14:54:42','2025-08-07 14:55:04',1,'2025-08-07 14:55:04','Mozilla/5.0 (Windows NT 10.0; Win64; x64) AppleWebKit/537.36 (KHTML, like Gecko) Chrome/138.0.0.0 Safari/537.36 Edg/138.0.0.0',NULL),(829,4,'pkk2q/bN5Vt2BcMt64zYrfp19fLsmVJvWubUAKuNM60=','2025-08-07 14:58:15','2025-08-14 14:58:15','2025-08-07 15:02:23',1,'2025-08-07 15:02:23','Mozilla/5.0 (Windows NT 10.0; Win64; x64) AppleWebKit/537.36 (KHTML, like Gecko) Chrome/138.0.0.0 Safari/537.36 Edg/138.0.0.0',NULL),(830,7,'8qF8nLrbkrzPAIcA1NjmuuX8+WgfxOHdTlHZAG9gla0=','2025-08-07 15:02:27','2025-08-14 15:02:27','2025-08-07 15:03:54',1,'2025-08-07 15:03:54','Mozilla/5.0 (Windows NT 10.0; Win64; x64) AppleWebKit/537.36 (KHTML, like Gecko) Chrome/138.0.0.0 Safari/537.36 Edg/138.0.0.0',NULL),(831,2,'F3x+5x/Y/VHvJdIBgZ6+jZiWsnaA8ZKIjbLH8l5gOdw=','2025-08-07 15:04:00','2025-08-14 15:04:00','2025-08-07 15:12:07',1,'2025-08-07 15:12:07','Mozilla/5.0 (Windows NT 10.0; Win64; x64) AppleWebKit/537.36 (KHTML, like Gecko) Chrome/138.0.0.0 Safari/537.36 Edg/138.0.0.0','2025-08-07 15:10:39'),(832,2,'v2TPFb7ZZ/Rf2q0PtL41efm2Ri/uLT5zsCtbCGDetvk=','2025-08-07 15:12:11','2025-08-14 15:12:11','2025-08-07 15:12:50',1,'2025-08-07 15:12:50','Mozilla/5.0 (Windows NT 10.0; Win64; x64) AppleWebKit/537.36 (KHTML, like Gecko) Chrome/138.0.0.0 Safari/537.36 Edg/138.0.0.0',NULL),(833,2,'xJy9o3aB7iKA+DNhUb/dQWJ5IVFKvWE0DlhSREOqLDM=','2025-08-07 15:12:53','2025-08-14 15:12:53','2025-08-07 15:13:21',1,'2025-08-07 15:13:21','Mozilla/5.0 (Windows NT 10.0; Win64; x64) AppleWebKit/537.36 (KHTML, like Gecko) Chrome/138.0.0.0 Safari/537.36 Edg/138.0.0.0',NULL),(834,2,'G7Re3GxKobAJrAKsMXaOnkwtf13RI6DbjCVWBHG+Dxw=','2025-08-07 15:13:28','2025-08-14 15:13:28','2025-08-07 15:15:22',1,'2025-08-07 15:15:22','Mozilla/5.0 (Windows NT 10.0; Win64; x64) AppleWebKit/537.36 (KHTML, like Gecko) Chrome/138.0.0.0 Safari/537.36 Edg/138.0.0.0',NULL),(835,2,'C42ufgEDP12s+sUKfp48Ua3DYo6LW7jNGnJKx851AgU=','2025-08-07 15:15:26','2025-08-14 15:15:26','2025-08-07 15:20:53',1,'2025-08-07 15:20:53','Mozilla/5.0 (Windows NT 10.0; Win64; x64) AppleWebKit/537.36 (KHTML, like Gecko) Chrome/138.0.0.0 Safari/537.36 Edg/138.0.0.0','2025-08-07 15:20:34'),(836,2,'xHMucuiN02Pq3nf+nFpkhnGGalLN1OQi0FTVq8jBQ8w=','2025-08-07 15:21:44','2025-08-14 15:21:44','2025-08-07 15:24:40',1,'2025-08-07 15:24:40','Mozilla/5.0 (Windows NT 10.0; Win64; x64) AppleWebKit/537.36 (KHTML, like Gecko) Chrome/138.0.0.0 Safari/537.36 Edg/138.0.0.0',NULL),(837,7,'p9XOQQEclwf3MoDyYydjCCM3gKUioGyfbtqCvcEvW5w=','2025-08-07 15:24:43','2025-08-14 15:24:43','2025-08-07 15:25:40',1,'2025-08-07 15:25:40','Mozilla/5.0 (Windows NT 10.0; Win64; x64) AppleWebKit/537.36 (KHTML, like Gecko) Chrome/138.0.0.0 Safari/537.36 Edg/138.0.0.0',NULL),(838,3,'jdWfXt8sz2oGPAZ0j1tmNtQfpj39zZ+4HP7ihBvG8jM=','2025-08-07 15:26:03','2025-08-14 15:26:03','2025-08-07 15:31:01',0,NULL,'Mozilla/5.0 (Windows NT 10.0; Win64; x64) AppleWebKit/537.36 (KHTML, like Gecko) Chrome/138.0.0.0 Safari/537.36 Edg/138.0.0.0','2025-08-07 15:31:01'),(839,4,'9UCdFTPvA+PqnczD2sL7ee3c4gqnuluPJma0hs5fN68=','2025-08-07 15:51:38','2025-08-14 15:51:38','2025-08-07 15:55:57',1,'2025-08-07 15:55:57','Mozilla/5.0 (Windows NT 10.0; Win64; x64) AppleWebKit/537.36 (KHTML, like Gecko) Chrome/138.0.0.0 Safari/537.36 Edg/138.0.0.0',NULL),(840,3,'DmBUb1sg5Hk9Yz+SSfyu2e1chiLt3SBW7X2Emqq0biU=','2025-08-07 15:56:20','2025-08-14 15:56:20','2025-08-07 16:14:25',1,'2025-08-07 16:14:25','Mozilla/5.0 (Windows NT 10.0; Win64; x64) AppleWebKit/537.36 (KHTML, like Gecko) Chrome/138.0.0.0 Safari/537.36 Edg/138.0.0.0','2025-08-07 16:13:15'),(841,7,'HL6mn3QteZB1ZVfNfoRKfoH2sHm83HD1txfk3dV0bns=','2025-08-07 16:14:32','2025-08-14 16:14:32','2025-08-07 16:16:14',1,'2025-08-07 16:16:14','Mozilla/5.0 (Windows NT 10.0; Win64; x64) AppleWebKit/537.36 (KHTML, like Gecko) Chrome/138.0.0.0 Safari/537.36 Edg/138.0.0.0',NULL),(842,10,'WHoGHJI3UGIKRHCo9zoZWdN5CS91dK3QkK+mFLsUd0U=','2025-08-07 16:16:47','2025-08-14 16:16:47','2025-08-07 16:17:00',1,'2025-08-07 16:17:00','Mozilla/5.0 (Windows NT 10.0; Win64; x64) AppleWebKit/537.36 (KHTML, like Gecko) Chrome/138.0.0.0 Safari/537.36 Edg/138.0.0.0',NULL),(843,3,'2HBK6akiiaiuk2VuIjdcAbJmx72ShjA7MDVNoC7/gGM=','2025-08-07 16:17:08','2025-08-14 16:17:08','2025-08-07 16:31:02',1,'2025-08-07 16:31:02','Mozilla/5.0 (Windows NT 10.0; Win64; x64) AppleWebKit/537.36 (KHTML, like Gecko) Chrome/138.0.0.0 Safari/537.36 Edg/138.0.0.0','2025-08-07 16:28:24'),(844,7,'GPFA6qVPt/Z7fh6Ay09Om1vCDsoz6QOL+nHMculTpx8=','2025-08-08 09:38:56','2025-08-15 09:38:56','2025-08-08 10:09:17',0,NULL,'Mozilla/5.0 (Windows NT 10.0; Win64; x64) AppleWebKit/537.36 (KHTML, like Gecko) Chrome/138.0.0.0 Safari/537.36 Edg/138.0.0.0','2025-08-08 10:09:17'),(845,4,'Y2ePRs+n/HoyfIqdWwtTDeVA7iEg/He81kMb/cDYOEI=','2025-08-08 10:14:21','2025-08-15 10:14:21','2025-08-08 10:15:40',1,'2025-08-08 10:15:40','Mozilla/5.0 (Windows NT 10.0; Win64; x64) AppleWebKit/537.36 (KHTML, like Gecko) Chrome/138.0.0.0 Safari/537.36 Edg/138.0.0.0',NULL),(846,2,'Uty0qZtKXoAA7M7m41WaCXq2LjhopbK0qLMPkrX81ag=','2025-08-08 10:30:46','2025-08-15 10:30:46','2025-08-08 10:34:37',1,'2025-08-08 10:34:37','Mozilla/5.0 (Windows NT 10.0; Win64; x64) AppleWebKit/537.36 (KHTML, like Gecko) Chrome/138.0.0.0 Safari/537.36 Edg/138.0.0.0',NULL),(847,3,'dxztSYOkNZCTBoRGQF76qNFsY0Blzx008caOadfP2os=','2025-08-08 10:34:48','2025-08-15 10:34:48','2025-08-08 11:41:20',1,'2025-08-08 11:41:20','Mozilla/5.0 (Windows NT 10.0; Win64; x64) AppleWebKit/537.36 (KHTML, like Gecko) Chrome/138.0.0.0 Safari/537.36 Edg/138.0.0.0','2025-08-08 11:30:20'),(848,3,'dd08D6y5WFtVlqRz6Yi7acLgny6abS93ryv2M7OLsew=','2025-08-08 11:41:25','2025-08-15 11:41:25','2025-08-08 12:05:06',1,'2025-08-08 12:05:06','Mozilla/5.0 (Windows NT 10.0; Win64; x64) AppleWebKit/537.36 (KHTML, like Gecko) Chrome/138.0.0.0 Safari/537.36 Edg/138.0.0.0','2025-08-08 12:05:02'),(849,7,'U5imaib6kIJrSZKVpLWz3ZpWmkonYplH5TZPcTUcWA8=','2025-08-08 12:05:13','2025-08-15 12:05:13','2025-08-08 12:11:38',0,NULL,'Mozilla/5.0 (Windows NT 10.0; Win64; x64) AppleWebKit/537.36 (KHTML, like Gecko) Chrome/138.0.0.0 Safari/537.36 Edg/138.0.0.0','2025-08-08 12:11:38'),(850,3,'94TIp7Uyx0boT0fB9A2NbpsUSyLdOMVzrfiG1oHIQQ0=','2025-08-08 13:08:19','2025-08-15 13:08:19','2025-08-08 14:35:37',1,'2025-08-08 14:35:37','Mozilla/5.0 (Windows NT 10.0; Win64; x64) AppleWebKit/537.36 (KHTML, like Gecko) Chrome/138.0.0.0 Safari/537.36 Edg/138.0.0.0','2025-08-08 13:49:05'),(851,3,'fvUAo20rQOODz0We4S7iYAO3RKdopu4m8TvOORB8Cvc=','2025-08-08 16:17:35','2025-08-15 16:17:35','2025-08-08 17:04:38',1,'2025-08-08 17:04:38','Mozilla/5.0 (Windows NT 10.0; Win64; x64) AppleWebKit/537.36 (KHTML, like Gecko) Chrome/138.0.0.0 Safari/537.36 Edg/138.0.0.0','2025-08-08 16:29:39'),(852,11,'8gIWz63SYNRDH+2wJEpjjXE2+FzllP3iOULmTSMoDfc=','2025-08-08 17:05:37','2025-08-15 17:05:37','2025-08-08 17:12:55',1,'2025-08-08 17:12:55','Mozilla/5.0 (Windows NT 10.0; Win64; x64) AppleWebKit/537.36 (KHTML, like Gecko) Chrome/138.0.0.0 Safari/537.36 Edg/138.0.0.0','2025-08-08 17:11:40'),(853,10,'NQkv2VyRFh5TE0rUyOyfIshlIKZfWXbSqFJu7A5pk/Y=','2025-08-11 09:53:28','2025-08-18 09:53:28','2025-08-11 10:24:37',1,'2025-08-11 10:24:37','Mozilla/5.0 (Windows NT 10.0; Win64; x64) AppleWebKit/537.36 (KHTML, like Gecko) Chrome/138.0.0.0 Safari/537.36 Edg/138.0.0.0','2025-08-11 10:23:04'),(854,4,'buDJzxzBuTIKAXQdTirQ+sQ2tGw8EoWNe36E5vwj7WM=','2025-08-11 10:24:42','2025-08-18 10:24:42','2025-08-11 19:18:32',1,'2025-08-11 19:18:32','Mozilla/5.0 (Windows NT 10.0; Win64; x64) AppleWebKit/537.36 (KHTML, like Gecko) Chrome/138.0.0.0 Safari/537.36 Edg/138.0.0.0',NULL),(855,4,'j/HXaa5r6lYozYciBmhM332dqwfid5xUqtxsoq3R0uQ=','2025-08-11 19:18:36','2025-08-18 19:18:36','2025-08-11 20:43:01',1,'2025-08-11 20:43:01','Mozilla/5.0 (Windows NT 10.0; Win64; x64) AppleWebKit/537.36 (KHTML, like Gecko) Chrome/138.0.0.0 Safari/537.36 Edg/138.0.0.0','2025-08-11 20:17:47'),(856,10,'ke9HP9gVr5yLT46DlXU3czFGFz4zDdvnhsW7keteNic=','2025-08-12 09:04:17','2025-08-19 09:04:17','2025-08-12 09:18:56',1,'2025-08-12 09:18:56','Mozilla/5.0 (Windows NT 10.0; Win64; x64) AppleWebKit/537.36 (KHTML, like Gecko) Chrome/139.0.0.0 Safari/537.36 Edg/139.0.0.0','2025-08-12 09:18:41'),(857,2,'RQl8WlZduxO0uiMB2cOJ/H37Wk647vCx+nTm8xRrs7s=','2025-08-12 09:19:03','2025-08-19 09:19:03','2025-08-12 10:33:25',1,'2025-08-12 10:33:25','Mozilla/5.0 (Windows NT 10.0; Win64; x64) AppleWebKit/537.36 (KHTML, like Gecko) Chrome/139.0.0.0 Safari/537.36 Edg/139.0.0.0','2025-08-12 10:18:54'),(858,2,'fpclDEWf4tVCwOnvJuwfXI7cwJocHnjZyxqZNXOVp4c=','2025-08-12 10:37:10','2025-08-19 10:37:10','2025-08-12 10:51:44',0,NULL,'Mozilla/5.0 (Windows NT 10.0; Win64; x64) AppleWebKit/537.36 (KHTML, like Gecko) Chrome/139.0.0.0 Safari/537.36 Edg/139.0.0.0','2025-08-12 10:51:44'),(859,2,'sp+8WEsHHxgx7mFtHEak9TtJeswAN74XEgS2fb566O0=','2025-08-12 11:24:31','2025-08-19 11:24:31','2025-08-12 12:32:40',1,'2025-08-12 12:32:40','Mozilla/5.0 (Windows NT 10.0; Win64; x64) AppleWebKit/537.36 (KHTML, like Gecko) Chrome/139.0.0.0 Safari/537.36 Edg/139.0.0.0','2025-08-12 12:24:25'),(860,2,'mCRgSabEJ7lPHJ3kdFPkitP7S18vQmIaIzpIABVj7+A=','2025-08-12 12:32:44','2025-08-19 12:32:44','2025-08-12 12:36:04',1,'2025-08-12 12:36:04','Mozilla/5.0 (Windows NT 10.0; Win64; x64) AppleWebKit/537.36 (KHTML, like Gecko) Chrome/139.0.0.0 Safari/537.36 Edg/139.0.0.0',NULL),(861,2,'Z7fmu2QOaqWKcTdB+lOkOI+Z7ZszU4BG96WVIk6E+CU=','2025-08-12 12:36:35','2025-08-19 12:36:35','2025-08-12 14:14:14',1,'2025-08-12 14:14:14','Mozilla/5.0 (Windows NT 10.0; Win64; x64) AppleWebKit/537.36 (KHTML, like Gecko) Chrome/139.0.0.0 Safari/537.36 Edg/139.0.0.0','2025-08-12 13:06:47'),(862,2,'4lYzRdMxBy4lMcqEr1KArzcVB78gqfN9OVnbvAPUiK8=','2025-08-12 14:38:37','2025-08-19 14:38:37','2025-08-12 15:43:20',1,'2025-08-12 15:43:20','Mozilla/5.0 (Windows NT 10.0; Win64; x64) AppleWebKit/537.36 (KHTML, like Gecko) Chrome/139.0.0.0 Safari/537.36 Edg/139.0.0.0','2025-08-12 15:37:39'),(863,2,'9UMJxTQc6agWRVBpzGgcDGJnfwDKg8V4Sbnu4ObSwXM=','2025-08-12 15:43:25','2025-08-19 15:43:25','2025-08-12 15:50:47',0,NULL,'Mozilla/5.0 (Windows NT 10.0; Win64; x64) AppleWebKit/537.36 (KHTML, like Gecko) Chrome/139.0.0.0 Safari/537.36 Edg/139.0.0.0','2025-08-12 15:50:47'),(864,2,'2IItqarLW/t68GUiTenMcfvoXoKDl8+pgTSyI7VbJtY=','2025-08-12 15:53:06','2025-08-19 15:53:06','2025-08-12 16:17:33',0,NULL,'Mozilla/5.0 (Windows NT 10.0; Win64; x64) AppleWebKit/537.36 (KHTML, like Gecko) Chrome/139.0.0.0 Safari/537.36 Edg/139.0.0.0','2025-08-12 16:17:33'),(865,2,'dTU0is6Nuygy8hvW1atTFGa9zVPBLnpQLnHtbtEuq00=','2025-08-12 16:18:35','2025-08-19 16:18:35','2025-08-12 16:47:21',0,NULL,'Mozilla/5.0 (Windows NT 10.0; Win64; x64) AppleWebKit/537.36 (KHTML, like Gecko) Chrome/139.0.0.0 Safari/537.36 Edg/139.0.0.0','2025-08-12 16:47:21'),(866,2,'Ud/Q0ZXc3GtxjhdQ9UlGOcC7SSQNubsuHZUC/N6irTI=','2025-08-12 17:06:19','2025-08-19 17:06:18','2025-08-12 17:15:22',1,'2025-08-12 17:15:22','Mozilla/5.0 (Windows NT 10.0; Win64; x64) AppleWebKit/537.36 (KHTML, like Gecko) Chrome/139.0.0.0 Safari/537.36 Edg/139.0.0.0',NULL),(867,2,'qnVgfxefvdl37A1Z5ytgJ1hsf9RxSZkRxOG99s7rF6I=','2025-08-12 17:16:31','2025-08-19 17:16:31','2025-08-12 17:30:15',0,NULL,'Mozilla/5.0 (Windows NT 10.0; Win64; x64) AppleWebKit/537.36 (KHTML, like Gecko) Chrome/139.0.0.0 Safari/537.36 Edg/139.0.0.0','2025-08-12 17:30:15'),(868,2,'DysE1rRVONI9Bjp0D+PXwIQgVVjCq/M6pFGfmTMBKKc=','2025-08-13 09:44:22','2025-08-20 09:44:22','2025-08-13 09:44:22',0,NULL,'Mozilla/5.0 (Windows NT 10.0; Win64; x64) AppleWebKit/537.36 (KHTML, like Gecko) Chrome/139.0.0.0 Safari/537.36 Edg/139.0.0.0',NULL),(869,2,'fHJzD+dDzy2wKY4pNcHrIbyr0NWU6N6y2IWY0rqyVjM=','2025-08-13 10:15:48','2025-08-20 10:15:48','2025-08-13 10:58:16',1,'2025-08-13 10:58:16','Mozilla/5.0 (Windows NT 10.0; Win64; x64) AppleWebKit/537.36 (KHTML, like Gecko) Chrome/139.0.0.0 Safari/537.36 Edg/139.0.0.0','2025-08-13 10:57:03'),(870,3,'CjjCv62g4xXwPOe4fNDGk4Jy7UxNlRmFlech2rO/4X0=','2025-08-13 10:58:27','2025-08-20 10:58:27','2025-08-13 11:43:06',1,'2025-08-13 11:43:06','Mozilla/5.0 (Windows NT 10.0; Win64; x64) AppleWebKit/537.36 (KHTML, like Gecko) Chrome/139.0.0.0 Safari/537.36 Edg/139.0.0.0','2025-08-13 11:42:57'),(871,10,'TWOF+rNKcsF2w9okTxkwM9TDDUxI04R6Qp1myA0LaVw=','2025-08-13 11:43:11','2025-08-20 11:43:11','2025-08-13 12:50:00',1,'2025-08-13 12:50:00','Mozilla/5.0 (Windows NT 10.0; Win64; x64) AppleWebKit/537.36 (KHTML, like Gecko) Chrome/139.0.0.0 Safari/537.36 Edg/139.0.0.0','2025-08-13 12:41:04'),(872,10,'V4cUbmQLRKZpY28jX0TRI3ikk8fJSUDNkqweC9ydELA=','2025-08-13 12:50:13','2025-08-20 12:50:13','2025-08-13 12:57:10',1,'2025-08-13 12:57:10','Mozilla/5.0 (Windows NT 10.0; Win64; x64) AppleWebKit/537.36 (KHTML, like Gecko) Chrome/139.0.0.0 Safari/537.36 Edg/139.0.0.0',NULL),(873,10,'oqTfUF7DM1HtjAo8olwB9tPkt7PhMIzDSwi+wg/Pw3E=','2025-08-14 14:41:26','2025-08-21 14:41:26','2025-08-14 14:56:05',1,'2025-08-14 14:56:05','Mozilla/5.0 (Windows NT 10.0; Win64; x64) AppleWebKit/537.36 (KHTML, like Gecko) Chrome/139.0.0.0 Safari/537.36 Edg/139.0.0.0','2025-08-14 14:51:36'),(874,3,'1g9n2PWHkdrfpSPNdUT7spc+a3uZ3oW1sSDP+tjGZFE=','2025-08-14 14:56:15','2025-08-21 14:56:15','2025-08-14 14:56:28',1,'2025-08-14 14:56:28','Mozilla/5.0 (Windows NT 10.0; Win64; x64) AppleWebKit/537.36 (KHTML, like Gecko) Chrome/139.0.0.0 Safari/537.36 Edg/139.0.0.0',NULL),(875,10,'0DoCp+sTIWHtKqOBIO+Ee7NueKOun/IBnV7zkEsejFM=','2025-08-14 14:56:33','2025-08-21 14:56:33','2025-08-14 14:58:20',1,'2025-08-14 14:58:20','Mozilla/5.0 (Windows NT 10.0; Win64; x64) AppleWebKit/537.36 (KHTML, like Gecko) Chrome/139.0.0.0 Safari/537.36 Edg/139.0.0.0',NULL),(876,2,'Mkp5TFspzDqTlsfpDPTTpXbqtjCjrl/QKMRSIAt5pe8=','2025-08-14 14:58:27','2025-08-21 14:58:27','2025-08-14 15:05:47',0,NULL,'Mozilla/5.0 (Windows NT 10.0; Win64; x64) AppleWebKit/537.36 (KHTML, like Gecko) Chrome/139.0.0.0 Safari/537.36 Edg/139.0.0.0','2025-08-14 15:05:47'),(877,2,'mK1fT3I7eowVk0Hd3kS/kh+X5Yl3BAGm30BergHMO5U=','2025-08-18 09:15:30','2025-08-25 09:15:29','2025-08-18 09:15:42',1,'2025-08-18 09:15:42','Mozilla/5.0 (Windows NT 10.0; Win64; x64) AppleWebKit/537.36 (KHTML, like Gecko) Chrome/139.0.0.0 Safari/537.36 Edg/139.0.0.0',NULL),(878,4,'FDfeJIkpknXT9aiz91Y4xwHaqE9AVbLag9/oTkdGq+c=','2025-08-18 09:15:50','2025-08-25 09:15:50','2025-08-18 09:22:05',1,'2025-08-18 09:22:05','Mozilla/5.0 (Windows NT 10.0; Win64; x64) AppleWebKit/537.36 (KHTML, like Gecko) Chrome/139.0.0.0 Safari/537.36 Edg/139.0.0.0','2025-08-18 09:21:03'),(879,4,'Gbfy/Va3ONeSdBsA1D8XIGSkdA0/JVuynb2HtjZKMH8=','2025-08-18 09:22:55','2025-08-25 09:22:55','2025-08-18 10:31:08',1,'2025-08-18 10:31:08','Mozilla/5.0 (Windows NT 10.0; Win64; x64) AppleWebKit/537.36 (KHTML, like Gecko) Chrome/139.0.0.0 Safari/537.36 Edg/139.0.0.0','2025-08-18 10:00:43'),(880,4,'+AYHkS0hV6q6/tdJbuVx2XP4qdecJDuS8px+oDf4JhM=','2025-08-18 10:36:04','2025-08-25 10:36:04','2025-08-18 10:36:04',0,NULL,'Mozilla/5.0 (Windows NT 10.0; Win64; x64) AppleWebKit/537.36 (KHTML, like Gecko) Chrome/139.0.0.0 Safari/537.36 Edg/139.0.0.0',NULL);
/*!40000 ALTER TABLE `refresh_tokens` ENABLE KEYS */;
UNLOCK TABLES;

--
-- Table structure for table `role`
--

DROP TABLE IF EXISTS `role`;
/*!40101 SET @saved_cs_client     = @@character_set_client */;
/*!50503 SET character_set_client = utf8mb4 */;
CREATE TABLE `role` (
  `role_id` int NOT NULL AUTO_INCREMENT,
  `role_name` varchar(255) DEFAULT NULL,
  PRIMARY KEY (`role_id`)
) ENGINE=InnoDB AUTO_INCREMENT=5 DEFAULT CHARSET=utf8mb4 COLLATE=utf8mb4_0900_ai_ci;
/*!40101 SET character_set_client = @saved_cs_client */;

--
-- Dumping data for table `role`
--

LOCK TABLES `role` WRITE;
/*!40000 ALTER TABLE `role` DISABLE KEYS */;
INSERT INTO `role` VALUES (1,'ADMIN'),(2,'EXAMINER'),(3,'STUDENT'),(4,'USER');
/*!40000 ALTER TABLE `role` ENABLE KEYS */;
UNLOCK TABLES;

--
-- Table structure for table `role_menu`
--

DROP TABLE IF EXISTS `role_menu`;
/*!40101 SET @saved_cs_client     = @@character_set_client */;
/*!50503 SET character_set_client = utf8mb4 */;
CREATE TABLE `role_menu` (
  `id` int NOT NULL AUTO_INCREMENT,
  `role_id` int DEFAULT NULL,
  `submenu_id` int DEFAULT NULL,
  `access_type` enum('READ','WRITE','EDIT') DEFAULT NULL,
  PRIMARY KEY (`id`),
  KEY `FKqyvxw2gg2qk0wld3bqfcb58vq` (`role_id`),
  KEY `FK41k8gmnqtp3j4kh6hcan26et4` (`submenu_id`),
  CONSTRAINT `FK41k8gmnqtp3j4kh6hcan26et4` FOREIGN KEY (`submenu_id`) REFERENCES `sub_menu` (`submenu_id`),
  CONSTRAINT `FKqyvxw2gg2qk0wld3bqfcb58vq` FOREIGN KEY (`role_id`) REFERENCES `role` (`role_id`)
) ENGINE=InnoDB AUTO_INCREMENT=13 DEFAULT CHARSET=utf8mb4 COLLATE=utf8mb4_0900_ai_ci;
/*!40101 SET character_set_client = @saved_cs_client */;

--
-- Dumping data for table `role_menu`
--

LOCK TABLES `role_menu` WRITE;
/*!40000 ALTER TABLE `role_menu` DISABLE KEYS */;
INSERT INTO `role_menu` VALUES (1,1,1,'EDIT'),(2,1,2,'WRITE'),(3,1,3,'EDIT'),(4,1,4,'READ'),(5,2,5,'READ'),(6,2,6,'WRITE'),(7,2,7,'READ'),(8,2,8,'EDIT'),(9,3,9,'EDIT'),(10,3,10,'READ'),(11,3,11,'READ'),(12,3,12,'READ');
/*!40000 ALTER TABLE `role_menu` ENABLE KEYS */;
UNLOCK TABLES;

--
-- Table structure for table `student_attempts`
--

DROP TABLE IF EXISTS `student_attempts`;
/*!40101 SET @saved_cs_client     = @@character_set_client */;
/*!50503 SET character_set_client = utf8mb4 */;
CREATE TABLE `student_attempts` (
  `attempt_id` int NOT NULL AUTO_INCREMENT,
  `user_id` int DEFAULT NULL,
  `attempt_count` int DEFAULT NULL,
  `exam_id` int DEFAULT NULL,
  `created_at` timestamp NULL DEFAULT NULL,
  `status` enum('ON_GOING','COMPLETED','VOILATED') DEFAULT 'ON_GOING',
  PRIMARY KEY (`attempt_id`),
  KEY `user_id` (`user_id`),
  KEY `exam_id` (`exam_id`),
  CONSTRAINT `student_attempts_ibfk_1` FOREIGN KEY (`user_id`) REFERENCES `users` (`user_id`) ON DELETE CASCADE,
  CONSTRAINT `student_attempts_ibfk_2` FOREIGN KEY (`exam_id`) REFERENCES `exams` (`exam_id`) ON DELETE CASCADE
) ENGINE=InnoDB AUTO_INCREMENT=13 DEFAULT CHARSET=utf8mb4 COLLATE=utf8mb4_0900_ai_ci;
/*!40101 SET character_set_client = @saved_cs_client */;

--
-- Dumping data for table `student_attempts`
--

LOCK TABLES `student_attempts` WRITE;
/*!40000 ALTER TABLE `student_attempts` DISABLE KEYS */;
INSERT INTO `student_attempts` VALUES (1,4,1,1,'2025-08-07 07:21:29','VOILATED'),(2,4,2,1,'2025-08-07 07:21:48','COMPLETED'),(3,7,1,1,'2025-08-07 10:44:36','VOILATED'),(4,7,1,2,'2025-08-07 10:44:48','COMPLETED'),(5,10,1,4,'2025-08-07 10:46:51','VOILATED'),(6,7,1,14,'2025-08-08 06:35:25','COMPLETED'),(7,7,2,14,'2025-08-08 06:36:58','COMPLETED'),(8,11,1,2,'2025-08-08 11:38:30','COMPLETED'),(9,10,2,4,'2025-08-13 06:18:15','COMPLETED'),(10,10,1,2,'2025-08-13 07:11:53','VOILATED'),(11,10,2,2,'2025-08-13 07:20:40','COMPLETED'),(12,4,1,4,'2025-08-18 04:25:43','COMPLETED');
/*!40000 ALTER TABLE `student_attempts` ENABLE KEYS */;
UNLOCK TABLES;

--
-- Table structure for table `student_certificates`
--

DROP TABLE IF EXISTS `student_certificates`;
/*!40101 SET @saved_cs_client     = @@character_set_client */;
/*!50503 SET character_set_client = utf8mb4 */;
CREATE TABLE `student_certificates` (
  `certificate_id` int NOT NULL AUTO_INCREMENT,
  `user_id` int NOT NULL,
  `exam_id` int NOT NULL,
  `certificate_path` varchar(255) NOT NULL,
  `issued_at` date DEFAULT NULL,
  PRIMARY KEY (`certificate_id`),
  KEY `user_id` (`user_id`),
  KEY `exam_id` (`exam_id`),
  CONSTRAINT `student_certificates_ibfk_1` FOREIGN KEY (`user_id`) REFERENCES `users` (`user_id`),
  CONSTRAINT `student_certificates_ibfk_2` FOREIGN KEY (`exam_id`) REFERENCES `exams` (`exam_id`)
) ENGINE=InnoDB AUTO_INCREMENT=8 DEFAULT CHARSET=utf8mb4 COLLATE=utf8mb4_0900_ai_ci;
/*!40101 SET character_set_client = @saved_cs_client */;

--
-- Dumping data for table `student_certificates`
--

LOCK TABLES `student_certificates` WRITE;
/*!40000 ALTER TABLE `student_certificates` DISABLE KEYS */;
INSERT INTO `student_certificates` VALUES (1,4,1,'certificates/Certificate_Pavan_C.pdf','2025-08-07'),(2,7,2,'certificates/Certificate_Manohar_Python.pdf','2025-08-07'),(3,7,14,'certificates/Certificate_Manohar_Aptitude.pdf','2025-08-08'),(4,11,2,'certificates/Certificate_kkr_Python.pdf','2025-08-08'),(5,10,4,'certificates/Certificate_Kavya_Java.pdf','2025-08-13'),(6,10,2,'certificates/Certificate_Kavya_Python.pdf','2025-08-13'),(7,4,4,'certificates/Certificate_Pavan_Java.pdf','2025-08-18');
/*!40000 ALTER TABLE `student_certificates` ENABLE KEYS */;
UNLOCK TABLES;

--
-- Table structure for table `student_responses`
--

DROP TABLE IF EXISTS `student_responses`;
/*!40101 SET @saved_cs_client     = @@character_set_client */;
/*!50503 SET character_set_client = utf8mb4 */;
CREATE TABLE `student_responses` (
  `response_id` int NOT NULL AUTO_INCREMENT,
  `question_id` int DEFAULT NULL,
  `selected_option_id` int DEFAULT NULL,
  `submitted_at` datetime DEFAULT CURRENT_TIMESTAMP,
  `attempt_count` int DEFAULT '0',
  `attempt_id` int DEFAULT NULL,
  PRIMARY KEY (`response_id`),
  KEY `question_id` (`question_id`),
  KEY `selected_option_id` (`selected_option_id`),
  KEY `attempt_id` (`attempt_id`),
  CONSTRAINT `student_responses_ibfk_2` FOREIGN KEY (`question_id`) REFERENCES `questions` (`question_id`) ON DELETE CASCADE,
  CONSTRAINT `student_responses_ibfk_3` FOREIGN KEY (`selected_option_id`) REFERENCES `question_options` (`option_id`) ON DELETE CASCADE,
  CONSTRAINT `student_responses_ibfk_4` FOREIGN KEY (`attempt_id`) REFERENCES `student_attempts` (`attempt_id`)
) ENGINE=InnoDB AUTO_INCREMENT=283 DEFAULT CHARSET=utf8mb4 COLLATE=utf8mb4_0900_ai_ci;
/*!40101 SET character_set_client = @saved_cs_client */;

--
-- Dumping data for table `student_responses`
--

LOCK TABLES `student_responses` WRITE;
/*!40000 ALTER TABLE `student_responses` DISABLE KEYS */;
INSERT INTO `student_responses` VALUES (1,3,9,'2025-08-07 12:51:40',0,1),(2,29,114,'2025-08-07 12:51:40',0,1),(3,30,117,'2025-08-07 12:51:40',0,1),(4,7,NULL,'2025-08-07 12:51:40',0,1),(5,9,NULL,'2025-08-07 12:51:40',0,1),(6,32,NULL,'2025-08-07 12:51:40',0,1),(7,49,NULL,'2025-08-07 12:51:40',0,1),(8,14,NULL,'2025-08-07 12:51:40',0,1),(9,10,NULL,'2025-08-07 12:51:40',0,1),(10,27,NULL,'2025-08-07 12:51:40',0,1),(11,5,NULL,'2025-08-07 12:51:40',0,1),(12,22,NULL,'2025-08-07 12:51:40',0,1),(13,4,NULL,'2025-08-07 12:51:40',0,1),(14,34,NULL,'2025-08-07 12:51:40',0,1),(15,50,NULL,'2025-08-07 12:51:41',0,1),(16,16,NULL,'2025-08-07 12:51:41',0,1),(17,36,NULL,'2025-08-07 12:51:41',0,1),(18,40,NULL,'2025-08-07 12:51:41',0,1),(19,19,NULL,'2025-08-07 12:51:41',0,1),(20,20,NULL,'2025-08-07 12:51:41',0,1),(21,1,1,'2025-08-07 12:53:14',0,2),(22,3,10,'2025-08-07 12:53:14',0,2),(23,7,26,'2025-08-07 12:53:14',0,2),(24,8,29,'2025-08-07 12:53:14',0,2),(25,9,34,'2025-08-07 12:53:14',0,2),(26,10,37,'2025-08-07 12:53:14',0,2),(27,13,51,'2025-08-07 12:53:14',0,2),(28,18,69,'2025-08-07 12:53:14',0,2),(29,19,73,'2025-08-07 12:53:14',0,2),(30,20,77,'2025-08-07 12:53:14',0,2),(31,24,94,'2025-08-07 12:53:14',0,2),(32,24,96,'2025-08-07 12:53:14',0,2),(33,26,102,'2025-08-07 12:53:14',0,2),(34,26,103,'2025-08-07 12:53:14',0,2),(35,29,114,'2025-08-07 12:53:15',0,2),(36,30,117,'2025-08-07 12:53:15',0,2),(37,32,128,'2025-08-07 12:53:15',0,2),(38,38,149,'2025-08-07 12:53:15',0,2),(39,39,154,'2025-08-07 12:53:15',0,2),(40,43,171,'2025-08-07 12:53:15',0,2),(41,49,193,'2025-08-07 12:53:15',0,2),(42,50,197,'2025-08-07 12:53:15',0,2),(43,18,69,'2025-08-07 16:14:42',0,3),(44,50,NULL,'2025-08-07 16:14:42',0,3),(45,35,NULL,'2025-08-07 16:14:42',0,3),(46,9,NULL,'2025-08-07 16:14:42',0,3),(47,19,NULL,'2025-08-07 16:14:42',0,3),(48,46,NULL,'2025-08-07 16:14:42',0,3),(49,8,NULL,'2025-08-07 16:14:42',0,3),(50,27,NULL,'2025-08-07 16:14:42',0,3),(51,39,NULL,'2025-08-07 16:14:42',0,3),(52,5,NULL,'2025-08-07 16:14:42',0,3),(53,4,NULL,'2025-08-07 16:14:42',0,3),(54,2,NULL,'2025-08-07 16:14:42',0,3),(55,33,NULL,'2025-08-07 16:14:42',0,3),(56,30,NULL,'2025-08-07 16:14:42',0,3),(57,14,NULL,'2025-08-07 16:14:42',0,3),(58,10,NULL,'2025-08-07 16:14:42',0,3),(59,29,NULL,'2025-08-07 16:14:42',0,3),(60,24,NULL,'2025-08-07 16:14:42',0,3),(61,49,NULL,'2025-08-07 16:14:42',0,3),(62,20,NULL,'2025-08-07 16:14:42',0,3),(63,51,201,'2025-08-07 16:15:51',0,4),(64,52,207,'2025-08-07 16:15:51',0,4),(65,56,223,'2025-08-07 16:15:51',0,4),(66,56,224,'2025-08-07 16:15:51',0,4),(67,60,238,'2025-08-07 16:15:51',0,4),(68,62,245,'2025-08-07 16:15:52',0,4),(69,63,249,'2025-08-07 16:15:52',0,4),(70,65,258,'2025-08-07 16:15:52',0,4),(71,65,260,'2025-08-07 16:15:52',0,4),(72,69,273,'2025-08-07 16:15:52',0,4),(73,70,279,'2025-08-07 16:15:52',0,4),(74,74,293,'2025-08-07 16:15:52',0,4),(75,74,294,'2025-08-07 16:15:52',0,4),(76,74,295,'2025-08-07 16:15:52',0,4),(77,75,299,'2025-08-07 16:15:52',0,4),(78,75,300,'2025-08-07 16:15:52',0,4),(79,77,305,'2025-08-07 16:15:52',0,4),(80,79,315,'2025-08-07 16:15:52',0,4),(81,80,318,'2025-08-07 16:15:52',0,4),(82,81,322,'2025-08-07 16:15:52',0,4),(83,87,347,'2025-08-07 16:15:52',0,4),(84,89,353,'2025-08-07 16:15:52',0,4),(85,92,365,'2025-08-07 16:15:52',0,4),(86,96,381,'2025-08-07 16:15:52',0,4),(87,100,397,'2025-08-07 16:15:52',0,4),(88,117,NULL,'2025-08-07 16:16:52',0,5),(89,130,NULL,'2025-08-07 16:16:52',0,5),(90,139,NULL,'2025-08-07 16:16:52',0,5),(91,124,NULL,'2025-08-07 16:16:52',0,5),(92,110,NULL,'2025-08-07 16:16:53',0,5),(93,150,NULL,'2025-08-07 16:16:53',0,5),(94,120,NULL,'2025-08-07 16:16:53',0,5),(95,121,NULL,'2025-08-07 16:16:53',0,5),(96,137,NULL,'2025-08-07 16:16:53',0,5),(97,119,NULL,'2025-08-07 16:16:53',0,5),(98,141,NULL,'2025-08-07 16:16:53',0,5),(99,125,NULL,'2025-08-07 16:16:53',0,5),(100,140,NULL,'2025-08-07 16:16:53',0,5),(101,101,NULL,'2025-08-07 16:16:53',0,5),(102,129,NULL,'2025-08-07 16:16:53',0,5),(103,148,NULL,'2025-08-07 16:16:53',0,5),(104,108,NULL,'2025-08-07 16:16:53',0,5),(105,138,NULL,'2025-08-07 16:16:53',0,5),(106,132,NULL,'2025-08-07 16:16:53',0,5),(107,149,NULL,'2025-08-07 16:16:53',0,5),(108,156,621,'2025-08-08 12:06:21',0,6),(109,156,622,'2025-08-08 12:06:21',0,6),(110,156,623,'2025-08-08 12:06:21',0,6),(111,165,658,'2025-08-08 12:06:21',0,6),(112,171,683,'2025-08-08 12:06:21',0,6),(113,178,710,'2025-08-08 12:06:21',0,6),(114,201,800,'2025-08-08 12:06:21',0,6),(115,211,842,'2025-08-08 12:06:21',0,6),(116,216,860,'2025-08-08 12:06:21',0,6),(117,216,861,'2025-08-08 12:06:21',0,6),(118,216,863,'2025-08-08 12:06:21',0,6),(119,218,868,'2025-08-08 12:06:21',0,6),(120,218,869,'2025-08-08 12:06:21',0,6),(121,218,871,'2025-08-08 12:06:21',0,6),(122,231,922,'2025-08-08 12:06:21',0,6),(123,251,1001,'2025-08-08 12:06:21',0,6),(124,255,1018,'2025-08-08 12:06:21',0,6),(125,257,1026,'2025-08-08 12:06:21',0,6),(126,262,1044,'2025-08-08 12:06:21',0,6),(127,262,1045,'2025-08-08 12:06:21',0,6),(128,262,1046,'2025-08-08 12:06:21',0,6),(129,264,1052,'2025-08-08 12:06:21',0,6),(130,264,1053,'2025-08-08 12:06:22',0,6),(131,266,1061,'2025-08-08 12:06:22',0,6),(132,266,1062,'2025-08-08 12:06:22',0,6),(133,270,1076,'2025-08-08 12:06:22',0,6),(134,270,1078,'2025-08-08 12:06:22',0,6),(135,281,1120,'2025-08-08 12:06:22',0,6),(136,302,1207,'2025-08-08 12:06:22',0,6),(137,315,1256,'2025-08-08 12:06:22',0,6),(138,335,1337,'2025-08-08 12:06:22',0,6),(139,156,620,'2025-08-08 12:11:38',0,7),(140,156,621,'2025-08-08 12:11:38',0,7),(141,156,623,'2025-08-08 12:11:38',0,7),(142,182,726,'2025-08-08 12:11:38',0,7),(143,185,738,'2025-08-08 12:11:38',0,7),(144,201,802,'2025-08-08 12:11:38',0,7),(145,216,860,'2025-08-08 12:11:38',0,7),(146,216,862,'2025-08-08 12:11:38',0,7),(147,216,863,'2025-08-08 12:11:38',0,7),(148,218,869,'2025-08-08 12:11:38',0,7),(149,226,901,'2025-08-08 12:11:38',0,7),(150,226,902,'2025-08-08 12:11:38',0,7),(151,226,903,'2025-08-08 12:11:38',0,7),(152,241,961,'2025-08-08 12:11:38',0,7),(153,251,1001,'2025-08-08 12:11:38',0,7),(154,254,1012,'2025-08-08 12:11:38',0,7),(155,254,1013,'2025-08-08 12:11:38',0,7),(156,254,1014,'2025-08-08 12:11:38',0,7),(157,257,1025,'2025-08-08 12:11:38',0,7),(158,262,1044,'2025-08-08 12:11:38',0,7),(159,262,1045,'2025-08-08 12:11:38',0,7),(160,262,1046,'2025-08-08 12:11:38',0,7),(161,270,1077,'2025-08-08 12:11:38',0,7),(162,270,1078,'2025-08-08 12:11:38',0,7),(163,281,1120,'2025-08-08 12:11:38',0,7),(164,294,1172,'2025-08-08 12:11:38',0,7),(165,294,1174,'2025-08-08 12:11:38',0,7),(166,294,1175,'2025-08-08 12:11:38',0,7),(167,299,1195,'2025-08-08 12:11:38',0,7),(168,304,1214,'2025-08-08 12:11:38',0,7),(169,306,1220,'2025-08-08 12:11:38',0,7),(170,307,1227,'2025-08-08 12:11:38',0,7),(171,319,1273,'2025-08-08 12:11:38',0,7),(172,51,201,'2025-08-08 17:10:25',0,8),(173,53,211,'2025-08-08 17:10:26',0,8),(174,56,221,'2025-08-08 17:10:28',0,8),(175,56,222,'2025-08-08 17:10:28',0,8),(176,56,224,'2025-08-08 17:10:29',0,8),(177,59,233,'2025-08-08 17:10:30',0,8),(178,62,245,'2025-08-08 17:10:31',0,8),(179,64,253,'2025-08-08 17:10:32',0,8),(180,64,255,'2025-08-08 17:10:32',0,8),(181,65,257,'2025-08-08 17:10:33',0,8),(182,65,258,'2025-08-08 17:10:34',0,8),(183,69,273,'2025-08-08 17:10:34',0,8),(184,70,278,'2025-08-08 17:10:35',0,8),(185,73,292,'2025-08-08 17:10:36',0,8),(186,77,305,'2025-08-08 17:10:37',0,8),(187,78,309,'2025-08-08 17:10:37',0,8),(188,79,315,'2025-08-08 17:10:39',0,8),(189,80,318,'2025-08-08 17:10:40',0,8),(190,83,330,'2025-08-08 17:10:40',0,8),(191,86,341,'2025-08-08 17:10:41',0,8),(192,90,357,'2025-08-08 17:10:41',0,8),(193,91,362,'2025-08-08 17:10:42',0,8),(194,95,378,'2025-08-08 17:10:42',0,8),(195,95,379,'2025-08-08 17:10:43',0,8),(196,100,397,'2025-08-08 17:10:43',0,8),(197,103,410,'2025-08-13 11:50:04',0,9),(198,106,421,'2025-08-13 11:50:04',0,9),(199,110,436,'2025-08-13 11:50:04',0,9),(200,118,469,'2025-08-13 11:50:04',0,9),(201,119,473,'2025-08-13 11:50:04',0,9),(202,120,476,'2025-08-13 11:50:04',0,9),(203,123,488,'2025-08-13 11:50:04',0,9),(204,124,494,'2025-08-13 11:50:04',0,9),(205,125,497,'2025-08-13 11:50:04',0,9),(206,129,513,'2025-08-13 11:50:04',0,9),(207,130,516,'2025-08-13 11:50:04',0,9),(208,133,530,'2025-08-13 11:50:04',0,9),(209,135,536,'2025-08-13 11:50:04',0,9),(210,136,541,'2025-08-13 11:50:04',0,9),(211,139,553,'2025-08-13 11:50:04',0,9),(212,140,556,'2025-08-13 11:50:04',0,9),(213,142,567,'2025-08-13 11:50:04',0,9),(214,145,576,'2025-08-13 11:50:04',0,9),(215,145,578,'2025-08-13 11:50:05',0,9),(216,149,592,'2025-08-13 11:50:05',0,9),(217,150,596,'2025-08-13 11:50:05',0,9),(218,68,NULL,'2025-08-13 12:50:26',0,10),(219,100,NULL,'2025-08-13 12:50:26',0,10),(220,97,NULL,'2025-08-13 12:50:26',0,10),(221,91,NULL,'2025-08-13 12:50:26',0,10),(222,51,NULL,'2025-08-13 12:50:26',0,10),(223,79,NULL,'2025-08-13 12:50:26',0,10),(224,76,NULL,'2025-08-13 12:50:26',0,10),(225,52,NULL,'2025-08-13 12:50:26',0,10),(226,80,NULL,'2025-08-13 12:50:26',0,10),(227,69,NULL,'2025-08-13 12:50:26',0,10),(228,74,NULL,'2025-08-13 12:50:26',0,10),(229,59,NULL,'2025-08-13 12:50:26',0,10),(230,63,NULL,'2025-08-13 12:50:26',0,10),(231,70,NULL,'2025-08-13 12:50:26',0,10),(232,88,NULL,'2025-08-13 12:50:26',0,10),(233,81,NULL,'2025-08-13 12:50:26',0,10),(234,89,NULL,'2025-08-13 12:50:26',0,10),(235,62,NULL,'2025-08-13 12:50:26',0,10),(236,75,NULL,'2025-08-13 12:50:26',0,10),(237,57,NULL,'2025-08-13 12:50:26',0,10),(238,52,207,'2025-08-13 12:51:46',0,11),(239,53,210,'2025-08-13 12:51:46',0,11),(240,58,231,'2025-08-13 12:51:46',0,11),(241,59,233,'2025-08-13 12:51:46',0,11),(242,62,245,'2025-08-13 12:51:46',0,11),(243,64,253,'2025-08-13 12:51:46',0,11),(244,64,255,'2025-08-13 12:51:46',0,11),(245,66,261,'2025-08-13 12:51:46',0,11),(246,66,262,'2025-08-13 12:51:46',0,11),(247,66,263,'2025-08-13 12:51:46',0,11),(248,69,273,'2025-08-13 12:51:46',0,11),(249,70,278,'2025-08-13 12:51:46',0,11),(250,73,292,'2025-08-13 12:51:46',0,11),(251,77,305,'2025-08-13 12:51:46',0,11),(252,78,309,'2025-08-13 12:51:46',0,11),(253,79,315,'2025-08-13 12:51:46',0,11),(254,80,318,'2025-08-13 12:51:46',0,11),(255,82,328,'2025-08-13 12:51:46',0,11),(256,87,345,'2025-08-13 12:51:46',0,11),(257,90,357,'2025-08-13 12:51:46',0,11),(258,94,373,'2025-08-13 12:51:46',0,11),(259,94,374,'2025-08-13 12:51:46',0,11),(260,94,376,'2025-08-13 12:51:46',0,11),(261,97,385,'2025-08-13 12:51:46',0,11),(262,99,393,'2025-08-13 12:51:46',0,11),(263,101,404,'2025-08-18 09:58:04',0,12),(264,108,429,'2025-08-18 09:58:05',0,12),(265,109,433,'2025-08-18 09:58:06',0,12),(266,112,444,'2025-08-18 09:58:06',0,12),(267,117,464,'2025-08-18 09:58:06',0,12),(268,119,473,'2025-08-18 09:58:06',0,12),(269,120,476,'2025-08-18 09:58:07',0,12),(270,124,494,'2025-08-18 09:58:07',0,12),(271,127,504,'2025-08-18 09:58:08',0,12),(272,129,513,'2025-08-18 09:58:08',0,12),(273,130,516,'2025-08-18 09:58:09',0,12),(274,134,532,'2025-08-18 09:58:09',0,12),(275,135,536,'2025-08-18 09:58:10',0,12),(276,137,544,'2025-08-18 09:58:10',0,12),(277,139,553,'2025-08-18 09:58:11',0,12),(278,140,556,'2025-08-18 09:58:12',0,12),(279,143,569,'2025-08-18 09:58:12',0,12),(280,148,588,'2025-08-18 09:58:12',0,12),(281,149,592,'2025-08-18 09:58:13',0,12),(282,150,596,'2025-08-18 09:58:13',0,12);
/*!40000 ALTER TABLE `student_responses` ENABLE KEYS */;
UNLOCK TABLES;

--
-- Table structure for table `sub_menu`
--

DROP TABLE IF EXISTS `sub_menu`;
/*!40101 SET @saved_cs_client     = @@character_set_client */;
/*!50503 SET character_set_client = utf8mb4 */;
CREATE TABLE `sub_menu` (
  `submenu_id` int NOT NULL AUTO_INCREMENT,
  `name` varchar(255) DEFAULT NULL,
  `url` varchar(255) DEFAULT NULL,
  `style` varchar(255) DEFAULT NULL,
  `menu_id` int DEFAULT NULL,
  PRIMARY KEY (`submenu_id`),
  KEY `menu_id` (`menu_id`),
  CONSTRAINT `sub_menu_ibfk_1` FOREIGN KEY (`menu_id`) REFERENCES `menu` (`menu_id`)
) ENGINE=InnoDB AUTO_INCREMENT=13 DEFAULT CHARSET=utf8mb4 COLLATE=utf8mb4_0900_ai_ci;
/*!40101 SET character_set_client = @saved_cs_client */;

--
-- Dumping data for table `sub_menu`
--

LOCK TABLES `sub_menu` WRITE;
/*!40000 ALTER TABLE `sub_menu` DISABLE KEYS */;
INSERT INTO `sub_menu` VALUES (1,'','','',1),(2,'Create Subjects','createSubject','',2),(3,'Edit Subjects','viewSubjects','',2),(4,'','','',3),(5,'','','',4),(6,'','','',5),(7,'','','',6),(8,'','','',7),(9,'','','',8),(10,'','','',9),(11,'','','',10),(12,'','','',11);
/*!40000 ALTER TABLE `sub_menu` ENABLE KEYS */;
UNLOCK TABLES;

--
-- Table structure for table `subjects`
--

DROP TABLE IF EXISTS `subjects`;
/*!40101 SET @saved_cs_client     = @@character_set_client */;
/*!50503 SET character_set_client = utf8mb4 */;
CREATE TABLE `subjects` (
  `subject_id` int NOT NULL AUTO_INCREMENT,
  `subject_name` varchar(255) NOT NULL,
  `description` text,
  `created_date` datetime DEFAULT CURRENT_TIMESTAMP,
  `created_by` int NOT NULL,
  `status` enum('ACTIVE','INACTIVE') DEFAULT 'ACTIVE',
  PRIMARY KEY (`subject_id`),
  KEY `created_by` (`created_by`),
  CONSTRAINT `subjects_ibfk_1` FOREIGN KEY (`created_by`) REFERENCES `users` (`user_id`) ON DELETE CASCADE
) ENGINE=InnoDB AUTO_INCREMENT=5 DEFAULT CHARSET=utf8mb4 COLLATE=utf8mb4_0900_ai_ci;
/*!40101 SET character_set_client = @saved_cs_client */;

--
-- Dumping data for table `subjects`
--

LOCK TABLES `subjects` WRITE;
/*!40000 ALTER TABLE `subjects` DISABLE KEYS */;
INSERT INTO `subjects` VALUES (1,'C Programming','C is a foundational, procedural programming language widely used for system-level programming, embedded systems, and OS development. It emphasizes performance and memory control.','2025-07-15 14:50:47',2,'ACTIVE'),(2,'Python Programming','Python is a high-level, versatile programming language known for its readability and vast library support. It is widely used for web development, data science, automation, AI/ML, and scripting.','2025-07-15 14:51:01',2,'ACTIVE'),(3,'Java Programming','Java is an object-oriented, class-based programming language designed for portability and performance. It is heavily used in enterprise software, Android development, and backend systems.Java is an object-oriented, class-based programming language designed for portability and performance. It is heavily used in enterprise software, Android development, and backend systems.','2025-07-15 14:51:16',2,'INACTIVE'),(4,'Quantitative','This subject focus on using numerical data and mathematical models and analyzing, and interpreting measurable information to identify patterns, trends, and relationships within data.','2025-08-08 10:34:34',2,'ACTIVE');
/*!40000 ALTER TABLE `subjects` ENABLE KEYS */;
UNLOCK TABLES;

--
-- Table structure for table `subtopic_results`
--

DROP TABLE IF EXISTS `subtopic_results`;
/*!40101 SET @saved_cs_client     = @@character_set_client */;
/*!50503 SET character_set_client = utf8mb4 */;
CREATE TABLE `subtopic_results` (
  `subtopic_result_id` int NOT NULL AUTO_INCREMENT,
  `exam_result_id` int NOT NULL,
  `subtopic_id` int NOT NULL,
  `total_marks` int NOT NULL,
  `percentage` double NOT NULL,
  `passed` tinyint(1) DEFAULT NULL,
  `created_at` timestamp NULL DEFAULT CURRENT_TIMESTAMP,
  PRIMARY KEY (`subtopic_result_id`),
  KEY `exam_result_id` (`exam_result_id`),
  KEY `subtopic_id` (`subtopic_id`),
  CONSTRAINT `subtopic_results_ibfk_1` FOREIGN KEY (`exam_result_id`) REFERENCES `exam_results` (`result_id`),
  CONSTRAINT `subtopic_results_ibfk_2` FOREIGN KEY (`subtopic_id`) REFERENCES `subtopics` (`subtopic_id`)
) ENGINE=InnoDB AUTO_INCREMENT=81 DEFAULT CHARSET=utf8mb4 COLLATE=utf8mb4_0900_ai_ci;
/*!40101 SET character_set_client = @saved_cs_client */;

--
-- Dumping data for table `subtopic_results`
--

LOCK TABLES `subtopic_results` WRITE;
/*!40000 ALTER TABLE `subtopic_results` DISABLE KEYS */;
INSERT INTO `subtopic_results` VALUES (1,1,1,6,0,0,'2025-08-07 07:21:41'),(2,1,2,4,0,0,'2025-08-07 07:21:41'),(3,1,4,4,0,0,'2025-08-07 07:21:41'),(4,1,3,4,50,1,'2025-08-07 07:21:41'),(5,1,5,2,0,0,'2025-08-07 07:21:41'),(6,2,1,6,83.33,1,'2025-08-07 07:23:30'),(7,2,2,4,100,1,'2025-08-07 07:23:30'),(8,2,4,3,33.33,0,'2025-08-07 07:23:30'),(9,2,3,4,75,1,'2025-08-07 07:23:30'),(10,2,5,3,100,1,'2025-08-07 07:23:30'),(11,3,1,6,0,0,'2025-08-07 10:44:42'),(12,3,2,4,25,0,'2025-08-07 10:44:42'),(13,3,4,3,0,0,'2025-08-07 10:44:42'),(14,3,3,4,0,0,'2025-08-07 10:44:42'),(15,3,5,3,0,0,'2025-08-07 10:44:42'),(16,4,10,3,66.67,1,'2025-08-07 10:46:09'),(17,4,7,5,80,1,'2025-08-07 10:46:09'),(18,4,9,3,66.67,1,'2025-08-07 10:46:09'),(19,4,6,4,75,1,'2025-08-07 10:46:09'),(20,4,8,5,60,1,'2025-08-07 10:46:09'),(21,5,15,4,0,0,'2025-08-07 10:46:53'),(22,5,11,3,0,0,'2025-08-07 10:46:53'),(23,5,12,4,0,0,'2025-08-07 10:46:53'),(24,5,14,5,0,0,'2025-08-07 10:46:53'),(25,5,13,4,0,0,'2025-08-07 10:46:53'),(26,6,17,1,100,1,'2025-08-08 06:36:22'),(27,6,16,2,50,1,'2025-08-08 06:36:22'),(28,6,24,1,0,0,'2025-08-08 06:36:22'),(29,6,28,1,0,0,'2025-08-08 06:36:22'),(30,6,25,1,0,0,'2025-08-08 06:36:22'),(31,6,26,2,50,1,'2025-08-08 06:36:22'),(32,6,19,1,100,1,'2025-08-08 06:36:22'),(33,6,30,1,100,1,'2025-08-08 06:36:22'),(34,6,22,1,0,0,'2025-08-08 06:36:22'),(35,6,20,2,0,0,'2025-08-08 06:36:22'),(36,6,27,1,0,0,'2025-08-08 06:36:22'),(37,6,29,1,0,0,'2025-08-08 06:36:22'),(38,6,18,3,0,0,'2025-08-08 06:36:22'),(39,6,23,1,100,1,'2025-08-08 06:36:22'),(40,6,21,1,100,1,'2025-08-08 06:36:22'),(41,7,17,1,0,0,'2025-08-08 06:41:55'),(42,7,16,2,0,0,'2025-08-08 06:41:55'),(43,7,24,1,100,1,'2025-08-08 06:41:55'),(44,7,28,1,0,0,'2025-08-08 06:41:55'),(45,7,25,1,0,0,'2025-08-08 06:41:55'),(46,7,26,2,50,1,'2025-08-08 06:41:55'),(47,7,19,1,100,1,'2025-08-08 06:41:55'),(48,7,30,1,100,1,'2025-08-08 06:41:55'),(49,7,22,1,0,0,'2025-08-08 06:41:55'),(50,7,20,2,0,0,'2025-08-08 06:41:55'),(51,7,27,1,0,0,'2025-08-08 06:41:55'),(52,7,29,1,100,1,'2025-08-08 06:41:55'),(53,7,18,3,100,1,'2025-08-08 06:41:55'),(54,7,23,1,0,0,'2025-08-08 06:41:55'),(55,7,21,1,100,1,'2025-08-08 06:41:55'),(56,8,10,3,33.33,0,'2025-08-08 11:41:33'),(57,8,7,5,80,1,'2025-08-08 11:41:33'),(58,8,9,3,66.67,1,'2025-08-08 11:41:34'),(59,8,6,4,75,1,'2025-08-08 11:41:36'),(60,8,8,5,60,1,'2025-08-08 11:41:37'),(61,9,15,4,50,1,'2025-08-13 06:20:28'),(62,9,11,3,66.67,1,'2025-08-13 06:20:28'),(63,9,12,4,50,1,'2025-08-13 06:20:28'),(64,9,14,5,60,1,'2025-08-13 06:20:28'),(65,9,13,4,0,0,'2025-08-13 06:20:28'),(66,10,10,3,0,0,'2025-08-13 07:20:26'),(67,10,7,5,0,0,'2025-08-13 07:20:26'),(68,10,9,3,0,0,'2025-08-13 07:20:26'),(69,10,6,4,0,0,'2025-08-13 07:20:26'),(70,10,8,5,0,0,'2025-08-13 07:20:26'),(71,11,10,3,100,1,'2025-08-13 07:22:03'),(72,11,7,5,80,1,'2025-08-13 07:22:03'),(73,11,9,3,66.67,1,'2025-08-13 07:22:03'),(74,11,6,4,75,1,'2025-08-13 07:22:03'),(75,11,8,5,60,1,'2025-08-13 07:22:03'),(76,12,15,4,100,1,'2025-08-18 04:28:57'),(77,12,11,3,66.67,1,'2025-08-18 04:28:58'),(78,12,12,4,75,1,'2025-08-18 04:28:58'),(79,12,14,5,100,1,'2025-08-18 04:28:59'),(80,12,13,4,25,0,'2025-08-18 04:28:59');
/*!40000 ALTER TABLE `subtopic_results` ENABLE KEYS */;
UNLOCK TABLES;

--
-- Table structure for table `subtopics`
--

DROP TABLE IF EXISTS `subtopics`;
/*!40101 SET @saved_cs_client     = @@character_set_client */;
/*!50503 SET character_set_client = utf8mb4 */;
CREATE TABLE `subtopics` (
  `subtopic_id` int NOT NULL AUTO_INCREMENT,
  `subject_id` int NOT NULL,
  `name` varchar(100) NOT NULL,
  PRIMARY KEY (`subtopic_id`),
  KEY `subject_id` (`subject_id`),
  CONSTRAINT `subtopics_ibfk_1` FOREIGN KEY (`subject_id`) REFERENCES `subjects` (`subject_id`) ON DELETE CASCADE
) ENGINE=InnoDB AUTO_INCREMENT=31 DEFAULT CHARSET=utf8mb4 COLLATE=utf8mb4_0900_ai_ci;
/*!40101 SET character_set_client = @saved_cs_client */;

--
-- Dumping data for table `subtopics`
--

LOCK TABLES `subtopics` WRITE;
/*!40000 ALTER TABLE `subtopics` DISABLE KEYS */;
INSERT INTO `subtopics` VALUES (1,1,'Data Types and Operators'),(2,1,'Control Flow Statements'),(3,1,'Functions'),(4,1,'Pointers and Memory Management'),(5,1,'Structures and Unions'),(6,2,'Python Basics'),(7,2,'Control Structures'),(8,2,'Functions and Modules'),(9,2,'Object-Oriented Programming (OOP)'),(10,2,'File Handling'),(11,3,'Java Basics'),(12,3,'Control Flow & Loops'),(13,3,'Classes and Objects'),(14,3,'Exception Handling'),(15,3,'Collections Framework'),(16,4,'Number Systems'),(17,4,'Percentages'),(18,4,'Ratio & Proportion'),(19,4,'Averages'),(20,4,'Time, Speed, Distance'),(21,4,'Time and Work'),(22,4,'Profit and Loss'),(23,4,'Simple & Compound Interest'),(24,4,'Data Interpretation'),(25,4,'Logical Puzzles'),(26,4,'Blood Relations'),(27,4,'Coding-Decoding'),(28,4,'Direction Sense'),(29,4,'Reading Comprehension'),(30,4,'Flowchart & Pseudocode');
/*!40000 ALTER TABLE `subtopics` ENABLE KEYS */;
UNLOCK TABLES;

--
-- Table structure for table `users`
--

DROP TABLE IF EXISTS `users`;
/*!40101 SET @saved_cs_client     = @@character_set_client */;
/*!50503 SET character_set_client = utf8mb4 */;
CREATE TABLE `users` (
  `user_id` int NOT NULL AUTO_INCREMENT,
  `name` varchar(255) NOT NULL,
  `email` varchar(255) NOT NULL,
  `password` varchar(255) NOT NULL,
  `date_of_birth` datetime(6) DEFAULT NULL,
  `phone` varchar(10) DEFAULT NULL,
  `status` enum('PENDING','APPROVED','REJECTED') DEFAULT 'PENDING',
  `created_at` datetime DEFAULT CURRENT_TIMESTAMP,
  `role_id` int DEFAULT NULL,
  `is_active` tinyint(1) DEFAULT '0',
  `is_locked` tinyint(1) DEFAULT '0',
  PRIMARY KEY (`user_id`),
  UNIQUE KEY `email` (`email`),
  KEY `role_id` (`role_id`),
  CONSTRAINT `users_ibfk_1` FOREIGN KEY (`role_id`) REFERENCES `role` (`role_id`) ON DELETE CASCADE
) ENGINE=InnoDB AUTO_INCREMENT=13 DEFAULT CHARSET=utf8mb4 COLLATE=utf8mb4_0900_ai_ci;
/*!40101 SET character_set_client = @saved_cs_client */;

--
-- Dumping data for table `users`
--

LOCK TABLES `users` WRITE;
/*!40000 ALTER TABLE `users` DISABLE KEYS */;
INSERT INTO `users` VALUES (2,'Kavya Kollareddy','kavya@gmail.com','$2a$12$Rf7GEap0pCh3ugRWZiMuC.r48cvAfdC.XMi7u7DA4NfP7RkUnThpm','2003-01-14 00:00:00.000000','9876543210','APPROVED','2025-05-19 01:58:58',1,1,0),(3,'Suresh','suresh@gmail.com','$2a$10$7NljrHrHv6airwrDY0UdSOjWFJ2iincSundawRhw51wzxmdou6vMW',NULL,NULL,'PENDING','2025-05-19 02:41:16',2,1,0),(4,'Pavan','pavan@gmail.com','$2a$10$8fTInYmoWQeo01NZPqEDIuEmg6.U.EUdagcZSUB5qdiNoD2ccnIDS',NULL,NULL,'PENDING','2025-05-19 02:43:27',3,1,0),(5,'Venkat','venkat@gmail.com','$2a$10$axnT7ul7psTbKHXw.TaReeYV9Gy.X6JiiKLMleZa1I7lme1C1Frui',NULL,NULL,'PENDING','2025-05-19 02:47:20',2,1,0),(6,'Hardhik','hardhikreddy1@gmail.com','$2a$10$5wsmCeINqk3Y27irtJZ5mOFtHoYLLFS1rrbyEqZpeNZXiymPdkrBO',NULL,NULL,'PENDING','2025-05-19 06:46:58',3,1,0),(7,'Manohar','kavya.chitti2003@gmail.com','$2a$10$dxeXN6VFctkZ00aC54iZ6.oN/VGimAiWilKKC0Unm8TBX6FDJ/7VO',NULL,NULL,'PENDING','2025-05-19 07:14:24',3,1,0),(8,'Swarupa','swarupa@gmail.com','$2a$10$tk6NVz1nUSN3B/UXb4jruewfh4/Qe59T50SzJzlrryqbzZJKyrEoO',NULL,NULL,'PENDING','2025-06-25 00:14:23',2,1,0),(9,'Venkat Ramayya','avr280903@gmail.com','$2a$10$F6kPULrFgFStZMEFWUGVVeq8flPOpTnCcnOq6USRzxuqhOcaDY/l.',NULL,NULL,'PENDING','2025-07-03 01:29:30',3,1,0),(10,'Kavya','kavyakollareddy141@gmail.com','$2a$10$.tqiUH/0gyLbSGX0WeiGq.8FfHRIj57E24L3k2Og0sW8..JmIAY0y',NULL,NULL,'PENDING','2025-07-09 07:00:46',3,1,0),(11,'kkr','kkr@s.com','$2a$10$OVetgkwCVS/IJ3Fz70mXCu26Dcd88k9xQVoFzI00Kk36exXnj89l.',NULL,NULL,'PENDING','2025-08-08 17:05:15',3,1,0),(12,'saketh','saketh@gmail.com','$2a$10$EidTOE09kkyxxQza/Lgs2uJ1J13sp.BWru/62UD/DCOCdl32L2cU6',NULL,NULL,'PENDING','2025-08-18 09:22:22',2,0,0);
/*!40000 ALTER TABLE `users` ENABLE KEYS */;
UNLOCK TABLES;
/*!40103 SET TIME_ZONE=@OLD_TIME_ZONE */;

/*!40101 SET SQL_MODE=@OLD_SQL_MODE */;
/*!40014 SET FOREIGN_KEY_CHECKS=@OLD_FOREIGN_KEY_CHECKS */;
/*!40014 SET UNIQUE_CHECKS=@OLD_UNIQUE_CHECKS */;
/*!40101 SET CHARACTER_SET_CLIENT=@OLD_CHARACTER_SET_CLIENT */;
/*!40101 SET CHARACTER_SET_RESULTS=@OLD_CHARACTER_SET_RESULTS */;
/*!40101 SET COLLATION_CONNECTION=@OLD_COLLATION_CONNECTION */;
/*!40111 SET SQL_NOTES=@OLD_SQL_NOTES */;

-- Dump completed on 2025-08-18 11:53:55
